timestamp,instrument,price,decision,action,units,equity,position,daily_bias,reason
2026-09-19T21:58:46.075666+00:00,XAU_USD,4378.385,none,none,0,959.5304,0.0,1,no signal
2026-09-19T21:58:46.397339+00:00,EUR_USD,1.14863,none,none,0,959.5304,0.0,-1,no signal
2026-09-19T21:58:46.719029+00:00,GBP_USD,1.33943,none,none,0,959.5304,0.0,-1,no signal
2026-09-19T22:15:16.037777+00:00,XAU_USD,4378.385,none,none,0,959.5304,0.0,1,no signal
2026-09-19T22:15:16.590543+00:00,EUR_USD,1.14863,none,none,0,959.5304,0.0,-1,no signal
2026-09-19T22:15:17.498750+00:00,GBP_USD,1.33943,none,none,0,959.5304,0.0,-1,no signal
2026-09-19T22:27:52.203390+00:00,XAU_USD,4378.385,none,none,0,959.5304,0.0,1,no signal
2026-09-19T22:27:52.588726+00:00,EUR_USD,1.14863,none,none,0,959.5304,0.0,-1,no signal
2026-09-19T22:27:53.045097+00:00,GBP_USD,1.33943,none,none,0,959.5304,0.0,-1,no signal
2026-09-19T22:39:33.334880+00:00,XAU_USD,4378.385,none,none,0,959.5304,0.0,1,no signal
2026-09-19T22:39:33.723340+00:00,EUR_USD,1.14863,none,none,0,959.5304,0.0,-1,no signal
2026-09-19T22:39:34.152315+00:00,GBP_USD,1.33943,none,none,0,959.5304,0.0,-1,no signal
2026-09-19T22:49:29.908401+00:00,XAU_USD,4378.385,none,none,0,959.5304,0.0,1,no signal
2026-09-19T22:49:30.329565+00:00,EUR_USD,1.14863,none,none,0,959.5304,0.0,-1,no signal
2026-09-19T22:49:30.710291+00:00,GBP_USD,1.33943,none,none,0,959.5304,0.0,-1,no signal
2026-09-19T22:58:47.884860+00:00,XAU_USD,4378.385,none,none,0,959.5304,0.0,1,no signal
2026-09-19T22:58:48.520827+00:00,EUR_USD,1.14863,none,none,0,959.5304,0.0,-1,no signal
2026-09-19T22:58:48.863124+00:00,GBP_USD,1.33943,none,none,0,959.5304,0.0,-1,no signal
2026-09-19T23:13:58.966947+00:00,XAU_USD,4378.385,none,none,0,959.5304,0.0,1,no signal
2026-09-19T23:13:59.430993+00:00,EUR_USD,1.14863,none,none,0,959.5304,0.0,-1,no signal
2026-09-19T23:14:00.073474+00:00,GBP_USD,1.33943,none,none,0,959.5304,0.0,-1,no signal
2026-09-19T23:25:38.170103+00:00,XAU_USD,4378.385,none,none,0,959.5304,0.0,1,no signal
2026-09-19T23:25:38.971166+00:00,EUR_USD,1.14863,none,none,0,959.5304,0.0,-1,no signal
2026-09-19T23:25:39.300253+00:00,GBP_USD,1.33943,none,none,0,959.5304,0.0,-1,no signal
2026-09-19T23:35:57.181325+00:00,XAU_USD,4378.385,none,none,0,959.5304,0.0,1,no signal
2026-09-19T23:35:57.388859+00:00,EUR_USD,1.14863,none,none,0,959.5304,0.0,-1,no signal
2026-09-19T23:35:57.628505+00:00,GBP_USD,1.33943,none,none,0,959.5304,0.0,-1,no signal
2026-09-19T23:45:40.051656+00:00,XAU_USD,4378.385,none,none,0,959.5304,0.0,1,no signal
2026-09-19T23:45:40.193920+00:00,EUR_USD,1.14863,none,none,0,959.5304,0.0,-1,no signal
2026-09-19T23:45:40.339859+00:00,GBP_USD,1.33943,none,none,0,959.5304,0.0,-1,no signal
2026-09-19T23:54:58.943663+00:00,XAU_USD,4378.385,none,none,0,959.5304,0.0,1,no signal
2026-09-19T23:54:59.315829+00:00,EUR_USD,1.14863,none,none,0,959.5304,0.0,-1,no signal
2026-09-19T23:54:59.491014+00:00,GBP_USD,1.33943,none,none,0,959.5304,0.0,-1,no signal
2026-09-20T00:12:15.684772+00:00,XAU_USD,4378.385,none,none,0,959.5304,0.0,1,no signal
2026-09-20T00:12:16.104514+00:00,EUR_USD,1.14863,none,none,0,959.5304,0.0,-1,no signal
2026-09-20T00:12:16.319944+00:00,GBP_USD,1.33943,none,none,0,959.5304,0.0,-1,no signal
2026-09-20T00:34:58.625607+00:00,XAU_USD,4378.385,none,none,0,959.5304,0.0,1,no signal
2026-09-20T00:34:58.953615+00:00,EUR_USD,1.14863,none,none,0,959.5304,0.0,-1,no signal
2026-09-20T00:34:59.283090+00:00,GBP_USD,1.33943,none,none,0,959.5304,0.0,-1,no signal
2026-09-20T00:50:41.118079+00:00,XAU_USD,4378.385,none,none,0,959.5304,0.0,1,no signal
2026-09-20T00:50:41.304924+00:00,EUR_USD,1.14863,none,none,0,959.5304,0.0,-1,no signal
2026-09-20T00:50:41.537860+00:00,GBP_USD,1.33943,none,none,0,959.5304,0.0,-1,no signal
2026-09-20T01:00:36.663334+00:00,XAU_USD,4378.385,none,none,0,959.5304,0.0,1,no signal
2026-09-20T01:00:36.972971+00:00,EUR_USD,1.14863,none,none,0,959.5304,0.0,-1,no signal
2026-09-20T01:00:37.129362+00:00,GBP_USD,1.33943,none,none,0,959.5304,0.0,-1,no signal
2026-09-20T01:16:26.096189+00:00,XAU_USD,4378.385,none,none,0,959.5304,0.0,1,no signal
2026-09-20T01:16:26.763427+00:00,EUR_USD,1.14863,none,none,0,959.5304,0.0,-1,no signal
2026-09-20T01:16:26.919377+00:00,GBP_USD,1.33943,none,none,0,959.5304,0.0,-1,no signal
2026-09-20T01:30:06.115598+00:00,XAU_USD,4378.385,none,none,0,959.5304,0.0,1,no signal
2026-09-20T01:30:06.501904+00:00,EUR_USD,1.14863,none,none,0,959.5304,0.0,-1,no signal
2026-09-20T01:30:08.082716+00:00,GBP_USD,1.33943,none,none,0,959.5304,0.0,-1,no signal
2026-09-20T01:42:37.749735+00:00,XAU_USD,4378.385,none,none,0,959.5304,0.0,1,no signal
2026-09-20T01:42:37.926441+00:00,EUR_USD,1.14863,none,none,0,959.5304,0.0,-1,no signal
2026-09-20T01:42:38.099035+00:00,GBP_USD,1.33943,none,none,0,959.5304,0.0,-1,no signal
2026-09-20T01:53:02.652612+00:00,XAU_USD,4378.385,none,none,0,959.5304,0.0,1,no signal
2026-09-20T01:53:03.020189+00:00,EUR_USD,1.14863,none,none,0,959.5304,0.0,-1,no signal
2026-09-20T01:53:03.310505+00:00,GBP_USD,1.33943,none,none,0,959.5304,0.0,-1,no signal
2026-09-20T02:04:37.240139+00:00,XAU_USD,4378.385,none,none,0,959.5304,0.0,1,no signal
2026-09-20T02:04:38.080358+00:00,EUR_USD,1.14863,none,none,0,959.5304,0.0,-1,no signal
2026-09-20T02:04:38.900683+00:00,GBP_USD,1.33943,none,none,0,959.5304,0.0,-1,no signal
2026-09-20T02:21:19.529792+00:00,XAU_USD,4378.385,none,none,0,959.5304,0.0,1,no signal
2026-09-20T02:21:19.704589+00:00,EUR_USD,1.14863,none,none,0,959.5304,0.0,-1,no signal
2026-09-20T02:21:20.344449+00:00,GBP_USD,1.33943,none,none,0,959.5304,0.0,-1,no signal
2026-09-20T02:34:07.470191+00:00,XAU_USD,4378.385,none,none,0,959.5304,0.0,1,no signal
2026-09-20T02:34:07.594899+00:00,EUR_USD,1.14863,none,none,0,959.5304,0.0,-1,no signal
2026-09-20T02:34:07.730199+00:00,GBP_USD,1.33943,none,none,0,959.5304,0.0,-1,no signal
2026-09-20T02:46:23.062467+00:00,XAU_USD,4378.385,none,none,0,959.5304,0.0,1,no signal
2026-09-20T02:46:23.433479+00:00,EUR_USD,1.14863,none,none,0,959.5304,0.0,-1,no signal
2026-09-20T02:46:23.779511+00:00,GBP_USD,1.33943,none,none,0,959.5304,0.0,-1,no signal
2026-09-20T02:56:20.577333+00:00,XAU_USD,4378.385,none,none,0,959.5304,0.0,1,no signal
2026-09-20T02:56:20.758602+00:00,EUR_USD,1.14863,none,none,0,959.5304,0.0,-1,no signal
2026-09-20T02:56:20.949241+00:00,GBP_USD,1.33943,none,none,0,959.5304,0.0,-1,no signal
2026-09-20T03:11:34.167216+00:00,XAU_USD,4378.385,none,none,0,959.5304,0.0,1,no signal
2026-09-20T03:11:34.846916+00:00,EUR_USD,1.14863,none,none,0,959.5304,0.0,-1,no signal
2026-09-20T03:11:35.034187+00:00,GBP_USD,1.33943,none,none,0,959.5304,0.0,-1,no signal
2026-09-20T03:27:46.679901+00:00,XAU_USD,4378.385,none,none,0,959.5304,0.0,1,no signal
2026-09-20T03:27:47.783053+00:00,EUR_USD,1.14863,none,none,0,959.5304,0.0,-1,no signal
2026-09-20T03:27:47.933101+00:00,GBP_USD,1.33943,none,none,0,959.5304,0.0,-1,no signal
2026-09-20T03:41:37.839543+00:00,XAU_USD,4378.385,none,none,0,959.5304,0.0,1,no signal
2026-09-20T03:41:38.007280+00:00,EUR_USD,1.14863,none,none,0,959.5304,0.0,-1,no signal
2026-09-20T03:41:38.181564+00:00,GBP_USD,1.33943,none,none,0,959.5304,0.0,-1,no signal
2026-09-20T03:53:11.354744+00:00,XAU_USD,4378.385,none,none,0,959.5304,0.0,1,no signal
2026-09-20T03:53:11.543018+00:00,EUR_USD,1.14863,none,none,0,959.5304,0.0,-1,no signal
2026-09-20T03:53:11.746658+00:00,GBP_USD,1.33943,none,none,0,959.5304,0.0,-1,no signal
2026-09-20T04:04:37.032949+00:00,XAU_USD,4378.385,none,none,0,959.5304,0.0,1,no signal
2026-09-20T04:04:37.627759+00:00,EUR_USD,1.14863,none,none,0,959.5304,0.0,-1,no signal
2026-09-20T04:04:37.787634+00:00,GBP_USD,1.33943,none,none,0,959.5304,0.0,-1,no signal
2026-09-20T04:21:21.738294+00:00,XAU_USD,4378.385,none,none,0,959.5304,0.0,1,no signal
2026-09-20T04:21:21.924906+00:00,EUR_USD,1.14863,none,none,0,959.5304,0.0,-1,no signal
2026-09-20T04:21:22.156470+00:00,GBP_USD,1.33943,none,none,0,959.5304,0.0,-1,no signal
2026-09-20T04:34:50.607914+00:00,XAU_USD,4378.385,none,none,0,959.5304,0.0,1,no signal
2026-09-20T04:34:51.121267+00:00,EUR_USD,1.14863,none,none,0,959.5304,0.0,-1,no signal
2026-09-20T04:34:51.330677+00:00,GBP_USD,1.33943,none,none,0,959.5304,0.0,-1,no signal
2026-09-20T04:46:46.451555+00:00,XAU_USD,4378.385,none,none,0,959.5304,0.0,1,no signal
2026-09-20T04:46:46.608916+00:00,EUR_USD,1.14863,none,none,0,959.5304,0.0,-1,no signal
2026-09-20T04:46:46.792699+00:00,GBP_USD,1.33943,none,none,0,959.5304,0.0,-1,no signal
2026-09-20T04:56:33.065058+00:00,XAU_USD,4378.385,none,none,0,959.5304,0.0,1,no signal
2026-09-20T04:56:33.399500+00:00,EUR_USD,1.14863,none,none,0,959.5304,0.0,-1,no signal
2026-09-20T04:56:33.582630+00:00,GBP_USD,1.33943,none,none,0,959.5304,0.0,-1,no signal
2026-09-20T05:11:11.536178+00:00,XAU_USD,4378.385,none,none,0,959.5304,0.0,1,no signal
2026-09-20T05:11:11.849852+00:00,EUR_USD,1.14863,none,none,0,959.5304,0.0,-1,no signal
2026-09-20T05:11:12.500986+00:00,GBP_USD,1.33943,none,none,0,959.5304,0.0,-1,no signal
2026-09-20T05:24:48.485023+00:00,XAU_USD,4378.385,none,none,0,959.5304,0.0,1,no signal
2026-09-20T05:24:48.826835+00:00,EUR_USD,1.14863,none,none,0,959.5304,0.0,-1,no signal
2026-09-20T05:24:49.149498+00:00,GBP_USD,1.33943,none,none,0,959.5304,0.0,-1,no signal
2026-09-20T05:37:36.302902+00:00,XAU_USD,4378.385,none,none,0,959.5304,0.0,1,no signal
2026-09-20T05:37:36.727689+00:00,EUR_USD,1.14863,none,none,0,959.5304,0.0,-1,no signal
2026-09-20T05:37:37.057720+00:00,GBP_USD,1.33943,none,none,0,959.5304,0.0,-1,no signal
2026-09-20T05:48:15.036614+00:00,XAU_USD,4378.385,none,none,0,959.5304,0.0,1,no signal
2026-09-20T05:48:15.426899+00:00,EUR_USD,1.14863,none,none,0,959.5304,0.0,-1,no signal
2026-09-20T05:48:15.817771+00:00,GBP_USD,1.33943,none,none,0,959.5304,0.0,-1,no signal
2026-09-20T05:57:37.235536+00:00,XAU_USD,4378.385,none,none,0,959.5304,0.0,1,no signal
2026-09-20T05:57:37.620113+00:00,EUR_USD,1.14863,none,none,0,959.5304,0.0,-1,no signal
2026-09-20T05:57:37.958317+00:00,GBP_USD,1.33943,none,none,0,959.5304,0.0,-1,no signal
2026-09-20T06:17:03.648265+00:00,XAU_USD,4378.385,none,none,0,959.5304,0.0,1,no signal
2026-09-20T06:17:04.549045+00:00,EUR_USD,1.14863,none,none,0,959.5304,0.0,-1,no signal
2026-09-20T06:17:04.705715+00:00,GBP_USD,1.33943,none,none,0,959.5304,0.0,-1,no signal
2026-09-20T06:36:04.982011+00:00,XAU_USD,4378.385,none,none,0,959.5304,0.0,1,no signal
2026-09-20T06:36:05.315870+00:00,EUR_USD,1.14863,none,none,0,959.5304,0.0,-1,no signal
2026-09-20T06:36:05.619674+00:00,GBP_USD,1.33943,none,none,0,959.5304,0.0,-1,no signal
2026-09-20T06:50:43.627350+00:00,XAU_USD,4378.385,none,none,0,959.5304,0.0,1,no signal
2026-09-20T06:50:44.014000+00:00,EUR_USD,1.14863,none,none,0,959.5304,0.0,-1,no signal
2026-09-20T06:50:44.386944+00:00,GBP_USD,1.33943,none,none,0,959.5304,0.0,-1,no signal
2026-09-20T07:00:14.462927+00:00,XAU_USD,4378.385,none,none,0,959.5304,0.0,1,no signal
2026-09-20T07:00:14.632057+00:00,EUR_USD,1.14863,none,none,0,959.5304,0.0,-1,no signal
2026-09-20T07:00:17.660192+00:00,GBP_USD,1.33943,none,none,0,959.5304,0.0,-1,no signal
2026-09-20T07:16:55.471198+00:00,XAU_USD,4378.385,none,none,0,959.5304,0.0,1,no signal
2026-09-20T07:16:55.858696+00:00,EUR_USD,1.14863,none,none,0,959.5304,0.0,-1,no signal
2026-09-20T07:16:56.215476+00:00,GBP_USD,1.33943,none,none,0,959.5304,0.0,-1,no signal
2026-09-20T07:29:58.613119+00:00,XAU_USD,4378.385,none,none,0,959.5304,0.0,1,no signal
2026-09-20T07:29:58.760186+00:00,EUR_USD,1.14863,none,none,0,959.5304,0.0,-1,no signal
2026-09-20T07:29:59.038109+00:00,GBP_USD,1.33943,none,none,0,959.5304,0.0,-1,no signal
2026-09-20T07:42:28.266008+00:00,XAU_USD,4378.385,none,none,0,959.5304,0.0,1,no signal
2026-09-20T07:42:28.643429+00:00,EUR_USD,1.14863,none,none,0,959.5304,0.0,-1,no signal
2026-09-20T07:42:28.971460+00:00,GBP_USD,1.33943,none,none,0,959.5304,0.0,-1,no signal
2026-09-20T07:52:07.636105+00:00,XAU_USD,4378.385,none,none,0,959.5304,0.0,1,no signal
2026-09-20T07:52:07.776304+00:00,EUR_USD,1.14863,none,none,0,959.5304,0.0,-1,no signal
2026-09-20T07:52:07.955480+00:00,GBP_USD,1.33943,none,none,0,959.5304,0.0,-1,no signal
2026-09-20T08:02:53.945139+00:00,XAU_USD,4378.385,none,none,0,959.5304,0.0,1,no signal
2026-09-20T08:02:54.093460+00:00,EUR_USD,1.14863,none,none,0,959.5304,0.0,-1,no signal
2026-09-20T08:02:54.307338+00:00,GBP_USD,1.33943,none,none,0,959.5304,0.0,-1,no signal
2026-09-20T08:20:37.629560+00:00,XAU_USD,4378.385,none,none,0,959.5304,0.0,1,no signal
2026-09-20T08:20:39.229865+00:00,EUR_USD,1.14863,none,none,0,959.5304,0.0,-1,no signal
2026-09-20T08:20:39.427341+00:00,GBP_USD,1.33943,none,none,0,959.5304,0.0,-1,no signal
2026-09-20T08:33:36.730713+00:00,XAU_USD,4378.385,none,none,0,959.5304,0.0,1,no signal
2026-09-20T08:33:37.620843+00:00,EUR_USD,1.14863,none,none,0,959.5304,0.0,-1,no signal
2026-09-20T08:33:38.328446+00:00,GBP_USD,1.33943,none,none,0,959.5304,0.0,-1,no signal
2026-09-20T08:46:30.954314+00:00,XAU_USD,4378.385,none,none,0,959.5304,0.0,1,no signal
2026-09-20T08:46:31.283407+00:00,EUR_USD,1.14863,none,none,0,959.5304,0.0,-1,no signal
2026-09-20T08:46:31.635184+00:00,GBP_USD,1.33943,none,none,0,959.5304,0.0,-1,no signal
2026-09-20T08:55:18.352771+00:00,XAU_USD,4378.385,none,none,0,959.5304,0.0,1,no signal
2026-09-20T08:55:18.837571+00:00,EUR_USD,1.14863,none,none,0,959.5304,0.0,-1,no signal
2026-09-20T08:55:19.238820+00:00,GBP_USD,1.33943,none,none,0,959.5304,0.0,-1,no signal
2026-09-20T09:08:58.563891+00:00,XAU_USD,4378.385,none,none,0,959.5304,0.0,1,no signal
2026-09-20T09:08:59.206112+00:00,EUR_USD,1.14863,none,none,0,959.5304,0.0,-1,no signal
2026-09-20T09:08:59.437243+00:00,GBP_USD,1.33943,none,none,0,959.5304,0.0,-1,no signal
2026-09-20T09:23:17.474425+00:00,XAU_USD,4378.385,none,none,0,959.5304,0.0,1,no signal
2026-09-20T09:23:17.594149+00:00,EUR_USD,1.14863,none,none,0,959.5304,0.0,-1,no signal
2026-09-20T09:23:17.728384+00:00,GBP_USD,1.33943,none,none,0,959.5304,0.0,-1,no signal
2026-09-20T09:35:22.323562+00:00,XAU_USD,4378.385,none,none,0,959.5304,0.0,1,no signal
2026-09-20T09:35:22.690426+00:00,EUR_USD,1.14863,none,none,0,959.5304,0.0,-1,no signal
2026-09-20T09:35:23.812615+00:00,GBP_USD,1.33943,none,none,0,959.5304,0.0,-1,no signal
2026-09-20T09:45:54.048032+00:00,XAU_USD,4378.385,none,none,0,959.5304,0.0,1,no signal
2026-09-20T09:45:54.602523+00:00,EUR_USD,1.14863,none,none,0,959.5304,0.0,-1,no signal
2026-09-20T09:45:54.927403+00:00,GBP_USD,1.33943,none,none,0,959.5304,0.0,-1,no signal
2026-09-20T09:55:21.002136+00:00,XAU_USD,4378.385,none,none,0,959.5304,0.0,1,no signal
2026-09-20T09:55:21.153564+00:00,EUR_USD,1.14863,none,none,0,959.5304,0.0,-1,no signal
2026-09-20T09:55:21.719473+00:00,GBP_USD,1.33943,none,none,0,959.5304,0.0,-1,no signal
2026-09-20T10:08:58.798143+00:00,XAU_USD,4378.385,none,none,0,959.5304,0.0,1,no signal
2026-09-20T10:08:59.073070+00:00,EUR_USD,1.14863,none,none,0,959.5304,0.0,-1,no signal
2026-09-20T10:08:59.269819+00:00,GBP_USD,1.33943,none,none,0,959.5304,0.0,-1,no signal
2026-09-20T10:23:11.135361+00:00,XAU_USD,4378.385,none,none,0,959.5304,0.0,1,no signal
2026-09-20T10:23:11.362833+00:00,EUR_USD,1.14863,none,none,0,959.5304,0.0,-1,no signal
2026-09-20T10:23:11.524854+00:00,GBP_USD,1.33943,none,none,0,959.5304,0.0,-1,no signal
2026-09-20T10:35:37.155095+00:00,XAU_USD,4378.385,none,none,0,959.5304,0.0,1,no signal
2026-09-20T10:35:37.386067+00:00,EUR_USD,1.14863,none,none,0,959.5304,0.0,-1,no signal
2026-09-20T10:35:37.829340+00:00,GBP_USD,1.33943,none,none,0,959.5304,0.0,-1,no signal
2026-09-20T10:46:04.481685+00:00,XAU_USD,4378.385,none,none,0,959.5304,0.0,1,no signal
2026-09-20T10:46:04.939691+00:00,EUR_USD,1.14863,none,none,0,959.5304,0.0,-1,no signal
2026-09-20T10:46:05.306834+00:00,GBP_USD,1.33943,none,none,0,959.5304,0.0,-1,no signal
2026-09-20T10:55:29.985032+00:00,XAU_USD,4378.385,none,none,0,959.5304,0.0,1,no signal
2026-09-20T10:55:30.876249+00:00,EUR_USD,1.14863,none,none,0,959.5304,0.0,-1,no signal
2026-09-20T10:55:31.084690+00:00,GBP_USD,1.33943,none,none,0,959.5304,0.0,-1,no signal
2026-09-20T11:08:59.505862+00:00,XAU_USD,4378.385,none,none,0,959.5304,0.0,1,no signal
2026-09-20T11:08:59.851747+00:00,EUR_USD,1.14863,none,none,0,959.5304,0.0,-1,no signal
2026-09-20T11:09:00.239934+00:00,GBP_USD,1.33943,none,none,0,959.5304,0.0,-1,no signal
2026-09-20T11:22:42.225776+00:00,XAU_USD,4378.385,none,none,0,959.5304,0.0,1,no signal
2026-09-20T11:22:42.460978+00:00,EUR_USD,1.14863,none,none,0,959.5304,0.0,-1,no signal
2026-09-20T11:22:42.653911+00:00,GBP_USD,1.33943,none,none,0,959.5304,0.0,-1,no signal
2026-09-20T11:34:22.276427+00:00,XAU_USD,4378.385,none,none,0,959.5304,0.0,1,no signal
2026-09-20T11:34:23.135094+00:00,EUR_USD,1.14863,none,none,0,959.5304,0.0,-1,no signal
2026-09-20T11:34:23.580330+00:00,GBP_USD,1.33943,none,none,0,959.5304,0.0,-1,no signal
2026-09-20T11:44:43.739027+00:00,XAU_USD,4378.385,none,none,0,959.5304,0.0,1,no signal
2026-09-20T11:44:43.990694+00:00,EUR_USD,1.14863,none,none,0,959.5304,0.0,-1,no signal
2026-09-20T11:44:44.224671+00:00,GBP_USD,1.33943,none,none,0,959.5304,0.0,-1,no signal
2026-09-20T11:54:26.158706+00:00,XAU_USD,4378.385,none,none,0,959.5304,0.0,1,no signal
2026-09-20T11:54:26.677280+00:00,EUR_USD,1.14863,none,none,0,959.5304,0.0,-1,no signal
2026-09-20T11:54:27.032052+00:00,GBP_USD,1.33943,none,none,0,959.5304,0.0,-1,no signal
2026-09-20T12:09:00.024191+00:00,XAU_USD,4378.385,none,none,0,959.5304,0.0,1,no signal
2026-09-20T12:09:00.334626+00:00,EUR_USD,1.14863,none,none,0,959.5304,0.0,-1,no signal
2026-09-20T12:09:00.676344+00:00,GBP_USD,1.33943,none,none,0,959.5304,0.0,-1,no signal
2026-09-20T12:28:05.507694+00:00,XAU_USD,4378.385,none,none,0,959.5304,0.0,1,no signal
2026-09-20T12:28:05.844296+00:00,EUR_USD,1.14863,none,none,0,959.5304,0.0,-1,no signal
2026-09-20T12:28:06.309396+00:00,GBP_USD,1.33943,none,none,0,959.5304,0.0,-1,no signal
2026-09-20T12:44:38.411872+00:00,XAU_USD,4378.385,none,none,0,959.5304,0.0,1,no signal
2026-09-20T12:44:38.707175+00:00,EUR_USD,1.14863,none,none,0,959.5304,0.0,-1,no signal
2026-09-20T12:44:39.016858+00:00,GBP_USD,1.33943,none,none,0,959.5304,0.0,-1,no signal
2026-09-20T12:55:53.598070+00:00,XAU_USD,4378.385,none,none,0,959.5304,0.0,1,no signal
2026-09-20T12:55:53.964075+00:00,EUR_USD,1.14863,none,none,0,959.5304,0.0,-1,no signal
2026-09-20T12:55:54.376501+00:00,GBP_USD,1.33943,none,none,0,959.5304,0.0,-1,no signal
2026-09-20T13:09:20.849384+00:00,XAU_USD,4378.385,none,none,0,959.5304,0.0,1,no signal
2026-09-20T13:09:21.065897+00:00,EUR_USD,1.14863,none,none,0,959.5304,0.0,-1,no signal
2026-09-20T13:09:21.316478+00:00,GBP_USD,1.33943,none,none,0,959.5304,0.0,-1,no signal
2026-09-20T13:23:47.302849+00:00,XAU_USD,4378.385,none,none,0,959.5304,0.0,1,no signal
2026-09-20T13:23:47.462618+00:00,EUR_USD,1.14863,none,none,0,959.5304,0.0,-1,no signal
2026-09-20T13:23:48.146976+00:00,GBP_USD,1.33943,none,none,0,959.5304,0.0,-1,no signal
2026-09-20T13:35:46.780060+00:00,XAU_USD,4378.385,none,none,0,959.5304,0.0,1,no signal
2026-09-20T13:35:47.050317+00:00,EUR_USD,1.14863,none,none,0,959.5304,0.0,-1,no signal
2026-09-20T13:35:47.323667+00:00,GBP_USD,1.33943,none,none,0,959.5304,0.0,-1,no signal
2026-09-20T13:46:21.095993+00:00,XAU_USD,4378.385,none,none,0,959.5304,0.0,1,no signal
2026-09-20T13:46:21.237179+00:00,EUR_USD,1.14863,none,none,0,959.5304,0.0,-1,no signal
2026-09-20T13:46:21.577917+00:00,GBP_USD,1.33943,none,none,0,959.5304,0.0,-1,no signal
2026-09-20T13:55:47.697146+00:00,XAU_USD,4378.385,none,none,0,959.5304,0.0,1,no signal
2026-09-20T13:55:47.997563+00:00,EUR_USD,1.14863,none,none,0,959.5304,0.0,-1,no signal
2026-09-20T13:55:48.313951+00:00,GBP_USD,1.33943,none,none,0,959.5304,0.0,-1,no signal
2026-09-20T14:09:39.187982+00:00,XAU_USD,4378.385,none,none,0,959.5304,0.0,1,no signal
2026-09-20T14:09:39.510172+00:00,EUR_USD,1.14863,none,none,0,959.5304,0.0,-1,no signal
2026-09-20T14:09:39.699663+00:00,GBP_USD,1.33943,none,none,0,959.5304,0.0,-1,no signal
2026-09-20T14:23:38.600989+00:00,XAU_USD,4378.385,none,none,0,959.5304,0.0,1,no signal
2026-09-20T14:23:38.783649+00:00,EUR_USD,1.14863,none,none,0,959.5304,0.0,-1,no signal
2026-09-20T14:23:38.941761+00:00,GBP_USD,1.33943,none,none,0,959.5304,0.0,-1,no signal
2026-09-20T14:36:28.548781+00:00,XAU_USD,4378.385,none,none,0,959.5304,0.0,1,no signal
2026-09-20T14:36:28.828549+00:00,EUR_USD,1.14863,none,none,0,959.5304,0.0,-1,no signal
2026-09-20T14:36:28.974774+00:00,GBP_USD,1.33943,none,none,0,959.5304,0.0,-1,no signal
2026-09-20T14:46:29.067219+00:00,XAU_USD,4378.385,none,none,0,959.5304,0.0,1,no signal
2026-09-20T14:46:29.318536+00:00,EUR_USD,1.14863,none,none,0,959.5304,0.0,-1,no signal
2026-09-20T14:46:29.654154+00:00,GBP_USD,1.33943,none,none,0,959.5304,0.0,-1,no signal
2026-09-20T14:55:55.887019+00:00,XAU_USD,4378.385,none,none,0,959.5304,0.0,1,no signal
2026-09-20T14:55:56.094003+00:00,EUR_USD,1.14863,none,none,0,959.5304,0.0,-1,no signal
2026-09-20T14:55:56.514442+00:00,GBP_USD,1.33943,none,none,0,959.5304,0.0,-1,no signal
2026-09-20T15:09:56.067991+00:00,XAU_USD,4378.385,none,none,0,959.5304,0.0,1,no signal
2026-09-20T15:09:56.438677+00:00,EUR_USD,1.14863,none,none,0,959.5304,0.0,-1,no signal
2026-09-20T15:09:56.817219+00:00,GBP_USD,1.33943,none,none,0,959.5304,0.0,-1,no signal
2026-09-20T15:24:36.022752+00:00,XAU_USD,4378.385,none,none,0,959.5304,0.0,1,no signal
2026-09-20T15:24:36.483950+00:00,EUR_USD,1.14863,none,none,0,959.5304,0.0,-1,no signal
2026-09-20T15:24:37.232288+00:00,GBP_USD,1.33943,none,none,0,959.5304,0.0,-1,no signal
2026-09-20T15:36:19.683122+00:00,XAU_USD,4378.385,none,none,0,959.5304,0.0,1,no signal
2026-09-20T15:36:20.304012+00:00,EUR_USD,1.14863,none,none,0,959.5304,0.0,-1,no signal
2026-09-20T15:36:20.501683+00:00,GBP_USD,1.33943,none,none,0,959.5304,0.0,-1,no signal
2026-09-20T15:47:10.580560+00:00,XAU_USD,4378.385,none,none,0,959.5304,0.0,1,no signal
2026-09-20T15:47:10.759201+00:00,EUR_USD,1.14863,none,none,0,959.5304,0.0,-1,no signal
2026-09-20T15:47:11.539578+00:00,GBP_USD,1.33943,none,none,0,959.5304,0.0,-1,no signal
2026-09-20T15:56:26.220409+00:00,XAU_USD,4378.385,none,none,0,959.5304,0.0,1,no signal
2026-09-20T15:56:26.424527+00:00,EUR_USD,1.14863,none,none,0,959.5304,0.0,-1,no signal
2026-09-20T15:56:27.012775+00:00,GBP_USD,1.33943,none,none,0,959.5304,0.0,-1,no signal
2026-09-20T16:11:27.775078+00:00,XAU_USD,4378.385,none,none,0,959.5304,0.0,1,no signal
2026-09-20T16:11:27.968994+00:00,EUR_USD,1.14863,none,none,0,959.5304,0.0,-1,no signal
2026-09-20T16:11:28.204061+00:00,GBP_USD,1.33943,none,none,0,959.5304,0.0,-1,no signal
2026-09-20T16:26:34.543898+00:00,XAU_USD,4378.385,none,none,0,959.5304,0.0,1,no signal
2026-09-20T16:26:34.891773+00:00,EUR_USD,1.14863,none,none,0,959.5304,0.0,-1,no signal
2026-09-20T16:26:35.263237+00:00,GBP_USD,1.33943,none,none,0,959.5304,0.0,-1,no signal
2026-09-20T16:39:53.989599+00:00,XAU_USD,4378.385,none,none,0,959.5304,0.0,1,no signal
2026-09-20T16:39:54.709837+00:00,EUR_USD,1.14863,none,none,0,959.5304,0.0,-1,no signal
2026-09-20T16:39:55.112361+00:00,GBP_USD,1.33943,none,none,0,959.5304,0.0,-1,no signal
2026-09-20T16:50:29.764738+00:00,XAU_USD,4378.385,none,none,0,959.5304,0.0,1,no signal
2026-09-20T16:50:30.056807+00:00,EUR_USD,1.14863,none,none,0,959.5304,0.0,-1,no signal
2026-09-20T16:50:30.602517+00:00,GBP_USD,1.33943,none,none,0,959.5304,0.0,-1,no signal
2026-09-20T17:00:10.727858+00:00,XAU_USD,4378.385,none,none,0,959.5304,0.0,1,no signal
2026-09-20T17:00:11.586306+00:00,EUR_USD,1.14863,none,none,0,959.5304,0.0,-1,no signal
2026-09-20T17:00:11.985828+00:00,GBP_USD,1.33943,none,none,0,959.5304,0.0,-1,no signal
2026-09-20T17:15:34.543684+00:00,XAU_USD,4378.385,none,none,0,959.5304,0.0,1,no signal
2026-09-20T17:15:34.717449+00:00,EUR_USD,1.14863,none,none,0,959.5304,0.0,-1,no signal
2026-09-20T17:15:34.877784+00:00,GBP_USD,1.33943,none,none,0,959.5304,0.0,-1,no signal
2026-09-20T17:28:20.182808+00:00,XAU_USD,4378.385,none,none,0,959.5304,0.0,1,no signal
2026-09-20T17:28:20.397490+00:00,EUR_USD,1.14863,none,none,0,959.5304,0.0,-1,no signal
2026-09-20T17:28:20.597512+00:00,GBP_USD,1.33943,none,none,0,959.5304,0.0,-1,no signal
2026-09-20T17:40:14.363093+00:00,XAU_USD,4378.385,none,none,0,959.5304,0.0,1,no signal
2026-09-20T17:40:14.756932+00:00,EUR_USD,1.14863,none,none,0,959.5304,0.0,-1,no signal
2026-09-20T17:40:15.155270+00:00,GBP_USD,1.33943,none,none,0,959.5304,0.0,-1,no signal
2026-09-20T17:49:42.129461+00:00,XAU_USD,4378.385,none,none,0,959.5304,0.0,1,no signal
2026-09-20T17:49:42.749340+00:00,EUR_USD,1.14863,none,none,0,959.5304,0.0,-1,no signal
2026-09-20T17:49:43.257079+00:00,GBP_USD,1.33943,none,none,0,959.5304,0.0,-1,no signal
2026-09-20T17:59:34.418890+00:00,XAU_USD,4378.385,none,none,0,959.5304,0.0,1,no signal
2026-09-20T17:59:34.856768+00:00,EUR_USD,1.14863,none,none,0,959.5304,0.0,-1,no signal
2026-09-20T17:59:35.223918+00:00,GBP_USD,1.33943,none,none,0,959.5304,0.0,-1,no signal
2026-09-20T18:18:53.327319+00:00,XAU_USD,4378.385,none,none,0,959.5304,0.0,1,no signal
2026-09-20T18:18:53.677470+00:00,EUR_USD,1.14863,none,none,0,959.5304,0.0,-1,no signal
2026-09-20T18:18:54.071873+00:00,GBP_USD,1.33943,none,none,0,959.5304,0.0,-1,no signal
2026-09-20T18:33:56.536979+00:00,XAU_USD,4378.385,none,none,0,959.5304,0.0,1,no signal
2026-09-20T18:33:56.991569+00:00,EUR_USD,1.14863,none,none,0,959.5304,0.0,-1,no signal
2026-09-20T18:33:57.614385+00:00,GBP_USD,1.33943,none,none,0,959.5304,0.0,-1,no signal
2026-09-20T18:46:10.753935+00:00,XAU_USD,4378.385,none,none,0,959.5304,0.0,1,no signal
2026-09-20T18:46:11.123111+00:00,EUR_USD,1.14863,none,none,0,959.5304,0.0,-1,no signal
2026-09-20T18:46:11.328345+00:00,GBP_USD,1.33943,none,none,0,959.5304,0.0,-1,no signal
2026-09-20T18:55:56.219519+00:00,XAU_USD,4378.385,none,none,0,959.5304,0.0,1,no signal
2026-09-20T18:55:56.388289+00:00,EUR_USD,1.14863,none,none,0,959.5304,0.0,-1,no signal
2026-09-20T18:55:56.559908+00:00,GBP_USD,1.33943,none,none,0,959.5304,0.0,-1,no signal
2026-09-20T19:08:45.484403+00:00,XAU_USD,4378.385,none,none,0,959.5304,0.0,1,no signal
2026-09-20T19:08:45.794698+00:00,EUR_USD,1.14863,none,none,0,959.5304,0.0,-1,no signal
2026-09-20T19:08:46.009953+00:00,GBP_USD,1.33943,none,none,0,959.5304,0.0,-1,no signal
2026-09-20T19:20:37.780745+00:00,XAU_USD,4378.385,none,none,0,959.5304,0.0,1,no signal
2026-09-20T19:20:37.964101+00:00,EUR_USD,1.14863,none,none,0,959.5304,0.0,-1,no signal
2026-09-20T19:20:38.188536+00:00,GBP_USD,1.33943,none,none,0,959.5304,0.0,-1,no signal
2026-09-20T19:30:10.051298+00:00,XAU_USD,4378.385,none,none,0,959.5304,0.0,1,no signal
2026-09-20T19:30:10.631768+00:00,EUR_USD,1.14863,none,none,0,959.5304,0.0,-1,no signal
2026-09-20T19:30:12.128286+00:00,GBP_USD,1.33943,none,none,0,959.5304,0.0,-1,no signal
2026-09-20T19:40:42.514468+00:00,XAU_USD,4378.385,none,none,0,959.5304,0.0,1,no signal
2026-09-20T19:40:43.579864+00:00,EUR_USD,1.14863,none,none,0,959.5304,0.0,-1,no signal
2026-09-20T19:40:44.635335+00:00,GBP_USD,1.33943,none,none,0,959.5304,0.0,-1,no signal
2026-09-20T19:50:08.433421+00:00,XAU_USD,4378.385,none,none,0,959.5304,0.0,1,no signal
2026-09-20T19:50:09.176129+00:00,EUR_USD,1.14863,none,none,0,959.5304,0.0,-1,no signal
2026-09-20T19:50:09.594989+00:00,GBP_USD,1.33943,none,none,0,959.5304,0.0,-1,no signal
2026-09-20T19:59:30.441212+00:00,XAU_USD,4378.385,none,none,0,959.5304,0.0,1,no signal
2026-09-20T19:59:30.884001+00:00,EUR_USD,1.14863,none,none,0,959.5304,0.0,-1,no signal
2026-09-20T19:59:31.270188+00:00,GBP_USD,1.33943,none,none,0,959.5304,0.0,-1,no signal
2026-09-20T20:15:59.269996+00:00,XAU_USD,4378.385,none,none,0,959.5304,0.0,1,no signal
2026-09-20T20:15:59.574731+00:00,EUR_USD,1.14863,none,none,0,959.5304,0.0,-1,no signal
2026-09-20T20:16:00.408335+00:00,GBP_USD,1.33943,none,none,0,959.5304,0.0,-1,no signal
2026-09-20T20:29:33.571216+00:00,XAU_USD,4378.385,none,none,0,959.5304,0.0,1,no signal
2026-09-20T20:29:33.983174+00:00,EUR_USD,1.14863,none,none,0,959.5304,0.0,-1,no signal
2026-09-20T20:29:34.326156+00:00,GBP_USD,1.33943,none,none,0,959.5304,0.0,-1,no signal
2026-09-20T20:41:47.813796+00:00,XAU_USD,4378.385,none,none,0,959.5304,0.0,1,no signal
2026-09-20T20:41:48.119379+00:00,EUR_USD,1.14863,none,none,0,959.5304,0.0,-1,no signal
2026-09-20T20:41:48.376289+00:00,GBP_USD,1.33943,none,none,0,959.5304,0.0,-1,no signal
2026-09-20T20:51:20.279436+00:00,XAU_USD,4378.385,none,none,0,959.5304,0.0,1,no signal
2026-09-20T20:51:20.474721+00:00,EUR_USD,1.14863,none,none,0,959.5304,0.0,-1,no signal
2026-09-20T20:51:20.673061+00:00,GBP_USD,1.33943,none,none,0,959.5304,0.0,-1,no signal
2026-09-20T21:01:14.590213+00:00,XAU_USD,4378.385,none,none,0,959.5304,0.0,1,no signal
2026-09-20T21:01:14.927778+00:00,EUR_USD,1.14863,none,none,0,959.5304,0.0,-1,no signal
2026-09-20T21:01:15.885407+00:00,GBP_USD,1.33943,none,none,0,959.5304,0.0,-1,no signal
2026-09-20T21:16:56.297653+00:00,XAU_USD,4378.385,none,none,0,959.5304,0.0,1,no signal
2026-09-20T21:16:57.419114+00:00,EUR_USD,1.1484,none,none,0,959.5304,0.0,-1,no signal
2026-09-20T21:16:58.073039+00:00,GBP_USD,1.33907,none,none,0,959.5304,0.0,-1,no signal
2026-09-20T21:29:49.002593+00:00,XAU_USD,4378.385,none,none,0,959.5304,0.0,1,no signal
2026-09-20T21:29:49.345202+00:00,EUR_USD,1.1484,none,none,0,959.5304,0.0,-1,no signal
2026-09-20T21:29:50.785169+00:00,GBP_USD,1.33907,none,none,0,959.5304,0.0,-1,no signal
2026-09-20T21:41:38.442614+00:00,XAU_USD,4378.385,none,none,0,959.5304,0.0,1,no signal
2026-09-20T21:41:38.605376+00:00,EUR_USD,1.148,none,none,0,959.5304,0.0,-1,no signal
2026-09-20T21:41:38.795496+00:00,GBP_USD,1.33892,none,none,0,959.5304,0.0,-1,no signal
2026-09-20T21:51:18.681611+00:00,XAU_USD,4378.385,none,none,0,959.5304,0.0,1,no signal
2026-09-20T21:51:19.021826+00:00,EUR_USD,1.14807,none,none,0,959.5304,0.0,-1,no signal
2026-09-20T21:51:19.790166+00:00,GBP_USD,1.33882,none,none,0,959.5304,0.0,-1,no signal
2026-09-20T22:00:40.014968+00:00,XAU_USD,4378.385,none,none,0,959.5304,0.0,1,no signal
2026-09-20T22:00:40.673614+00:00,EUR_USD,1.14796,none,none,0,959.5304,0.0,-1,no signal
2026-09-20T22:00:42.475981+00:00,GBP_USD,1.3387,none,none,0,959.5304,0.0,-1,no signal
2026-09-20T22:16:44.089459+00:00,XAU_USD,4379.725,none,none,0,959.5304,0.0,1,no signal
2026-09-20T22:16:44.291120+00:00,EUR_USD,1.14834,none,none,0,959.5304,0.0,-1,no signal
2026-09-20T22:16:44.470792+00:00,GBP_USD,1.33931,none,none,0,959.5304,0.0,-1,no signal
2026-09-20T22:29:43.133168+00:00,XAU_USD,4379.725,none,none,0,959.5304,0.0,1,no signal
2026-09-20T22:29:43.613616+00:00,EUR_USD,1.14834,none,none,0,959.5304,0.0,-1,no signal
2026-09-20T22:29:44.080080+00:00,GBP_USD,1.33931,none,none,0,959.5304,0.0,-1,no signal
2026-09-20T22:42:27.112785+00:00,XAU_USD,4375.995,none,none,0,959.5304,0.0,1,no signal
2026-09-20T22:42:27.249586+00:00,EUR_USD,1.14824,none,none,0,959.5304,0.0,-1,no signal
2026-09-20T22:42:27.389270+00:00,GBP_USD,1.33921,none,none,0,959.5304,0.0,-1,no signal
2026-09-20T22:52:42.924588+00:00,XAU_USD,4374.495,none,none,0,959.5304,0.0,1,no signal
2026-09-20T22:52:43.145034+00:00,EUR_USD,1.1482,none,none,0,959.5304,0.0,-1,no signal
2026-09-20T22:52:43.395602+00:00,GBP_USD,1.3391,none,none,0,959.5304,0.0,-1,no signal
2026-09-20T23:03:34.395835+00:00,XAU_USD,4373.795,none,none,0,959.5304,0.0,1,no signal
2026-09-20T23:03:35.144732+00:00,EUR_USD,1.14802,none,none,0,959.5304,0.0,-1,no signal
2026-09-20T23:03:35.490440+00:00,GBP_USD,1.33892,none,none,0,959.5304,0.0,-1,no signal
2026-09-20T23:18:28.219833+00:00,XAU_USD,4372.965,none,none,0,959.5304,0.0,1,no signal
2026-09-20T23:18:28.406339+00:00,EUR_USD,1.14804,none,none,0,959.5304,0.0,-1,no signal
2026-09-20T23:18:28.701665+00:00,GBP_USD,1.33894,none,none,0,959.5304,0.0,-1,no signal
2026-09-20T23:29:55.898434+00:00,XAU_USD,4372.965,none,none,0,959.5304,0.0,1,no signal
2026-09-20T23:29:56.679946+00:00,EUR_USD,1.14804,none,none,0,959.5304,0.0,-1,no signal
2026-09-20T23:29:57.003604+00:00,GBP_USD,1.33894,none,none,0,959.5304,0.0,-1,no signal
2026-09-20T23:41:55.100611+00:00,XAU_USD,4374.135,none,none,0,959.5304,0.0,1,no signal
2026-09-20T23:41:55.458156+00:00,EUR_USD,1.14806,none,none,0,959.5304,0.0,-1,no signal
2026-09-20T23:41:55.672347+00:00,GBP_USD,1.3391,none,none,0,959.5304,0.0,-1,no signal
2026-09-20T23:51:26.745800+00:00,XAU_USD,4370.975,none,none,0,959.5304,0.0,1,no signal
2026-09-20T23:51:26.989864+00:00,EUR_USD,1.14784,none,none,0,959.5304,0.0,-1,no signal
2026-09-20T23:51:27.223958+00:00,GBP_USD,1.33893,none,none,0,959.5304,0.0,-1,no signal
2026-09-21T00:01:07.243232+00:00,XAU_USD,4372.815,none,none,0,959.5304,0.0,1,no signal
2026-09-21T00:01:07.518744+00:00,EUR_USD,1.14784,none,none,0,959.5304,0.0,-1,no signal
2026-09-21T00:01:07.795769+00:00,GBP_USD,1.33893,none,none,0,959.5304,0.0,-1,no signal
2026-09-21T00:26:13.703530+00:00,XAU_USD,4364.27,none,none,0,959.5304,0.0,1,no signal
2026-09-21T00:26:14.065556+00:00,EUR_USD,1.14803,none,none,0,959.5304,0.0,-1,no signal
2026-09-21T00:26:14.418267+00:00,GBP_USD,1.33902,none,none,0,959.5304,0.0,-1,no signal
2026-09-21T00:44:17.836733+00:00,XAU_USD,4368.105,none,none,0,959.5304,0.0,1,no signal
2026-09-21T00:44:18.069928+00:00,EUR_USD,1.14817,none,none,0,959.5304,0.0,-1,no signal
2026-09-21T00:44:18.220484+00:00,GBP_USD,1.33908,none,none,0,959.5304,0.0,-1,no signal
2026-09-21T00:57:46.323925+00:00,XAU_USD,4369.37,none,none,0,959.5304,0.0,1,no signal
2026-09-21T00:57:47.501733+00:00,EUR_USD,1.14843,none,none,0,959.5304,0.0,-1,no signal
2026-09-21T00:57:47.845778+00:00,GBP_USD,1.33909,none,none,0,959.5304,0.0,-1,no signal
2026-09-21T01:13:20.864689+00:00,XAU_USD,4366.885,none,none,0,959.5304,0.0,1,no signal
2026-09-21T01:13:21.168030+00:00,EUR_USD,1.14808,none,none,0,959.5304,0.0,-1,no signal
2026-09-21T01:13:21.578722+00:00,GBP_USD,1.33878,none,none,0,959.5304,0.0,-1,no signal
2026-09-21T01:28:28.529035+00:00,XAU_USD,4380.63,none,none,0,959.5304,0.0,1,no signal
2026-09-21T01:28:29.214926+00:00,EUR_USD,1.1483,none,none,0,959.5304,0.0,-1,no signal
2026-09-21T01:28:29.426752+00:00,GBP_USD,1.33906,none,none,0,959.5304,0.0,-1,no signal
2026-09-21T01:43:00.428313+00:00,XAU_USD,4375.14,none,none,0,959.5304,0.0,1,no signal
2026-09-21T01:43:01.143940+00:00,EUR_USD,1.14844,none,none,0,959.5304,0.0,-1,no signal
2026-09-21T01:43:01.598106+00:00,GBP_USD,1.33912,none,none,0,959.5304,0.0,-1,no signal
2026-09-21T01:54:52.366390+00:00,XAU_USD,4379.405,none,none,0,959.5304,0.0,1,no signal
2026-09-21T01:54:53.906139+00:00,EUR_USD,1.14852,none,none,0,959.5304,0.0,-1,no signal
2026-09-21T01:54:54.217862+00:00,GBP_USD,1.3393,none,none,0,959.5304,0.0,-1,no signal
2026-09-21T02:08:15.340740+00:00,XAU_USD,4377.44,none,none,0,959.5304,0.0,1,no signal
2026-09-21T02:08:15.514938+00:00,EUR_USD,1.14832,none,none,0,959.5304,0.0,-1,no signal
2026-09-21T02:08:15.677156+00:00,GBP_USD,1.33893,none,none,0,959.5304,0.0,-1,no signal
2026-09-21T02:24:13.719806+00:00,XAU_USD,4369.03,none,none,0,959.5304,0.0,1,no signal
2026-09-21T02:24:14.300132+00:00,EUR_USD,1.14816,none,none,0,959.5304,0.0,-1,no signal
2026-09-21T02:24:14.689172+00:00,GBP_USD,1.33872,none,none,0,959.5304,0.0,-1,no signal
2026-09-21T02:38:49.362024+00:00,XAU_USD,4369.785,none,none,0,959.5304,0.0,1,no signal
2026-09-21T02:38:49.627659+00:00,EUR_USD,1.14818,none,none,0,959.5304,0.0,-1,no signal
2026-09-21T02:38:49.802443+00:00,GBP_USD,1.3386,none,none,0,959.5304,0.0,-1,no signal
2026-09-21T02:51:34.913458+00:00,XAU_USD,4366.605,none,none,0,959.5304,0.0,1,no signal
2026-09-21T02:51:35.062540+00:00,EUR_USD,1.14809,none,none,0,959.5304,0.0,-1,no signal
2026-09-21T02:51:35.714832+00:00,GBP_USD,1.33858,none,none,0,959.5304,0.0,-1,no signal
2026-09-21T03:01:30.088828+00:00,XAU_USD,4363.91,none,none,0,959.5304,0.0,1,no signal
2026-09-21T03:01:30.271482+00:00,EUR_USD,1.1477,none,none,0,959.5304,0.0,-1,no signal
2026-09-21T03:01:30.558933+00:00,GBP_USD,1.33828,none,none,0,959.5304,0.0,-1,no signal
2026-09-21T03:19:44.750385+00:00,XAU_USD,4363.42,none,none,0,959.5304,0.0,1,no signal
2026-09-21T03:19:45.398939+00:00,EUR_USD,1.1476,none,none,0,959.5304,0.0,-1,no signal
2026-09-21T03:19:45.636390+00:00,GBP_USD,1.33846,none,none,0,959.5304,0.0,-1,no signal
2026-09-21T03:35:33.755266+00:00,XAU_USD,4360.145,none,none,0,959.5304,0.0,1,no signal
2026-09-21T03:35:33.908416+00:00,EUR_USD,1.14758,none,none,0,959.5304,0.0,-1,no signal
2026-09-21T03:35:34.572587+00:00,GBP_USD,1.33826,none,none,0,959.5304,0.0,-1,no signal
2026-09-21T03:49:20.344332+00:00,XAU_USD,4367.44,none,none,0,959.5304,0.0,1,no signal
2026-09-21T03:49:20.683540+00:00,EUR_USD,1.14762,none,none,0,959.5304,0.0,-1,no signal
2026-09-21T03:49:21.941966+00:00,GBP_USD,1.33826,none,none,0,959.5304,0.0,-1,no signal
2026-09-21T03:59:38.705349+00:00,XAU_USD,4367.44,none,none,0,959.5304,0.0,1,no signal
2026-09-21T03:59:39.037968+00:00,EUR_USD,1.14762,none,none,0,959.5304,0.0,-1,no signal
2026-09-21T03:59:39.353515+00:00,GBP_USD,1.33826,none,none,0,959.5304,0.0,-1,no signal
2026-09-21T04:18:07.882300+00:00,XAU_USD,4360.3,none,none,0,959.5304,0.0,1,no signal
2026-09-21T04:18:08.937299+00:00,EUR_USD,1.14763,none,none,0,959.5304,0.0,-1,no signal
2026-09-21T04:18:09.091198+00:00,GBP_USD,1.3383,none,none,0,959.5304,0.0,-1,no signal
2026-09-21T04:34:31.039067+00:00,XAU_USD,4361.495,none,none,0,959.5304,0.0,1,no signal
2026-09-21T04:34:31.638329+00:00,EUR_USD,1.1475,none,none,0,959.5304,0.0,-1,no signal
2026-09-21T04:34:31.802769+00:00,GBP_USD,1.33772,none,none,0,959.5304,0.0,-1,no signal
2026-09-21T04:48:43.199777+00:00,XAU_USD,4361.96,none,none,0,959.5304,0.0,1,no signal
2026-09-21T04:48:43.540987+00:00,EUR_USD,1.14761,none,none,0,959.5304,0.0,-1,no signal
2026-09-21T04:48:43.835200+00:00,GBP_USD,1.33785,none,none,0,959.5304,0.0,-1,no signal
2026-09-21T04:59:57.091470+00:00,XAU_USD,4361.96,none,none,0,959.5304,0.0,1,no signal
2026-09-21T04:59:57.387067+00:00,EUR_USD,1.14761,none,none,0,959.5304,0.0,-1,no signal
2026-09-21T04:59:57.761216+00:00,GBP_USD,1.33785,none,none,0,959.5304,0.0,-1,no signal
2026-09-21T05:17:42.371078+00:00,XAU_USD,4356.01,none,none,0,959.5304,0.0,1,no signal
2026-09-21T05:17:42.999778+00:00,EUR_USD,1.14768,none,none,0,959.5304,0.0,-1,no signal
2026-09-21T05:17:43.760480+00:00,GBP_USD,1.33787,none,none,0,959.5304,0.0,-1,no signal
2026-09-21T05:32:33.258583+00:00,XAU_USD,4357.635,none,none,0,959.5304,0.0,1,no signal
2026-09-21T05:32:33.646182+00:00,EUR_USD,1.1475,none,none,0,959.5304,0.0,-1,no signal
2026-09-21T05:32:34.119566+00:00,GBP_USD,1.33768,none,none,0,959.5304,0.0,-1,no signal
2026-09-21T05:46:22.061594+00:00,XAU_USD,4354.64,none,none,0,959.5304,0.0,1,no signal
2026-09-21T05:46:23.890473+00:00,EUR_USD,1.14728,none,none,0,959.5304,0.0,-1,no signal
2026-09-21T05:46:24.200838+00:00,GBP_USD,1.33764,none,none,0,959.5304,0.0,-1,no signal
2026-09-21T05:57:20.196241+00:00,XAU_USD,4354.64,none,none,0,959.5304,0.0,1,no signal
2026-09-21T05:57:20.452292+00:00,EUR_USD,1.14728,none,none,0,959.5304,0.0,-1,no signal
2026-09-21T05:57:21.075602+00:00,GBP_USD,1.33764,none,none,0,959.5304,0.0,-1,no signal
2026-09-21T06:19:10.879579+00:00,XAU_USD,4353.28,none,none,0,959.5304,0.0,1,no signal,18.62608366653321,37.764895881223666,4367.111269067788,4356.520729799467,4383.385,4349.205
2026-09-21T06:19:11.873270+00:00,EUR_USD,1.14728,none,none,0,959.5304,0.0,-1,no signal,21.645151854320826,37.208610362939424,1.1478017273614336,1.1483434652566302,1.14858,1.14719
2026-09-21T06:19:12.593637+00:00,GBP_USD,1.33747,none,none,0,959.5304,0.0,-1,no signal,28.5580243284079,30.204320255059898,1.3382200527906267,1.3384463821086483,1.33933,1.33738
2026-09-21T06:41:37.833397+00:00,XAU_USD,4347.385,none,none,0,959.5304,0.0,1,no signal,19.41779556435742,33.09141333628217,4366.337689893956,4356.446670334588,4383.385,4349.205
2026-09-21T06:41:38.136609+00:00,EUR_USD,1.14752,none,none,0,959.5304,0.0,-1,no signal,21.687317153088845,44.800873606128256,1.1477906792290775,1.1483335702271118,1.14858,1.14712
2026-09-21T06:41:38.581609+00:00,GBP_USD,1.33788,none,none,0,959.5304,0.0,-1,no signal,28.846894939571236,42.67629941875735,1.3382067173866874,1.3384395214971072,1.33933,1.33725
2026-09-21T06:58:02.776371+00:00,XAU_USD,4351.915,none,none,0,959.5304,0.0,1,no signal,20.152956612337043,39.30710240417658,4365.772094211209,4356.3995714999355,4383.03,4346.29
2026-09-21T06:58:03.125671+00:00,EUR_USD,1.14762,none,none,0,959.5304,0.0,-1,no signal,20.977157995201914,47.64160971063126,1.1477839859262762,1.1483274227792553,1.14858,1.14712
2026-09-21T06:58:03.515710+00:00,GBP_USD,1.33799,none,none,0,959.5304,0.0,-1,no signal,28.419644324339195,45.49060781642141,1.338198218665983,1.3384361375074287,1.33933,1.33725
2026-09-21T07:16:09.855326+00:00,XAU_USD,4353.14,none,none,0,959.5304,0.0,1,no signal,21.752814442698828,40.98579864361979,4364.810187693408,4356.3246653485385,4377.8,4346.29
2026-09-21T07:16:11.225968+00:00,EUR_USD,1.14728,none,none,0,959.5304,0.0,-1,no signal,19.485299512516804,39.78794256578147,1.147753145024089,1.14830711839377,1.14832,1.14712
2026-09-21T07:16:11.629214+00:00,GBP_USD,1.33726,none,none,0,959.5304,0.0,-1,no signal,27.393300073017528,33.2382551422869,1.3381441610974187,1.3384143197251075,1.33898,1.33725
2026-09-21T07:33:43.550032+00:00,XAU_USD,4350.675,none,none,0,959.5304,0.0,1,no signal,22.792801646452524,38.636885215640106,4364.255866613481,4356.287811083274,4365.585,4345.775
2026-09-21T07:33:43.855724+00:00,EUR_USD,1.1476,none,none,0,959.5304,0.0,-1,no signal,18.711543233814368,48.614794959629684,1.147747139336164,1.1482978366139602,1.1479,1.1471
2026-09-21T07:33:44.019624+00:00,GBP_USD,1.33786,none,none,0,959.5304,0.0,-1,no signal,27.246103139697272,46.34941281393353,1.3381330175247994,1.3384082596754336,1.3384,1.33686
2026-09-21T07:48:05.699859+00:00,XAU_USD,4347.26,none,none,0,959.5304,0.0,1,no signal,24.40775322642919,35.59346226544936,4363.5893620009265,4356.072422828752,4363.385,4345.775
2026-09-21T07:48:06.804063+00:00,EUR_USD,1.14761,none,none,0,959.5304,0.0,-1,no signal,17.609193302172514,48.86706046085288,1.1477417613216767,1.1482868411858378,1.1479,1.1471
2026-09-21T07:48:07.149990+00:00,GBP_USD,1.33789,none,none,0,959.5304,0.0,-1,no signal,26.941592458288262,46.91081501028628,1.3381234874247183,1.3383997001719978,1.33836,1.33686
2026-09-21T07:59:03.448377+00:00,XAU_USD,4347.26,none,none,0,959.5304,0.0,1,no signal,24.40775322642919,35.59346226544936,4363.5893620009265,4356.072422828752,4363.385,4345.775
2026-09-21T07:59:03.811508+00:00,EUR_USD,1.14761,none,none,0,959.5304,0.0,-1,no signal,17.609193302172514,48.86706046085288,1.1477417613216767,1.1482868411858378,1.1479,1.1471
2026-09-21T07:59:04.338177+00:00,GBP_USD,1.33789,none,none,0,959.5304,0.0,-1,no signal,26.941592458288262,46.91081501028628,1.3381234874247183,1.3383997001719978,1.33836,1.33686
2026-09-21T08:18:58.609508+00:00,XAU_USD,4350.455,none,none,0,959.5304,0.0,1,no signal,26.28144431676402,42.05270647438969,4362.34675440146,4355.942972117537,4362.145,4342.04
2026-09-21T08:18:59.408287+00:00,EUR_USD,1.14777,none,none,0,959.5304,0.0,-1,no signal,15.541303577318372,53.1012951286608,1.147738657797061,1.1482712928539274,1.1479,1.1471
2026-09-21T08:18:59.872809+00:00,GBP_USD,1.33848,none,none,0,959.5304,0.0,-1,no signal,24.32316027117459,57.07010642046771,1.3381313084601045,1.338393713582513,1.33836,1.33686
2026-09-21T08:34:11.107714+00:00,XAU_USD,4353.095,none,none,0,959.5304,0.0,1,no signal,26.046564304083134,45.40349621171461,4361.983940505109,4355.920180472433,4362.145,4342.04
2026-09-21T08:34:11.963588+00:00,EUR_USD,1.14798,none,none,0,959.5304,0.0,-1,no signal,15.026988266305727,58.055033385046436,1.1477481221973256,1.1482688707942743,1.1479,1.1471
2026-09-21T08:34:12.161877+00:00,GBP_USD,1.33844,none,none,0,959.5304,0.0,-1,no signal,22.929306247462172,56.2770978851438,1.338143414010988,1.33839512689729,1.33871,1.33686
2026-09-21T08:47:56.218720+00:00,XAU_USD,4357.47,none,none,0,959.5304,0.0,1,no signal,25.24528215667672,50.510710204561825,4361.8069232337775,4355.946354065015,4362.145,4342.04
2026-09-21T08:47:56.838045+00:00,EUR_USD,1.14834,none,none,0,959.5304,0.0,-1,no signal,16.34493840786462,64.89968185544116,1.147771333091035,1.1482679452560074,1.148,1.1471
2026-09-21T08:47:57.082768+00:00,GBP_USD,1.33868,none,none,0,959.5304,0.0,-1,no signal,22.239539693428203,59.8793421497408,1.338164456598921,1.3383983697784159,1.33871,1.33686
2026-09-21T08:58:31.290191+00:00,XAU_USD,4357.47,none,none,0,959.5304,0.0,1,no signal,25.24528215667672,50.510710204561825,4361.8069232337775,4355.946354065015,4362.145,4342.04
2026-09-21T08:58:32.181400+00:00,EUR_USD,1.14834,none,none,0,959.5304,0.0,-1,no signal,16.34493840786462,64.89968185544116,1.147771333091035,1.1482679452560074,1.148,1.1471
2026-09-21T08:58:32.643849+00:00,GBP_USD,1.33868,none,none,0,959.5304,0.0,-1,no signal,22.239539693428203,59.8793421497408,1.338164456598921,1.3383983697784159,1.33871,1.33686
2026-09-21T09:17:04.329882+00:00,XAU_USD,4353.92,none,none,0,959.5304,0.0,1,no signal,24.251543268677967,46.83463843075958,4361.176544665787,4355.889436190031,4357.655,4342.04
2026-09-21T09:17:04.444189+00:00,EUR_USD,1.148,none,none,0,959.5304,0.0,-1,no signal,17.88255346113339,55.64356555058211,1.1477892928676234,1.1482591508383249,1.14864,1.1471
2026-09-21T09:17:05.566728+00:00,GBP_USD,1.33866,none,none,0,959.5304,0.0,-1,no signal,19.929590669473207,57.80609693136753,1.3381889966520388,1.3383974362379265,1.33886,1.33686
2026-09-21T09:32:40.443879+00:00,XAU_USD,4346.655,none,none,0,959.5304,0.0,1,no signal,24.383634306307805,39.87777816404786,4360.607072315061,4355.762911861027,4357.655,4342.04
2026-09-21T09:32:40.599006+00:00,EUR_USD,1.14776,none,none,0,959.5304,0.0,-1,no signal,17.69105722497666,49.83773009282737,1.1477881441283158,1.1482560896701348,1.14864,1.1471
2026-09-21T09:32:40.953856+00:00,GBP_USD,1.33834,none,none,0,959.5304,0.0,-1,no signal,18.813191598246434,52.224817350241565,1.3381949183522377,1.3383977494326647,1.33886,1.33686
2026-09-21T09:46:25.140626+00:00,XAU_USD,4347.745,none,none,0,959.5304,0.0,1,no signal,25.487729523903866,41.286925785333985,4360.10267734326,4355.7497563283105,4357.655,4342.04
2026-09-21T09:46:25.527398+00:00,EUR_USD,1.14782,none,none,0,959.5304,0.0,-1,no signal,17.513239291402567,51.208359006748836,1.1477893933780146,1.1482512060389172,1.14864,1.1471
2026-09-21T09:46:26.046764+00:00,GBP_USD,1.33827,none,none,0,959.5304,0.0,-1,no signal,17.56573146875493,51.06336262062487,1.3381978627301103,1.3383949811101032,1.33886,1.33686
2026-09-21T09:57:04.054434+00:00,XAU_USD,4347.745,none,none,0,959.5304,0.0,1,no signal,25.487729523903866,41.286925785333985,4360.10267734326,4355.7497563283105,4357.655,4342.04
2026-09-21T09:57:05.467916+00:00,EUR_USD,1.14782,none,none,0,959.5304,0.0,-1,no signal,17.513239291402567,51.208359006748836,1.1477893933780146,1.1482512060389172,1.14864,1.1471
2026-09-21T09:57:05.655199+00:00,GBP_USD,1.33827,none,none,0,959.5304,0.0,-1,no signal,17.56573146875493,51.06336262062487,1.3381978627301103,1.3383949811101032,1.33886,1.33686
2026-09-21T10:12:47.678036+00:00,XAU_USD,4345.695,none,none,0,959.5304,0.0,1,no signal,26.325553032816423,39.4157963861902,4359.5376703784705,4355.617417466479,4357.655,4340.1
2026-09-21T10:12:48.047383+00:00,EUR_USD,1.148,none,none,0,959.5304,0.0,-1,no signal,17.597043168503987,55.16616528449294,1.1477976524618505,1.1482506800369732,1.14864,1.1471
2026-09-21T10:12:48.362456+00:00,GBP_USD,1.33837,none,none,0,959.5304,0.0,-1,no signal,16.906733081795387,52.68232009961584,1.3382046132117957,1.3383963658334015,1.33886,1.33686
2026-09-21T10:27:53.281207+00:00,XAU_USD,4353.62,none,none,0,959.5304,0.0,1,no signal,25.737342615060367,49.03228520343782,4359.3056048742665,4355.6001967646,4357.655,4340.1
2026-09-21T10:27:53.419327+00:00,EUR_USD,1.14807,none,none,0,959.5304,0.0,-1,no signal,17.831194053662063,56.63921190973096,1.1478083327578705,1.1482501752481442,1.14864,1.1471
2026-09-21T10:27:53.547117+00:00,GBP_USD,1.33841,none,none,0,959.5304,0.0,-1,no signal,16.059033551368994,53.34717057144663,1.3382126675958181,1.3383970459272705,1.33886,1.33686
2026-09-21T10:41:28.191732+00:00,XAU_USD,4350.87,none,none,0,959.5304,0.0,1,no signal,24.464747332280833,46.286720725994336,4358.974796840655,4355.555273825295,4357.655,4340.1
2026-09-21T10:41:30.361849+00:00,EUR_USD,1.14814,none,none,0,959.5304,0.0,-1,no signal,18.299124946849822,58.12101810297052,1.147821339316471,1.1482493511922782,1.14864,1.1472
2026-09-21T10:41:30.668333+00:00,GBP_USD,1.33834,none,none,0,959.5304,0.0,-1,no signal,15.27188398740163,51.97096271379368,1.3382176610236682,1.338397226898068,1.33886,1.33719
2026-09-21T10:52:24.929669+00:00,XAU_USD,4348.49,none,none,0,959.5304,0.0,1,no signal,23.683742343477963,43.99088324804266,4358.563628322093,4355.437232842044,4357.655,4340.1
2026-09-21T10:52:25.182664+00:00,EUR_USD,1.14834,none,none,0,959.5304,0.0,-1,no signal,19.335046588963287,62.10562619405333,1.1478416789487658,1.148242767250823,1.14864,1.14747
2026-09-21T10:52:25.357971+00:00,GBP_USD,1.33838,none,none,0,959.5304,0.0,-1,no signal,15.301020036407463,52.72151819305662,1.338224027255767,1.338389841781766,1.33886,1.33756
2026-09-21T11:03:18.181777+00:00,XAU_USD,4342.81,none,none,0,959.5304,0.0,1,no signal,23.796694434334167,39.017009380428924,4357.945838984645,4355.338674152501,4357.655,4340.1
2026-09-21T11:03:19.560594+00:00,EUR_USD,1.14805,none,none,0,959.5304,0.0,-1,no signal,20.296973828068644,54.07195174378377,1.1478498484009423,1.148238263123759,1.14864,1.14747
2026-09-21T11:03:20.031784+00:00,GBP_USD,1.33808,none,none,0,959.5304,0.0,-1,no signal,15.578831849107816,46.81284583656975,1.3382183791274904,1.3383848532721445,1.33886,1.3378
2026-09-21T11:20:41.669052+00:00,XAU_USD,4348.325,none,none,0,959.5304,0.0,1,no signal,23.98615940993466,45.46453359861132,4357.568551196023,4355.315639320833,4357.655,4340.1
2026-09-21T11:20:42.969835+00:00,EUR_USD,1.14816,none,none,0,959.5304,0.0,-1,no signal,21.074945932316705,56.376990733164995,1.1478620112095612,1.1482400704311764,1.14864,1.14747
2026-09-21T11:20:43.117420+00:00,GBP_USD,1.3385,none,none,0,959.5304,0.0,-1,no signal,15.244833143584358,54.50091652758598,1.338229423084944,1.3383913072082936,1.33886,1.33796
2026-09-21T11:35:10.902429+00:00,XAU_USD,4353.735,none,none,0,959.5304,0.0,1,no signal,22.616957363851473,50.94371128458264,4357.41821587796,4355.372933309801,4357.655,4340.1
2026-09-21T11:35:11.243800+00:00,EUR_USD,1.14846,none,none,0,959.5304,0.0,-1,no signal,22.67003608853355,61.98117300457079,1.1478854617489938,1.1482379033409396,1.14864,1.14767
2026-09-21T11:35:11.967333+00:00,GBP_USD,1.33894,none,none,0,959.5304,0.0,-1,no signal,14.723022910385517,60.88049564170485,1.3382572888444362,1.3383907781023492,1.33886,1.33796
2026-09-21T11:47:53.522999+00:00,XAU_USD,4366.625,buy,buy,3,959.5304,0.0,1,buy order FILLED (margin-capped size),22.436646865329422,60.9982248184682,4357.779266227406,4355.458557346019,4357.655,4340.1
2026-09-21T11:47:54.174769+00:00,EUR_USD,1.14885,buy,buy,11050,958.6482,0.0,-1,buy order FILLED (margin-capped size),24.92717730659943,67.77671976715114,1.1479232867794293,1.1482471243304466,1.14864,1.14767
2026-09-21T11:47:54.581924+00:00,GBP_USD,1.33952,buy,buy,3104,958.0649,0.0,-1,buy order FILLED (margin-capped size),15.752062589989833,67.37442492678244,1.3383068069302946,1.338406233477656,1.33896,1.33796
2026-09-21T11:57:22.059632+00:00,XAU_USD,4366.625,buy,none,0,961.6577,3.0,1,"computed 0 units — insufficient margin (available=54.02, needed for 4 units)",22.436646865329422,60.9982248184682,4357.779266227406,4355.458557346019,4357.655,4340.1
2026-09-21T11:57:22.748853+00:00,EUR_USD,1.14885,buy,none,0,961.5912,11050.0,-1,already in matching position,24.92717730659943,67.77671976715114,1.1479232867794293,1.1482471243304466,1.14864,1.14767
2026-09-21T11:57:23.371568+00:00,GBP_USD,1.33952,buy,none,0,961.5246,3104.0,-1,already in matching position,15.752062589989833,67.37442492678244,1.3383068069302946,1.338406233477656,1.33896,1.33796
2026-09-21T12:16:19.762267+00:00,XAU_USD,4369.275,none,none,0,964.7254,3.0,1,no signal,23.340975535093097,62.69709289313937,4358.658503725549,4355.704756912519,4371.115,4340.1
2026-09-21T12:16:19.936792+00:00,EUR_USD,1.14886,none,none,0,964.7243,11050.0,-1,no signal,30.046469935270753,65.90242781037483,1.148000212054217,1.1482551154983696,1.14908,1.14767
2026-09-21T12:16:20.160785+00:00,GBP_USD,1.33938,none,none,0,964.7021,3104.0,-1,no signal,18.492717064330865,64.42628594182273,1.338393473062824,1.3384225490938866,1.33974,1.33796
2026-09-21T12:34:47.914486+00:00,XAU_USD,4355.61,none,none,0,932.7326,0.0,1,no signal,22.11410608405887,49.77703473587828,4358.538954528633,4355.604557568611,4374.94,4340.1
2026-09-21T12:34:49.208343+00:00,EUR_USD,1.14876,none,none,0,932.7326,11050.0,-1,no signal,31.77019007872167,63.14480673831034,1.14803000765895,1.1482570087492683,1.14958,1.14767
2026-09-21T12:34:49.513896+00:00,GBP_USD,1.33935,none,none,0,932.519,3104.0,-1,no signal,19.613268837460396,63.77231011362157,1.338430983923234,1.3384321857840018,1.34005,1.33796
2026-09-21T12:49:12.731814+00:00,XAU_USD,4363.205,none,none,0,930.9825,0.0,1,no signal,20.934982659916354,55.291574419005315,4358.721936709525,4355.697809799524,4374.94,4340.1
2026-09-21T12:49:13.009209+00:00,EUR_USD,1.1487,none,none,0,930.9825,11050.0,-1,no signal,32.297127568917375,61.48246473687553,1.1480562818666913,1.1482559723172163,1.14958,1.14767
2026-09-21T12:49:13.159835+00:00,GBP_USD,1.33925,none,none,0,930.9825,3104.0,-1,no signal,19.607858700160023,61.53023278335616,1.3384631021987223,1.3384338581264696,1.34005,1.33796
2026-09-21T12:59:44.918292+00:00,XAU_USD,4363.205,none,none,0,929.344,0.0,1,no signal,20.934982659916354,55.291574419005315,4358.721936709525,4355.697809799524,4374.94,4340.1
2026-09-21T12:59:45.071609+00:00,EUR_USD,1.1487,none,none,0,929.344,0.0,-1,no signal,32.297127568917375,61.48246473687553,1.1480562818666913,1.1482559723172163,1.14958,1.14767
2026-09-21T12:59:45.486328+00:00,GBP_USD,1.33925,none,none,0,929.344,3104.0,-1,no signal,19.607858700160023,61.53023278335616,1.3384631021987223,1.3384338581264696,1.34005,1.33796
2026-09-21T13:17:34.662784+00:00,XAU_USD,4363.15,none,none,0,929.7187,0.0,1,no signal,18.96456814820365,54.89345012059666,4358.927916192138,4355.781357461548,4374.94,4342.05
2026-09-21T13:17:34.823851+00:00,EUR_USD,1.14832,none,none,0,929.7655,0.0,-1,no signal,32.39425137819837,51.67752309502128,1.1480871098663585,1.1482605510646542,1.14958,1.14793
2026-09-21T13:17:35.119072+00:00,GBP_USD,1.33918,none,none,0,929.7655,3104.0,-1,no signal,19.643275814981944,59.586085209281855,1.338515966312362,1.3384471712934918,1.34005,1.33796
2026-09-21T13:32:05.193614+00:00,XAU_USD,4364.395,none,none,0,929.2035,0.0,1,no signal,18.85428794643176,55.7838887603208,4359.142311638268,4355.875606101276,4374.94,4342.05
2026-09-21T13:32:05.603925+00:00,EUR_USD,1.1481,none,none,0,929.2035,0.0,-1,no signal,31.59015363950693,46.9226277159099,1.1480876153619237,1.1482593618645134,1.14958,1.14797
2026-09-21T13:32:06.147269+00:00,GBP_USD,1.33934,none,none,0,929.2035,3104.0,-1,no signal,20.020737474754252,62.06818440157628,1.3385482813593856,1.3384574842913313,1.34005,1.33796
2026-09-21T13:46:13.441762+00:00,XAU_USD,4352.975,none,none,0,928.8521,0.0,1,no signal,17.948050217073952,46.680881802067866,4358.900456276943,4355.837318895656,4374.94,4342.05
2026-09-21T13:46:14.797884+00:00,EUR_USD,1.14767,sell,sell,-21852,928.8521,0.0,-1,sell order FILLED (margin-capped size),29.36856785233715,39.30943922415981,1.1480712382889495,1.1482536336749838,1.14958,1.14798
2026-09-21T13:46:15.168928+00:00,GBP_USD,1.33865,none,none,0,927.6976,0.0,-1,no signal,18.903473383532695,48.293277218688324,1.3385522703243788,1.3384552485878112,1.34005,1.33796
2026-09-21T13:57:41.710229+00:00,XAU_USD,4352.975,none,none,0,931.924,0.0,1,no signal,17.948050217073952,46.680881802067866,4358.900456276943,4355.837318895656,4374.94,4342.05
2026-09-21T13:57:42.078960+00:00,EUR_USD,1.14767,sell,none,0,931.924,-21852.0,-1,already in matching position,29.36856785233715,39.30943922415981,1.1480712382889495,1.1482536336749838,1.14958,1.14798
2026-09-21T13:57:43.062025+00:00,GBP_USD,1.33865,none,none,0,931.924,0.0,-1,no signal,18.903473383532695,48.293277218688324,1.3385522703243788,1.3384552485878112,1.34005,1.33796
2026-09-21T14:14:13.354536+00:00,XAU_USD,4346.105,none,none,0,940.9857,0.0,1,no signal,17.491456501537645,42.21768701695068,4358.398673682853,4355.756404494361,4374.94,4342.05
2026-09-21T14:14:14.031793+00:00,EUR_USD,1.14724,sell,none,0,940.9857,-21852.0,-1,already in matching position,28.3907388473493,33.46251437906594,1.1480386407100607,1.1482469504585144,1.14958,1.14764
2026-09-21T14:14:14.288872+00:00,GBP_USD,1.33796,none,none,0,940.9857,0.0,-1,no signal,18.858856835684126,38.97751369483216,1.3385290440385178,1.3384546761853222,1.34005,1.33796
2026-09-21T14:30:49.219025+00:00,XAU_USD,4341.55,none,none,0,934.0272,0.0,1,no signal,20.39849196397968,39.95144166334936,4357.056211266317,4355.450415286063,4374.94,4322.81
2026-09-21T14:30:49.937910+00:00,EUR_USD,1.14725,none,none,0,934.1889,-21852.0,-1,no signal,28.477837844188997,36.75343347121535,1.1479678263529753,1.1482236008282718,1.14958,1.14666
2026-09-21T14:30:55.188086+00:00,GBP_USD,1.33778,none,none,0,934.1889,0.0,-1,no signal,21.600224441517792,39.94107771727089,1.3384556227368387,1.3384397407376765,1.34005,1.33685
2026-09-21T14:45:29.805795+00:00,XAU_USD,4332.32,none,none,0,932.5722,0.0,1,no signal,21.840183245330756,34.89431751260098,4356.086163768227,4355.228360304109,4374.94,4322.81
2026-09-21T14:45:31.407975+00:00,EUR_USD,1.14732,none,none,0,932.5722,-21852.0,-1,no signal,27.53848881895773,38.30167564942337,1.1479424213977005,1.1482137931294747,1.14958,1.14666
2026-09-21T14:45:32.901771+00:00,GBP_USD,1.3375,none,none,0,932.734,0.0,-1,no signal,22.660845770982423,37.180593504834206,1.338418147334368,1.338427123500454,1.34005,1.33685
2026-09-21T14:56:39.430201+00:00,XAU_USD,4332.32,none,none,0,932.4103,0.0,1,no signal,21.840183245330756,34.89431751260098,4356.086163768227,4355.228360304109,4374.94,4322.81
2026-09-21T14:56:40.348315+00:00,EUR_USD,1.14732,none,none,0,932.5721,-21852.0,-1,no signal,27.53848881895773,38.30167564942337,1.1479424213977005,1.1482137931294747,1.14958,1.14666
2026-09-21T14:56:40.541759+00:00,GBP_USD,1.3375,none,none,0,932.5721,0.0,-1,no signal,22.660845770982423,37.180593504834206,1.338418147334368,1.338427123500454,1.34005,1.33685
2026-09-21T15:10:53.659437+00:00,XAU_USD,4338.89,none,none,0,935.9697,0.0,1,no signal,23.17889657801387,40.65294135706066,4355.411804395447,4355.036152118417,4374.94,4322.81
2026-09-21T15:10:54.001639+00:00,EUR_USD,1.14725,none,none,0,935.9697,-21852.0,-1,no signal,27.0581165954761,37.31788289075619,1.1479152676175268,1.1482046114709765,1.14958,1.14666
2026-09-21T15:10:54.383995+00:00,GBP_USD,1.33737,none,none,0,935.9697,0.0,-1,no signal,24.053173910119266,35.9386626829546,1.3383770435175049,1.3384171492891779,1.34005,1.33685
2026-09-21T15:25:02.083941+00:00,XAU_USD,4349.445,none,none,0,938.8829,0.0,1,no signal,23.246351327164337,48.529488094651825,4355.177812075703,4355.010700630922,4374.94,4322.81
2026-09-21T15:25:03.466963+00:00,EUR_USD,1.14706,none,none,0,939.0447,-21852.0,-1,no signal,26.612056673671727,34.71171626565055,1.1478817277108715,1.148192950086852,1.14958,1.14666
2026-09-21T15:25:03.974973+00:00,GBP_USD,1.33737,none,none,0,939.0447,0.0,-1,no signal,25.463641852336387,35.9386626829546,1.3383375516151144,1.338407546539045,1.34005,1.33685
2026-09-21T15:38:01.404483+00:00,XAU_USD,4350.915,none,none,0,938.8843,0.0,1,no signal,22.852521759072175,49.53405495229327,4355.010642988346,4355.013365724727,4371.03,4322.81
2026-09-21T15:38:01.745998+00:00,EUR_USD,1.14692,none,none,0,938.8843,-21852.0,-1,no signal,26.480517877684825,32.889095836598045,1.1478440128985947,1.148180011701574,1.14922,1.14666
2026-09-21T15:38:02.061768+00:00,GBP_USD,1.33716,none,none,0,938.8843,0.0,-1,no signal,26.79781883066249,33.82211912127667,1.3382913731207888,1.3383963581093143,1.33978,1.33685
2026-09-21T15:50:22.468790+00:00,XAU_USD,4349.83,none,none,0,941.7969,0.0,1,no signal,22.18185152142314,48.777334436215675,4354.80748050235,4354.911328042614,4369.855,4322.81
2026-09-21T15:50:22.845505+00:00,EUR_USD,1.14685,none,none,0,942.4441,-21852.0,-1,no signal,26.459709390134915,31.98478391676693,1.1478050320015951,1.148169908229779,1.14886,1.14666
2026-09-21T15:50:23.882805+00:00,GBP_USD,1.33698,none,none,0,942.4441,0.0,-1,no signal,28.372352046287734,32.0782501043,1.3382399467246229,1.3383845788235071,1.33946,1.33685
2026-09-21T16:00:12.993456+00:00,XAU_USD,4348.085,none,none,0,941.6343,0.0,1,no signal,21.737507793504534,47.51997849301659,4354.543853816294,4354.844391160813,4369.855,4322.81
2026-09-21T16:00:13.405750+00:00,EUR_USD,1.14681,none,none,0,941.6343,-21852.0,-1,no signal,26.626319360526583,31.452590646623534,1.1477660111395145,1.148158690634315,1.14875,1.14666
2026-09-21T16:00:15.595539+00:00,GBP_USD,1.33705,none,none,0,941.6343,0.0,-1,no signal,29.631949445927983,33.513918055872054,1.3381932821475289,1.3383723882932665,1.33945,1.33676
2026-09-21T16:19:10.515670+00:00,XAU_USD,4351.595,none,none,0,935.8083,0.0,1,no signal,21.49309342143327,50.295425286870135,4354.428212484345,4354.793548272796,4369.855,4322.81
2026-09-21T16:19:10.980506+00:00,EUR_USD,1.14701,none,none,0,935.8083,-21852.0,-1,no signal,26.51707873146374,37.08905606203427,1.1477363636435478,1.1481463081233512,1.14868,1.14666
2026-09-21T16:19:11.783259+00:00,GBP_USD,1.33718,none,none,0,935.8083,0.0,-1,no signal,30.39064868099673,36.210563808649574,1.3381535455929379,1.3383612042712836,1.33945,1.33674
2026-09-21T16:33:55.382593+00:00,XAU_USD,4350.895,none,none,0,935.3227,0.0,1,no signal,21.060240549117747,49.73056903826941,4354.289655121117,4354.720083328998,4369.855,4322.81
2026-09-21T16:33:55.591025+00:00,EUR_USD,1.14701,none,none,0,935.3227,-21852.0,-1,no signal,25.791921620078703,37.089056062034274,1.1477078787949742,1.1481356140591943,1.14849,1.14666
2026-09-21T16:33:55.774913+00:00,GBP_USD,1.33718,none,none,0,935.3227,0.0,-1,no signal,30.558706285783103,36.210563808649574,1.338115367334006,1.3383482260262838,1.33945,1.33674
2026-09-21T16:47:21.932484+00:00,XAU_USD,4343.91,none,none,0,937.5885,0.0,1,no signal,21.247727482837547,44.375052263330296,4353.882609826057,4354.624633889851,4364.74,4322.81
2026-09-21T16:47:22.380477+00:00,EUR_USD,1.14698,none,none,0,937.5884,-21852.0,-1,no signal,25.118561445221196,36.565993301155174,1.1476793345287613,1.1481249320576188,1.14812,1.14666
2026-09-21T16:47:23.186635+00:00,GBP_USD,1.33714,none,none,0,937.5884,0.0,-1,no signal,30.7491411935897,35.69394089534126,1.3380771176349757,1.3383372927378079,1.33937,1.33674
2026-09-21T16:58:27.859552+00:00,XAU_USD,4343.91,none,none,0,939.0464,0.0,1,no signal,21.247727482837547,44.375052263330296,4353.882609826057,4354.624633889851,4364.74,4322.81
2026-09-21T16:58:28.418408+00:00,EUR_USD,1.14698,none,none,0,939.2083,-21852.0,-1,no signal,25.118561445221196,36.565993301155174,1.1476793345287613,1.1481249320576188,1.14812,1.14666
2026-09-21T16:58:28.589017+00:00,GBP_USD,1.33714,none,none,0,939.2083,0.0,-1,no signal,30.7491411935897,35.69394089534126,1.3380771176349757,1.3383372927378079,1.33937,1.33674
2026-09-21T17:13:07.513946+00:00,XAU_USD,4343.395,none,none,0,937.4269,0.0,1,no signal,21.481703898523982,43.99882991963964,4353.471330994255,4354.4648842727875,4357.105,4322.81
2026-09-21T17:13:08.086891+00:00,EUR_USD,1.14694,none,none,0,937.4269,-21852.0,-1,no signal,24.764847169738317,35.840218164890416,1.1476503410160965,1.1481076293298775,1.14768,1.14666
2026-09-21T17:13:08.516912+00:00,GBP_USD,1.33693,none,none,0,937.4269,0.0,-1,no signal,31.28306734979583,33.02962334722319,1.338032132628698,1.3383201593495078,1.33866,1.33674
2026-09-21T17:25:33.539226+00:00,XAU_USD,4346.18,none,none,0,939.0447,0.0,1,no signal,21.818810215456477,46.63379394115339,4353.185396450509,4354.398508313671,4357.105,4322.81
2026-09-21T17:25:34.461211+00:00,EUR_USD,1.14691,none,none,0,938.8828,-21852.0,-1,no signal,24.436398199647073,35.27471611352455,1.147621308033575,1.1480909488530833,1.14759,1.14666
2026-09-21T17:25:34.847230+00:00,GBP_USD,1.33708,none,none,0,939.0446,0.0,-1,no signal,31.894342531123925,36.66612819923049,1.337994794092785,1.3383031917960682,1.33799,1.33674
2026-09-21T17:38:44.409463+00:00,XAU_USD,4345.895,none,none,0,942.6071,0.0,1,no signal,22.180490740522295,46.39322668686594,4352.899498532625,4354.257071355197,4357.105,4332.095
2026-09-21T17:38:44.629213+00:00,EUR_USD,1.14699,none,none,0,942.6071,-21852.0,-1,no signal,24.36217117982934,38.080439306341546,1.1475965508554453,1.148078905277089,1.14759,1.14666
2026-09-21T17:38:45.237424+00:00,GBP_USD,1.33728,none,none,0,942.4452,0.0,-1,no signal,32.03830787208128,41.24706613770602,1.3379667629493668,1.3382849804330121,1.33791,1.33674
2026-09-21T17:49:06.326213+00:00,XAU_USD,4340.775,none,none,0,941.7978,0.0,1,no signal,22.950263352090975,42.18319806405791,4352.424028006888,4354.138675849614,4357.105,4332.095
2026-09-21T17:49:07.741400+00:00,EUR_USD,1.1467,none,none,0,941.7978,-21852.0,-1,no signal,24.731921825363788,32.568968008437935,1.1475613919992471,1.1480679750329823,1.14759,1.14666
2026-09-21T17:49:07.978700+00:00,GBP_USD,1.33695,none,none,0,941.7978,0.0,-1,no signal,32.39604881008637,36.549542806107986,1.3379268898933416,1.3382742830905863,1.33791,1.33674
2026-09-21T17:58:24.285802+00:00,XAU_USD,4340.775,none,none,0,943.0902,0.0,1,no signal,22.950263352090975,42.18319806405791,4352.424028006888,4354.138675849614,4357.105,4332.095
2026-09-21T17:58:24.513392+00:00,EUR_USD,1.1467,none,none,0,943.0902,-21852.0,-1,no signal,24.731921825363788,32.568968008437935,1.1475613919992471,1.1480679750329823,1.14759,1.14666
2026-09-21T17:58:25.147982+00:00,GBP_USD,1.33695,none,none,0,943.0902,0.0,-1,no signal,32.39604881008637,36.549542806107986,1.3379268898933416,1.3382742830905863,1.33791,1.33674
2026-09-21T18:17:39.639453+00:00,XAU_USD,4350.075,none,none,0,941.7943,0.0,1,no signal,23.333038879047336,51.2284966676648,4352.03937763854,4353.9961605935,4357.105,4337.55
2026-09-21T18:17:40.452914+00:00,EUR_USD,1.1467,none,none,0,941.7943,-21852.0,-1,no signal,25.609648818056872,33.779401647696986,1.1474928958819686,1.1480388089878406,1.14738,1.14662
2026-09-21T18:17:41.386332+00:00,GBP_USD,1.33715,none,none,0,941.7943,0.0,-1,no signal,32.69018363844206,41.14323909626578,1.3378622539926586,1.3382520126566833,1.33756,1.33674
2026-09-21T18:35:46.643998+00:00,XAU_USD,4350.185,none,none,0,947.2986,0.0,1,no signal,22.726368611870534,51.32847233193813,4351.966656935344,4353.921693698935,4357.105,4337.55
2026-09-21T18:35:46.831496+00:00,EUR_USD,1.14658,none,none,0,947.2986,0.0,-1,no signal,25.673157679160358,31.566441578255336,1.1474570960415558,1.1480182366859963,1.14727,1.14658
2026-09-21T18:35:47.486080+00:00,GBP_USD,1.33715,none,none,0,947.2986,0.0,-1,no signal,32.184556045730105,41.14323909626578,1.3378343224620581,1.3382363516433875,1.33754,1.33674
2026-09-21T18:51:17.960698+00:00,XAU_USD,4347.085,none,none,0,947.2986,0.0,1,no signal,22.515775623672873,48.32219852317695,4351.77521940714,4353.849447559434,4357.105,4337.55
2026-09-21T18:51:18.599857+00:00,EUR_USD,1.14627,sell,sell,-22313,947.2986,0.0,-1,sell order FILLED (margin-capped size),26.584582154743035,26.70012791556033,1.1474105432577093,1.1480075105699472,1.14727,1.14653
2026-09-21T18:51:18.807632+00:00,GBP_USD,1.33666,sell,sell,-6237,945.9499,0.0,-1,sell order FILLED (margin-capped size),32.8547397485223,33.974927203835705,1.3377882706028126,1.33822706361101,1.33754,1.33674
2026-09-21T19:01:05.501455+00:00,XAU_USD,4346.12,none,none,0,943.9019,0.0,1,no signal,22.351543576872125,47.39168508731217,4351.553446058726,4353.650619224049,4357.105,4337.55
2026-09-21T19:01:05.705714+00:00,EUR_USD,1.1465,none,none,0,943.8077,-22313.0,-1,no signal,27.430904882069804,34.73873471391474,1.1473748356782483,1.147990196635067,1.14727,1.14622
2026-09-21T19:01:07.824240+00:00,GBP_USD,1.33688,none,none,0,943.8077,-6237.0,-1,no signal,33.47705318682936,39.104867139243254,1.33775265214703,1.3382112100556534,1.33754,1.3365
2026-09-21T19:17:05.071921+00:00,XAU_USD,4345.685,none,none,0,937.8718,0.0,1,no signal,22.708575865715794,46.95276669646816,4351.323310905239,4353.52705629776,4357.105,4337.55
2026-09-21T19:17:05.861653+00:00,EUR_USD,1.14674,none,none,0,937.8718,0.0,-1,no signal,27.051118956695657,41.89900223855317,1.1473499401636151,1.1479846303028605,1.14727,1.14622
2026-09-21T19:17:07.451885+00:00,GBP_USD,1.33713,none,none,0,937.8718,-6237.0,-1,no signal,32.83098277037564,44.39224963035118,1.337728234416416,1.338202493361089,1.33754,1.3365
2026-09-21T19:31:33.476520+00:00,XAU_USD,4348.995,none,none,0,937.2597,0.0,1,no signal,22.21542259895552,50.69472090820889,4351.232004603746,4353.509046628557,4357.105,4337.55
2026-09-21T19:31:34.041400+00:00,EUR_USD,1.1468,none,none,0,937.2597,0.0,-1,no signal,26.089785328856756,43.566015914186316,1.147328373881662,1.1479695763535473,1.14727,1.14622
2026-09-21T19:31:34.440752+00:00,GBP_USD,1.33729,none,none,0,937.2597,0.0,-1,no signal,31.605689931406005,47.53215139085091,1.3377110487527701,1.338192597179379,1.33754,1.3365
2026-09-21T19:43:42.027131+00:00,XAU_USD,4348.995,none,none,0,937.2597,0.0,1,no signal,22.21542259895552,50.69472090820889,4351.232004603746,4353.509046628557,4357.105,4337.55
2026-09-21T19:43:42.418746+00:00,EUR_USD,1.1468,none,none,0,937.2597,0.0,-1,no signal,26.089785328856756,43.566015914186316,1.147328373881662,1.1479695763535473,1.14727,1.14622
2026-09-21T19:43:42.765930+00:00,GBP_USD,1.33729,none,none,0,937.2597,0.0,-1,no signal,31.605689931406005,47.53215139085091,1.3377110487527701,1.338192597179379,1.33754,1.3365
2026-09-21T19:52:59.368778+00:00,XAU_USD,4347.915,none,none,0,937.2597,0.0,1,no signal,21.12182342810077,49.468565569526994,4351.10192599775,4353.472201352878,4352.73,4337.55
2026-09-21T19:52:59.519842+00:00,EUR_USD,1.14679,none,none,0,937.2597,0.0,-1,no signal,24.969185795482474,43.34280981007374,1.1473072611812976,1.1479606294818134,1.14718,1.14622
2026-09-21T19:52:59.683912+00:00,GBP_USD,1.33722,none,none,0,937.2597,0.0,-1,no signal,30.19872190255847,46.30038575310558,1.3376917919403055,1.3381872750396595,1.3375,1.3365
2026-09-21T20:04:37.105096+00:00,XAU_USD,4345.085,none,none,0,937.2597,0.0,1,no signal,20.565677129182014,46.307854616029836,4350.865968121424,4353.407631546683,4353.795,4337.55
2026-09-21T20:04:38.071172+00:00,EUR_USD,1.14644,none,none,0,937.2597,0.0,-1,no signal,24.91185572251457,36.32750534044401,1.147273250939001,1.1479458391092785,1.14706,1.14622
2026-09-21T20:04:38.611408+00:00,GBP_USD,1.33672,none,none,0,937.2597,0.0,-1,no signal,30.023912665908853,38.604846016462645,1.3376536824520866,1.3381715183731677,1.33746,1.3365
2026-09-21T20:20:58.020767+00:00,XAU_USD,4341.54,none,none,0,937.2597,0.0,1,no signal,20.501804864452748,42.63318942636335,4350.500243887582,4353.309315293884,4353.795,4337.55
2026-09-21T20:20:59.320316+00:00,EUR_USD,1.14639,none,none,0,937.2597,0.0,-1,no signal,25.032116738962642,35.444893436246815,1.1472386136487087,1.1479349177287157,1.14706,1.14622
2026-09-21T20:21:00.481572+00:00,GBP_USD,1.33672,none,none,0,937.2597,0.0,-1,no signal,29.901263537169747,38.604846016462645,1.337617067455827,1.3381629960861785,1.33746,1.3365
2026-09-21T20:32:46.082237+00:00,XAU_USD,4340.79,none,none,0,937.2597,0.0,1,no signal,20.638681929592888,41.876079676706524,4350.119450010943,4353.188896275162,4353.795,4337.55
2026-09-21T20:32:46.336081+00:00,EUR_USD,1.1465,none,none,0,937.2597,0.0,-1,no signal,25.04099891220373,38.95860432528329,1.1472096484075398,1.1479205038327405,1.14706,1.14622
2026-09-21T20:32:47.318906+00:00,GBP_USD,1.33703,none,none,0,937.2597,0.0,-1,no signal,28.805085633566758,45.159057383171486,1.3375940452034274,1.338154172430618,1.33746,1.3365
2026-09-21T20:44:52.514388+00:00,XAU_USD,4340.79,none,none,0,937.2597,0.0,1,no signal,20.638681929592888,41.876079676706524,4350.119450010943,4353.188896275162,4353.795,4337.55
2026-09-21T20:44:52.761161+00:00,EUR_USD,1.1465,none,none,0,937.2597,0.0,-1,no signal,25.04099891220373,38.95860432528329,1.1472096484075398,1.1479205038327405,1.14706,1.14622
2026-09-21T20:44:53.017179+00:00,GBP_USD,1.33703,none,none,0,937.2597,0.0,-1,no signal,28.805085633566758,45.159057383171486,1.3375940452034274,1.338154172430618,1.33746,1.3365
2026-09-21T20:54:32.372488+00:00,XAU_USD,4342.085,none,none,0,937.2597,0.0,1,no signal,20.50198902957935,43.734095913876025,4349.804373534685,4353.061736560405,4353.795,4337.55
2026-09-21T20:54:32.637840+00:00,EUR_USD,1.1465,none,none,0,937.2597,0.0,-1,no signal,24.582491183044986,38.95860432528329,1.1471818190587377,1.147908002757804,1.14704,1.14622
2026-09-21T20:54:32.820754+00:00,GBP_USD,1.33683,none,none,0,937.2597,0.0,-1,no signal,27.443986296368006,42.04081104597229,1.3375640826461948,1.3381402479935725,1.33746,1.3365
2026-09-21T21:07:27.784815+00:00,XAU_USD,4343.545,none,none,0,937.2597,0.0,-1,no signal,20.062087099078592,45.83628054604166,4349.558907905874,4352.9670426642815,4353.795,4339.305
2026-09-21T21:07:28.679581+00:00,EUR_USD,1.1464,none,none,0,937.2597,0.0,-1,no signal,24.466170062481694,36.84423132639582,1.1471511594879358,1.1478934060781276,1.14694,1.14622
2026-09-21T21:07:29.176412+00:00,GBP_USD,1.33681,none,none,0,937.2597,0.0,-1,no signal,26.40987169379968,41.73049532665562,1.33753451077838,1.3381291213633923,1.33746,1.3365
2026-09-21T21:22:14.378147+00:00,XAU_USD,4343.545,none,none,0,937.2597,0.0,-1,no signal,20.062087099078592,45.83628054604166,4349.558907905874,4352.9670426642815,4353.795,4339.305
2026-09-21T21:22:14.739242+00:00,EUR_USD,1.14674,none,none,0,937.2597,0.0,-1,no signal,22.7570940783144,47.31399911100359,1.1471350355879242,1.147886625113963,1.14694,1.14622
2026-09-21T21:22:15.298053+00:00,GBP_USD,1.33671,none,none,0,937.2597,0.0,-1,no signal,25.915612203954527,40.13529992037574,1.337502177024034,1.3381203089503737,1.33746,1.3365
2026-09-21T21:34:43.029783+00:00,XAU_USD,4343.545,none,none,0,937.2597,0.0,-1,no signal,20.062087099078592,45.83628054604166,4349.558907905874,4352.9670426642815,4353.795,4339.305
2026-09-21T21:34:43.326054+00:00,EUR_USD,1.14652,none,none,0,937.2597,0.0,-1,no signal,21.133137676339196,42.414346886505136,1.14711091654571,1.1478744559842353,1.14694,1.14622
2026-09-21T21:34:43.737608+00:00,GBP_USD,1.33694,none,none,0,937.2597,0.0,-1,no signal,24.407153197446295,45.31321868965487,1.3374801308669142,1.3381107423047875,1.33746,1.3365
2026-09-21T21:44:51.574602+00:00,XAU_USD,4343.545,none,none,0,937.2597,0.0,-1,no signal,20.062087099078592,45.83628054604166,4349.558907905874,4352.9670426642815,4353.795,4339.305
2026-09-21T21:44:52.382324+00:00,EUR_USD,1.14652,none,none,0,937.2597,0.0,-1,no signal,21.133137676339196,42.414346886505136,1.14711091654571,1.1478744559842353,1.14694,1.14622
2026-09-21T21:44:53.168015+00:00,GBP_USD,1.33694,none,none,0,937.2597,0.0,-1,no signal,24.407153197446295,45.31321868965487,1.3374801308669142,1.3381107423047875,1.33746,1.3365
2026-09-21T21:55:29.991091+00:00,XAU_USD,4343.545,none,none,0,937.2597,0.0,-1,no signal,20.062087099078592,45.83628054604166,4349.558907905874,4352.9670426642815,4353.795,4339.305
2026-09-21T21:55:31.689576+00:00,EUR_USD,1.14654,none,none,0,937.2597,0.0,-1,no signal,19.910375609924724,42.99231120852226,1.1470885276612226,1.1478600889541997,1.14694,1.14622
2026-09-21T21:55:32.021136+00:00,GBP_USD,1.33718,none,none,0,937.2597,0.0,-1,no signal,22.902902615573215,50.15773356131669,1.3374683610292095,1.3381021617254754,1.33746,1.3365
2026-09-21T22:09:25.438296+00:00,XAU_USD,4343.545,none,none,0,937.2597,0.0,-1,no signal,20.062087099078592,45.83628054604166,4349.55890791439,4352.994128082619,4353.795,4339.305
2026-09-21T22:09:25.887748+00:00,EUR_USD,1.14669,none,none,0,937.2597,0.0,-1,no signal,19.36793185563982,47.267097028808365,1.1470728991253598,1.147848037955149,1.14694,1.14622
2026-09-21T22:09:26.243210+00:00,GBP_USD,1.33678,none,none,0,937.2597,0.0,-1,no signal,21.310805250583588,43.27667506067485,1.337441366479237,1.3380896183717454,1.33746,1.33654
2026-09-21T22:24:14.892187+00:00,XAU_USD,4349.63,none,none,0,937.2597,0.0,-1,no signal,18.88322667856464,53.614807006281985,4349.561695831239,4352.9349638562135,4353.795,4339.305
2026-09-21T22:24:15.844092+00:00,EUR_USD,1.14648,none,none,0,937.2597,0.0,-1,no signal,18.095566493917737,42.46605445306991,1.1470496481787107,1.1478326562379995,1.14694,1.14638
2026-09-21T22:24:16.465969+00:00,GBP_USD,1.33697,none,none,0,937.2597,0.0,-1,no signal,19.832429125950394,46.99632141054551,1.337422881518946,1.3380774570832108,1.33746,1.33646
2026-09-21T22:37:45.487899+00:00,XAU_USD,4352.74,none,none,0,937.2597,0.0,-1,no signal,18.18113052956079,57.01272765151535,4349.6863351991315,4352.897159556885,4353.795,4339.305
2026-09-21T22:37:45.989718+00:00,EUR_USD,1.14647,none,none,0,937.2597,0.0,-1,no signal,16.91408437231863,42.246001285959565,1.147026916877756,1.1478196418999818,1.14694,1.14629
2026-09-21T22:37:46.298952+00:00,GBP_USD,1.33704,none,none,0,937.2597,0.0,-1,no signal,18.459651295933863,48.34038633400388,1.3374078665578468,1.3380684952034572,1.33746,1.33646
2026-09-21T22:48:37.038226+00:00,XAU_USD,4352.96,none,none,0,937.2597,0.0,-1,no signal,17.54811286797555,57.25129106620674,4349.814714227437,4352.950288353136,4353.795,4339.305
2026-09-21T22:48:37.788814+00:00,EUR_USD,1.14641,none,none,0,937.2597,0.0,-1,no signal,15.816993830833756,40.8773147225578,1.1470027240593201,1.1478065683658294,1.14694,1.14629
2026-09-21T22:48:38.071267+00:00,GBP_USD,1.33691,none,none,0,937.2597,0.0,-1,no signal,17.232310249932553,46.00709461724583,1.3373883423797064,1.3380588733948167,1.33746,1.33646
2026-09-21T22:58:02.482450+00:00,XAU_USD,4352.96,none,none,0,937.2597,0.0,-1,no signal,17.54811286797555,57.25129106620674,4349.814714227437,4352.950288353136,4353.795,4339.305
2026-09-21T22:58:02.672218+00:00,EUR_USD,1.14641,none,none,0,937.2597,0.0,-1,no signal,15.816993830833756,40.8773147225578,1.1470027240593201,1.1478065683658294,1.14694,1.14629
2026-09-21T22:58:02.889644+00:00,GBP_USD,1.33691,none,none,0,937.2597,0.0,-1,no signal,17.232310249932553,46.00709461724583,1.3373883423797064,1.3380588733948167,1.33746,1.33646
2026-09-21T23:13:34.799959+00:00,XAU_USD,4361.095,buy,buy,3,937.2597,0.0,-1,buy order FILLED (margin-capped size),18.616258029616215,64.98864454677127,4350.25707835667,4352.971817198924,4353.795,4339.305
2026-09-21T23:13:35.316163+00:00,EUR_USD,1.14646,none,none,0,935.5827,0.0,-1,no signal,14.750862440814387,42.54774709061685,1.1469814407626413,1.147792421083658,1.14688,1.14629
2026-09-21T23:13:35.490124+00:00,GBP_USD,1.33705,none,none,0,935.5374,0.0,-1,no signal,16.163264080663993,48.869357627106275,1.3373750740508343,1.3380480182077965,1.33742,1.33646
2026-09-21T23:27:40.164043+00:00,XAU_USD,4359.86,none,none,0,929.1011,3.0,-1,no signal,19.711673362290846,63.12081969800321,4350.63366351416,4353.02446576549,4365.215,4339.305
2026-09-21T23:27:40.524031+00:00,EUR_USD,1.14642,none,none,0,929.1011,0.0,-1,no signal,13.760883292939265,41.53667722228079,1.1469594234780236,1.1477793776368106,1.14688,1.14629
2026-09-21T23:27:41.017179+00:00,GBP_USD,1.33697,none,none,0,929.0785,0.0,-1,no signal,15.170578352057468,47.32547439261405,1.3373591887942813,1.3380383805195044,1.33742,1.33646
2026-09-21T23:40:51.094279+00:00,XAU_USD,4360.24,none,none,0,950.0338,3.0,-1,no signal,20.413354439244525,63.46872799540321,4351.010382565204,4353.010922642133,4366.175,4339.305
2026-09-21T23:40:51.824236+00:00,EUR_USD,1.14636,none,none,0,950.0338,0.0,-1,no signal,13.356114716764612,40.00116532857998,1.1469359166748794,1.147764982260986,1.14688,1.14629
2026-09-21T23:40:52.008678+00:00,GBP_USD,1.33694,none,none,0,950.0338,0.0,-1,no signal,14.326097799794761,46.72928681232271,1.3373427500180988,1.3380276555215511,1.33742,1.33646
2026-09-21T23:50:44.576556+00:00,XAU_USD,4368.545,buy,none,0,943.3021,3.0,-1,already in matching position,21.725026142108636,70.10623342660742,4351.698014611327,4353.133233067772,4366.175,4339.305
2026-09-21T23:50:44.971816+00:00,EUR_USD,1.14642,none,none,0,943.1022,0.0,-1,no signal,12.98025818174529,42.29834205882791,1.1469156846483708,1.1477514632452874,1.14688,1.14628
2026-09-21T23:50:45.322672+00:00,GBP_USD,1.33702,none,none,0,942.9022,0.0,-1,no signal,13.662235747129824,48.589212615763,1.3373300931542373,1.3380163360759685,1.33742,1.33646
2026-09-22T00:24:36.144233+00:00,XAU_USD,4370.15,none,none,0,932.3886,3.0,-1,no signal,24.595972498972063,71.27141019404876,4353.0561911293125,4353.5114512694745,4370.77,4339.305
2026-09-22T00:24:36.535209+00:00,EUR_USD,1.14678,none,none,0,932.23,0.0,-1,no signal,12.697872171481288,54.27354945495017,1.1468894266966267,1.147724576237557,1.14688,1.14628
2026-09-22T00:24:36.806439+00:00,GBP_USD,1.33732,none,none,0,932.5019,0.0,-1,no signal,13.128034965904758,54.946985200144546,1.3373119852595388,1.337993955807365,1.33742,1.33646
2026-09-22T00:42:06.537979+00:00,XAU_USD,4358.46,none,none,0,911.4984,0.0,-1,no signal,24.286111056810782,54.53663397268231,4353.26810519785,4353.545344425064,4376.005,4339.305
2026-09-22T00:42:06.915942+00:00,EUR_USD,1.14684,none,none,0,911.4984,0.0,-1,no signal,13.338338132933652,55.83555530558163,1.1468874883938995,1.147712916223723,1.14688,1.14628
2026-09-22T00:42:07.149850+00:00,GBP_USD,1.33727,none,none,0,911.4984,0.0,-1,no signal,13.290478554371694,53.82545747052435,1.3373103387780019,1.337984302329657,1.33742,1.33646
2026-09-22T00:55:32.232113+00:00,XAU_USD,4355.58,none,none,0,911.4984,0.0,-1,no signal,22.558750193117163,51.33840475149096,4353.358767758312,4353.626668053054,4376.005,4339.305
2026-09-22T00:55:33.861590+00:00,EUR_USD,1.14691,none,none,0,911.4984,0.0,-1,no signal,14.113843991841117,57.6530324342584,1.1468883712018112,1.147704382577047,1.1469,1.14628
2026-09-22T00:55:34.815224+00:00,GBP_USD,1.33747,none,none,0,911.4984,0.0,-1,no signal,13.799051909030354,57.557225091319125,1.3373166000020091,1.3379779599248713,1.33742,1.33646
2026-09-22T01:08:22.668264+00:00,XAU_USD,4360.42,none,none,0,911.4984,0.0,-1,no signal,21.092804845236124,56.00754591315021,4353.635678801998,4353.61596748175,4376.005,4340.715
2026-09-22T01:08:23.519278+00:00,EUR_USD,1.14706,buy,buy,21455,911.4984,0.0,-1,buy order FILLED (margin-capped size),15.436707019395907,61.32581526840817,1.1468951017429585,1.1476981069177403,1.14695,1.14628
2026-09-22T01:08:23.904151+00:00,GBP_USD,1.33742,none,none,0,910.202,0.0,-1,no signal,14.64385882542872,56.33151402605735,1.3373206549038055,1.3379721358695635,1.33748,1.33646
2026-09-22T01:21:47.098989+00:00,XAU_USD,4353.835,none,none,0,907.4467,0.0,-1,no signal,20.34337672708174,49.10413355940723,4353.643495334072,4353.664287396305,4376.005,4346.695
2026-09-22T01:21:47.991296+00:00,EUR_USD,1.1467,none,none,0,907.4467,0.0,-1,no signal,15.752747351353909,50.096014851317804,1.146887450694686,1.147689672689552,1.14713,1.14628
2026-09-22T01:21:48.163840+00:00,GBP_USD,1.3369,none,none,0,907.4467,0.0,-1,no signal,13.632385906317682,45.483299925304095,1.3373041586333891,1.3379624886581856,1.33759,1.33677
2026-09-22T01:34:38.274051+00:00,XAU_USD,4355.935,none,none,0,907.4467,0.0,-1,no signal,19.135258866290723,51.171141030890794,4353.733358267681,4353.704473462724,4376.005,4348.555
2026-09-22T01:34:38.552960+00:00,EUR_USD,1.14666,none,none,0,907.4467,0.0,-1,no signal,15.4283493780067,49.02187507262729,1.1468785310599003,1.1476803799435629,1.14713,1.14628
2026-09-22T01:34:38.859326+00:00,GBP_USD,1.33702,none,none,0,907.4467,0.0,-1,no signal,13.105226612612338,47.97327991659322,1.3372930151578268,1.3379539273073644,1.33759,1.33683
2026-09-22T01:45:48.760975+00:00,XAU_USD,4349.295,none,none,0,907.4467,0.0,-1,no signal,17.934085088431324,44.95436942299663,4353.559304996976,4353.643720758787,4376.005,4348.555
2026-09-22T01:45:48.987747+00:00,EUR_USD,1.14639,none,none,0,907.4467,0.0,-1,no signal,14.3548977777121,42.411452487673834,1.1468593729795047,1.147668765310802,1.14713,1.14628
2026-09-22T01:45:51.016151+00:00,GBP_USD,1.33634,none,none,0,907.4467,0.0,-1,no signal,13.882071632509032,37.516443603205175,1.3372556420143182,1.3379376641677379,1.33759,1.33676
2026-09-22T01:55:18.330832+00:00,XAU_USD,4349.295,none,none,0,907.4467,0.0,-1,no signal,17.934085088431324,44.95436942299663,4353.559304996976,4353.643720758787,4376.005,4348.555
2026-09-22T01:55:19.167643+00:00,EUR_USD,1.14639,none,none,0,907.4467,0.0,-1,no signal,14.3548977777121,42.411452487673834,1.1468593729795047,1.147668765310802,1.14713,1.14628
2026-09-22T01:55:19.782494+00:00,GBP_USD,1.33634,none,none,0,907.4467,0.0,-1,no signal,13.882071632509032,37.516443603205175,1.3372556420143182,1.3379376641677379,1.33759,1.33676
2026-09-22T02:09:17.379127+00:00,XAU_USD,4348.6,none,none,0,907.4467,0.0,-1,no signal,17.272466792231597,44.3470654713411,4353.364822462164,4353.638347919702,4376.005,4348.555
2026-09-22T02:09:18.053926+00:00,EUR_USD,1.14632,none,none,0,907.4467,0.0,-1,no signal,13.696719150109892,40.87262206604531,1.1468382210975063,1.1476539156303338,1.14713,1.14628
2026-09-22T02:09:18.637575+00:00,GBP_USD,1.33642,none,none,0,907.4467,0.0,-1,no signal,14.878390587143404,39.19563956130213,1.3372228717391612,1.3379222908164812,1.33759,1.33634
2026-09-22T02:25:07.894824+00:00,XAU_USD,4342.615,sell,sell,-3,907.4467,0.0,-1,sell order FILLED,16.896597193695346,39.40963853606633,4352.943260819383,4353.599915209993,4376.005,4343.61
2026-09-22T02:25:08.198079+00:00,EUR_USD,1.14664,none,none,0,905.9739,0.0,-1,no signal,13.27899021289598,49.83363094499805,1.146830447721198,1.1476440310790381,1.14713,1.14628
2026-09-22T02:25:08.431563+00:00,GBP_USD,1.33682,none,none,0,905.8606,0.0,-1,no signal,14.725627934013605,46.88217465098517,1.33720707284728,1.3379108463719498,1.33759,1.33623
2026-09-22T02:39:33.331853+00:00,XAU_USD,4351.52,none,none,0,891.0436,0.0,-1,no signal,16.796711315704144,48.58243492949926,4352.887446656989,4353.539101812369,4376.005,4341.75
2026-09-22T02:39:33.746149+00:00,EUR_USD,1.1471,none,none,0,891.0436,0.0,-1,no signal,14.419283896182554,59.366880993731804,1.146841018398883,1.14763889004973,1.14713,1.14628
2026-09-22T02:39:34.197287+00:00,GBP_USD,1.33735,none,none,0,891.0436,0.0,-1,no signal,14.583510672571444,54.999513254037524,1.337212677834046,1.3379064907797047,1.33759,1.33623
2026-09-22T02:51:42.743234+00:00,XAU_USD,4347.05,none,none,0,891.0436,0.0,-1,no signal,16.106715096508108,44.90729883511024,4352.6585271932845,4353.516012435322,4376.005,4339.8
2026-09-22T02:51:43.445108+00:00,EUR_USD,1.14706,none,none,0,891.0436,0.0,-1,no signal,15.478128030662935,58.32887758896295,1.1468496059125246,1.1476327216268432,1.14714,1.14628
2026-09-22T02:51:44.297084+00:00,GBP_USD,1.33758,none,none,0,891.0436,0.0,-1,no signal,14.776217039275473,57.99914638947053,1.337227082624611,1.3379024254694505,1.33759,1.33623
2026-09-22T03:02:04.193087+00:00,XAU_USD,4344.85,none,none,0,891.0436,0.0,-1,no signal,16.26136226065105,43.176136603424304,4352.352310452761,4353.468438022738,4376.005,4339.8
2026-09-22T03:02:04.793432+00:00,EUR_USD,1.14698,none,none,0,891.0436,0.0,-1,no signal,16.46134044125186,56.21198817712579,1.146854719406065,1.147625954669028,1.14714,1.1463
2026-09-22T03:02:05.386147+00:00,GBP_USD,1.3375,none,none,0,891.0436,0.0,-1,no signal,14.955158665500642,56.58625519261943,1.3372377852670185,1.3378991698278881,1.33759,1.33623
2026-09-22T03:21:07.240372+00:00,XAU_USD,4345.585,none,none,0,891.0436,0.0,-1,no signal,16.50836902267188,43.9534904431557,4352.086925742208,4353.431610761181,4376.005,4339.8
2026-09-22T03:21:08.077594+00:00,EUR_USD,1.1471,none,none,0,891.0436,0.0,-1,no signal,17.65136374644857,58.636940204798954,1.1468643382530785,1.1476213337735721,1.14714,1.1463
2026-09-22T03:21:08.484216+00:00,GBP_USD,1.33759,none,none,0,891.0436,0.0,-1,no signal,15.365722560080274,57.83082546414629,1.337251597609831,1.3378971823722314,1.33759,1.33623
2026-09-22T03:33:58.837921+00:00,XAU_USD,4346.145,none,none,0,891.0436,0.0,-1,no signal,16.644998705585483,44.575610608806215,4351.85390906692,4353.424268699301,4370.18,4339.65
2026-09-22T03:33:59.595949+00:00,EUR_USD,1.14734,buy,buy,20968,891.0436,0.0,-1,buy order FILLED (margin-capped size),19.45464038236714,63.04489420511599,1.1468829916551324,1.14761921497069,1.14716,1.1463
2026-09-22T03:34:00.127029+00:00,GBP_USD,1.33798,buy,buy,5873,889.9358,0.0,-1,buy order FILLED (margin-capped size),16.566956363809023,62.80664186064323,1.3372801624099802,1.3378997077736015,1.33768,1.33623
2026-09-22T03:47:07.019903+00:00,XAU_USD,4342.935,none,none,0,887.796,0.0,-1,no signal,16.2396027691489,41.71708953505206,4351.504147917071,4353.288184788721,4365.195,4339.65
2026-09-22T03:47:07.446108+00:00,EUR_USD,1.14743,none,none,0,887.796,20968.0,-1,no signal,21.35892671615569,64.5697021640504,1.1469044429626676,1.1476169919655883,1.14745,1.1463
2026-09-22T03:47:08.285488+00:00,GBP_USD,1.33822,buy,none,0,887.796,5873.0,-1,already in matching position,18.22897595425465,65.50417679977133,1.33731701878576,1.3379019420075202,1.33806,1.33623
2026-09-22T03:57:27.364744+00:00,XAU_USD,4342.935,none,none,0,888.9183,0.0,-1,no signal,16.2396027691489,41.71708953505206,4351.504147917071,4353.288184788721,4365.195,4339.65
2026-09-22T03:57:27.535551+00:00,EUR_USD,1.14743,none,none,0,888.9183,20968.0,-1,no signal,21.35892671615569,64.5697021640504,1.1469044429626676,1.1476169919655883,1.14745,1.1463
2026-09-22T03:57:27.704659+00:00,GBP_USD,1.33822,buy,none,0,888.9183,5873.0,-1,already in matching position,18.22897595425465,65.50417679977133,1.33731701878576,1.3379019420075202,1.33806,1.33623
2026-09-22T04:13:36.337070+00:00,XAU_USD,4341.825,none,none,0,892.0675,0.0,-1,no signal,15.95621539107842,40.744092807797955,4351.1245734906115,4353.179397419191,4365.195,4339.65
2026-09-22T04:13:37.014432+00:00,EUR_USD,1.14734,none,none,0,892.0675,20968.0,-1,no signal,22.901878246704094,61.822613091851416,1.14692152363052,1.1476133511270332,1.14756,1.1463
2026-09-22T04:13:37.296599+00:00,GBP_USD,1.33828,none,none,0,892.0675,5873.0,-1,no signal,19.822229320234133,66.1648616302599,1.3373547827545604,1.337904478809921,1.33837,1.33623
2026-09-22T04:28:56.135931+00:00,XAU_USD,4338.515,sell,none,0,890.7861,0.0,-1,"computed 0 units — insufficient margin (available=96.65, needed for 3 units)",16.45812258709419,37.90497574715924,4350.6300804087805,4353.021505545585,4365.195,4339.65
2026-09-22T04:28:56.802477+00:00,EUR_USD,1.14744,none,none,0,890.7861,20968.0,-1,no signal,24.641203503001513,63.671999359913464,1.1469418560369524,1.147610945702049,1.14756,1.1463
2026-09-22T04:28:57.012031+00:00,GBP_USD,1.3383,none,none,0,890.7861,5873.0,-1,no signal,21.471802429045425,66.39589968708353,1.3373918500975188,1.3379084143441506,1.3384,1.33623
2026-09-22T04:43:23.326948+00:00,XAU_USD,4337.635,none,none,0,892.0489,0.0,-1,no signal,16.92417926910885,37.163537382782344,4350.120469414477,4352.875143315594,4358.9,4335.075
2026-09-22T04:43:23.534515+00:00,EUR_USD,1.14755,none,none,0,892.0489,20968.0,-1,no signal,26.256291240991988,65.64354632372087,1.1469657048195816,1.147609590685189,1.14762,1.1463
2026-09-22T04:43:23.818510+00:00,GBP_USD,1.33833,none,none,0,892.0489,5873.0,-1,no signal,23.00354888722734,66.76252256669889,1.3374286402895375,1.3379118606343348,1.3385,1.33623
2026-09-22T04:54:44.199792+00:00,XAU_USD,4340.34,none,none,0,895.0264,0.0,-1,no signal,17.019218468833245,40.9848422209158,4349.736921597629,4352.760997889631,4357.185,4335.075
2026-09-22T04:54:45.039910+00:00,EUR_USD,1.14764,buy,none,0,895.0264,20968.0,-1,already in matching position,27.99778761375234,67.21146023606671,1.1469921477675333,1.1476089405120264,1.14762,1.1463
2026-09-22T04:54:45.374906+00:00,GBP_USD,1.33844,none,none,0,895.0265,5873.0,-1,no signal,24.658083977745218,68.13527911562151,1.3374683014544613,1.3379165032680669,1.3385,1.33623
2026-09-22T05:07:31.924754+00:00,XAU_USD,4342.93,none,none,0,895.163,0.0,-1,no signal,16.70645171170986,44.467149571576215,4349.469983489811,4352.644258054561,4356.03,4335.075
2026-09-22T05:07:32.070841+00:00,EUR_USD,1.1478,buy,none,0,895.163,20968.0,-1,already in matching position,29.881112994771595,69.84609045615466,1.1470238282466823,1.1476090722022716,1.14769,1.1463
2026-09-22T05:07:32.213453+00:00,GBP_USD,1.33869,buy,none,0,895.163,5873.0,-1,already in matching position,26.52595889220095,71.06068250456026,1.3375162112006393,1.337921953977069,1.33853,1.33623
2026-09-22T05:22:29.501679+00:00,XAU_USD,4346.33,none,none,0,892.7312,0.0,-1,no signal,15.567181383011441,48.74298221003127,4349.3468468815345,4352.578775517427,4356.03,4335.075
2026-09-22T05:22:30.759171+00:00,EUR_USD,1.1477,none,none,0,892.7312,20968.0,-1,no signal,31.65017709851991,66.26240809744746,1.1470503447860494,1.1476100450102922,1.14782,1.14632
2026-09-22T05:22:32.125066+00:00,GBP_USD,1.3385,none,none,0,892.7312,5873.0,-1,no signal,28.260414169909843,66.09432383396593,1.3375547911535983,1.3379278417864204,1.33873,1.3364
2026-09-22T05:35:38.164682+00:00,XAU_USD,4332.075,sell,none,0,887.7673,0.0,-1,"computed 0 units — insufficient margin (available=93.81, needed for 3 units)",16.748618845607346,36.16884144419061,4348.66951954844,4352.360738764711,4356.03,4335.075
2026-09-22T05:35:39.662849+00:00,EUR_USD,1.14754,none,none,0,887.7673,20968.0,-1,no signal,32.105007754549696,60.88011280301173,1.1470695469512382,1.1476091438835712,1.14783,1.14653
2026-09-22T05:35:40.064292+00:00,GBP_USD,1.33858,none,none,0,887.7673,5873.0,-1,no signal,29.764335795433727,67.13580814804322,1.3375949954218707,1.337933650384724,1.33873,1.33666
2026-09-22T05:48:03.503626+00:00,XAU_USD,4320.835,sell,none,0,884.903,0.0,-1,"computed 0 units — insufficient margin (available=90.93, needed for 3 units)",18.39616765672671,29.66961210162404,4347.577969759498,4352.038372960372,4356.03,4322.97
2026-09-22T05:48:03.713815+00:00,EUR_USD,1.14717,none,none,0,884.903,20968.0,-1,no signal,30.631796135018217,50.63694617815131,1.1470734862862273,1.1476039576469115,1.14783,1.1469
2026-09-22T05:48:04.057274+00:00,GBP_USD,1.33822,none,none,0,884.903,5873.0,-1,no signal,29.775646364189022,58.43690096313119,1.3376195054050057,1.3379354788274038,1.33873,1.33722
2026-09-22T05:56:56.479223+00:00,XAU_USD,4320.835,sell,none,0,882.7568,0.0,-1,"computed 0 units — insufficient margin (available=88.65, needed for 3 units)",18.39616765672671,29.66961210162404,4347.577969759498,4352.038372960372,4356.03,4322.97
2026-09-22T05:56:56.825061+00:00,EUR_USD,1.14717,none,none,0,882.7568,20968.0,-1,no signal,30.631796135018217,50.63694617815131,1.1470734862862273,1.1476039576469115,1.14783,1.1469
2026-09-22T05:56:57.023983+00:00,GBP_USD,1.33822,none,none,0,882.7569,5873.0,-1,no signal,29.775646364189022,58.43690096313119,1.3376195054050057,1.3379354788274038,1.33873,1.33722
2026-09-22T06:16:19.812446+00:00,XAU_USD,4319.81,none,none,0,877.7946,0.0,-1,no signal,21.705175180950413,30.8823721385085,4345.59124387401,4351.343822453768,4349.38,4316.3
2026-09-22T06:16:20.458704+00:00,EUR_USD,1.14641,sell,sell,-20673,877.7946,0.0,-1,sell order FILLED (margin-capped size),28.682874901257364,36.19696769135549,1.1470492197503024,1.1475839342831085,1.14783,1.14691
2026-09-22T06:16:21.320424+00:00,GBP_USD,1.33731,none,none,0,876.5456,0.0,-1,no signal,28.261818830036788,42.404983767075734,1.3376277325925399,1.3379261953383952,1.33873,1.33731
2026-09-22T06:37:25.421509+00:00,XAU_USD,4318.285,none,none,0,881.0091,0.0,-1,no signal,23.357234468346036,30.067278561298977,4344.520410763249,4350.9587005225485,4349.38,4315.28
2026-09-22T06:37:25.902597+00:00,EUR_USD,1.14618,sell,none,0,881.0091,-20673.0,-1,already in matching position,29.18895631207322,33.1056362321425,1.1470151327014424,1.147570509218273,1.14783,1.14628
2026-09-22T06:37:26.323842+00:00,GBP_USD,1.33718,none,none,0,881.0091,0.0,-1,no signal,27.968259398317173,40.67988174440407,1.337610174451699,1.3379189066167874,1.33873,1.33716
2026-09-22T06:53:20.695279+00:00,XAU_USD,4320.33,none,none,0,879.6314,0.0,-1,no signal,24.91797828318839,32.634950895312386,4343.571767212926,4350.682622016259,4349.38,4315.28
2026-09-22T06:53:20.865387+00:00,EUR_USD,1.14608,none,none,0,879.6314,-20673.0,-1,no signal,29.65888905068797,31.83270828887295,1.1469784608304978,1.1475547255273695,1.14783,1.14593
2026-09-22T06:53:21.243229+00:00,GBP_USD,1.33687,none,none,0,879.6314,0.0,-1,no signal,27.69566849743467,36.83196395390539,1.3375811480023772,1.3379077211430639,1.33873,1.33685
2026-09-22T07:05:46.375065+00:00,XAU_USD,4318.53,none,none,0,880.8569,0.0,-1,no signal,26.16188532764883,31.537340733906035,4342.589737144886,4350.422310570901,4347.485,4315.28
2026-09-22T07:05:46.791862+00:00,EUR_USD,1.14648,none,none,0,880.8569,-20673.0,-1,no signal,29.35694657917017,41.51907275698606,1.1469589133469702,1.1475440997948425,1.14783,1.14593
2026-09-22T07:05:47.084749+00:00,GBP_USD,1.3374,none,none,0,880.8569,0.0,-1,no signal,27.724571086426003,46.201445665123785,1.3375740441591895,1.3379028052990216,1.33873,1.33685
2026-09-22T07:22:07.342338+00:00,XAU_USD,4320.42,none,none,0,877.7946,0.0,-1,no signal,27.0086491275468,34.04565834563917,4341.720335684181,4350.110917946441,4347.485,4315.28
2026-09-22T07:22:07.762465+00:00,EUR_USD,1.14618,none,none,0,877.4823,-20673.0,-1,no signal,29.038076030882053,37.24449869398731,1.1469283677254352,1.1475302544472954,1.14783,1.14593
2026-09-22T07:22:08.946613+00:00,GBP_USD,1.33686,none,none,0,877.4823,0.0,-1,no signal,28.078728529282778,39.73463693357736,1.3375460424271999,1.3378916124811129,1.33873,1.33672
2026-09-22T07:36:00.355172+00:00,XAU_USD,4315.495,none,none,0,891.4288,0.0,-1,no signal,27.498060487485535,30.87158601624273,4340.691891157527,4349.798228056607,4347.485,4315.185
2026-09-22T07:36:02.090039+00:00,EUR_USD,1.14604,none,none,0,891.4288,0.0,-1,no signal,28.886901272290324,35.412226872596875,1.146893529776295,1.1475182162512463,1.14783,1.14593
2026-09-22T07:36:02.226668+00:00,GBP_USD,1.33698,none,none,0,891.4288,0.0,-1,no signal,28.331673226459998,41.68791986319623,1.3375238446859194,1.3378856041318277,1.33873,1.33655
2026-09-22T07:48:14.672628+00:00,XAU_USD,4310.96,sell,sell,-3,891.4288,0.0,-1,sell order FILLED,28.61708577619919,28.259016443667974,4339.525934636443,4349.395547191338,4347.485,4315.185
2026-09-22T07:48:15.329116+00:00,EUR_USD,1.1455,sell,sell,-9589,890.4766,0.0,-1,sell order FILLED (margin-capped size),30.320003370465578,29.40356039748825,1.1468388815493888,1.1474969095288339,1.14783,1.14593
2026-09-22T07:48:15.758248+00:00,GBP_USD,1.33644,sell,sell,-2677,889.8969,0.0,-1,sell order FILLED (margin-capped size),29.954106544842702,36.02885091036221,1.3374813409724897,1.337870403365335,1.33873,1.33655
2026-09-22T07:58:31.852512+00:00,XAU_USD,4310.96,sell,none,0,924.0105,-3.0,-1,"computed 0 units — insufficient margin (available=79.00, needed for 3 units)",28.61708577619919,28.259016443667974,4339.525934636443,4349.395547191338,4347.485,4315.185
2026-09-22T07:58:32.167915+00:00,EUR_USD,1.1455,sell,none,0,923.7437,-9589.0,-1,already in matching position,30.320003370465578,29.40356039748825,1.1468388815493888,1.1474969095288339,1.14783,1.14593
2026-09-22T07:58:32.960394+00:00,GBP_USD,1.33644,sell,none,0,923.3836,-2677.0,-1,already in matching position,29.954106544842702,36.02885091036221,1.3374813409724897,1.337870403365335,1.33873,1.33655
2026-09-22T08:16:39.315160+00:00,XAU_USD,4303.815,none,none,0,929.0343,-3.0,-1,no signal,32.074282786526204,27.141395484760977,4336.678454077028,4348.456692983099,4347.485,4299.595
2026-09-22T08:16:39.654509+00:00,EUR_USD,1.144,none,none,0,929.168,0.0,-1,no signal,34.50202846503001,19.277442037387843,1.1466462109186721,1.1474336144073705,1.14783,1.14467
2026-09-22T08:16:40.096314+00:00,GBP_USD,1.33502,sell,sell,-9028,928.9014,0.0,-1,sell order FILLED (margin-capped size),33.844465102234764,25.853263180537866,1.3373086580831548,1.3378174810632764,1.33873,1.33546
2026-09-22T08:33:02.675243+00:00,XAU_USD,4301.265,none,none,0,948.1641,-3.0,-1,no signal,33.72944559325997,25.91518460966411,4335.289691171728,4347.986103091465,4346.755,4299.18
2026-09-22T08:33:02.975464+00:00,EUR_USD,1.14374,none,none,0,949.0777,0.0,-1,no signal,36.96452540673121,18.068696701518704,1.1465322418629735,1.1473966578637629,1.14774,1.144
2026-09-22T08:33:03.637795+00:00,GBP_USD,1.33391,none,none,0,949.4792,0.0,-1,no signal,36.59975995783504,20.681248599504855,1.337175377373862,1.3377781242779823,1.33867,1.33499
2026-09-22T08:47:29.574843+00:00,XAU_USD,4320.365,none,none,0,897.5453,-3.0,-1,no signal,32.390301902756036,45.70262750470602,4334.7044091579755,4347.688944593489,4333.315,4297.85
2026-09-22T08:47:30.083927+00:00,EUR_USD,1.14518,none,none,0,897.9991,0.0,-1,no signal,35.87975103456203,40.369768211965415,1.146479212770201,1.1473742612975362,1.14752,1.14351
2026-09-22T08:47:30.277177+00:00,GBP_USD,1.3356,none,none,0,898.5437,0.0,-1,no signal,39.540870866127534,40.27266786823023,1.3371135978687907,1.3377557708614447,1.33857,1.33365
2026-09-22T08:58:31.621659+00:00,XAU_USD,4320.365,none,none,0,888.6717,0.0,-1,no signal,32.390301902756036,45.70262750470602,4334.7044091579755,4347.688944593489,4333.315,4297.85
2026-09-22T08:58:31.989775+00:00,EUR_USD,1.14518,none,none,0,888.6717,0.0,-1,no signal,35.87975103456203,40.369768211965415,1.146479212770201,1.1473742612975362,1.14752,1.14351
2026-09-22T08:58:32.616174+00:00,GBP_USD,1.3356,none,none,0,888.6717,0.0,-1,no signal,39.540870866127534,40.27266786823023,1.3371135978687907,1.3377557708614447,1.33857,1.33365
2026-09-22T09:15:46.297435+00:00,XAU_USD,4318.44,none,none,0,888.6717,0.0,-1,no signal,29.08975532090761,45.19569706529316,4333.895177383061,4347.206470156389,4335.56,4291.495
2026-09-22T09:15:46.620872+00:00,EUR_USD,1.14516,none,none,0,888.6717,0.0,-1,no signal,31.01528104293679,41.71095341474272,1.1463996270131789,1.1473361367930925,1.14714,1.14339
2026-09-22T09:15:49.336301+00:00,GBP_USD,1.33547,none,none,0,888.6717,0.0,-1,no signal,42.255828712598465,39.727581621329335,1.3369966353262805,1.3377137954200764,1.33816,1.33262
2026-09-22T09:30:06.790498+00:00,XAU_USD,4314.61,none,none,0,888.6717,0.0,-1,no signal,27.29195574916666,43.042860073948866,4333.138895914672,4346.874539169395,4335.56,4291.495
2026-09-22T09:30:08.102335+00:00,EUR_USD,1.14569,none,none,0,888.6717,0.0,-1,no signal,28.81001908178775,47.04914660821284,1.146371798502858,1.1473197573225147,1.14654,1.14339
2026-09-22T09:30:11.448507+00:00,GBP_USD,1.33566,none,none,0,888.6717,0.0,-1,no signal,42.79142623673316,41.63497728138279,1.336944218254234,1.337691998568455,1.33754,1.33262
2026-09-22T09:44:02.375368+00:00,XAU_USD,4314.61,none,none,0,888.6717,0.0,-1,no signal,27.29195574916666,43.042860073948866,4333.138895914672,4346.874539169395,4335.56,4291.495
2026-09-22T09:44:03.257867+00:00,EUR_USD,1.14569,none,none,0,888.6717,0.0,-1,no signal,28.81001908178775,47.04914660821284,1.146371798502858,1.1473197573225147,1.14654,1.14339
2026-09-22T09:44:03.435869+00:00,GBP_USD,1.33566,none,none,0,888.6717,0.0,-1,no signal,42.79142623673316,41.63497728138279,1.336944218254234,1.337691998568455,1.33754,1.33262
2026-09-22T09:54:35.940320+00:00,XAU_USD,4320.33,none,none,0,888.6717,0.0,-1,no signal,25.351438479188218,47.09593853075925,4332.636586267975,4346.60092089436,4335.56,4291.495
2026-09-22T09:54:37.209258+00:00,EUR_USD,1.14616,none,none,0,888.6717,0.0,-1,no signal,27.28821696001522,51.307810006231975,1.1463634926791737,1.1473080813410281,1.14654,1.14339
2026-09-22T09:54:37.515607+00:00,GBP_USD,1.33603,none,none,0,888.6717,0.0,-1,no signal,43.288766794858226,45.26743666872271,1.3369083665581605,1.3376760056997852,1.33742,1.33262
2026-09-22T10:08:32.267721+00:00,XAU_USD,4336.63,buy,buy,2,888.6717,0.0,-1,buy order FILLED,25.27422118251344,56.57836114664162,4332.793190731062,4346.511269312125,4335.56,4291.495
2026-09-22T10:08:33.211877+00:00,EUR_USD,1.14672,buy,buy,13279,887.9162,0.0,-1,buy order FILLED (margin-capped size),26.832891373407985,55.86272922056413,1.1463774733582934,1.147301821462507,1.14654,1.14339
2026-09-22T10:08:33.614214+00:00,GBP_USD,1.33708,none,none,0,887.1137,0.0,-1,no signal,41.58015586761777,54.014144791815255,1.33691509728137,1.3376700752948123,1.33742,1.33262
2026-09-22T10:25:33.138154+00:00,XAU_USD,4330.78,none,none,0,869.8899,2.0,-1,no signal,25.21106834541194,52.91277226848493,4332.714242084387,4346.384785028508,4338.02,4291.495
2026-09-22T10:25:35.278315+00:00,EUR_USD,1.14642,none,none,0,870.041,13279.0,-1,no signal,26.562171694175408,53.00228255273304,1.146379141069968,1.14729379571156,1.14696,1.14339
2026-09-22T10:25:35.648606+00:00,GBP_USD,1.33678,none,none,0,869.8899,0.0,-1,no signal,39.67338400615933,51.48265366424033,1.336909799348917,1.3376616952009226,1.3374,1.33262
2026-09-22T10:40:05.998813+00:00,XAU_USD,4329.7,none,none,0,877.6312,2.0,-1,no signal,25.0909258009802,52.239876029254326,4332.596036513491,4346.222067877054,4338.125,4291.495
2026-09-22T10:40:07.946612+00:00,EUR_USD,1.14631,none,none,0,877.2794,13279.0,-1,no signal,25.978065271505848,51.95184842500463,1.146376429655032,1.1472826456232066,1.1471,1.14339
2026-09-22T10:40:08.271242+00:00,GBP_USD,1.33654,none,none,0,876.9975,0.0,-1,no signal,37.939470127859366,49.48457129431793,1.3368952974128312,1.3376478799558622,1.3374,1.33262
2026-09-22T10:52:18.407616+00:00,XAU_USD,4331.195,none,none,0,874.6702,2.0,-1,no signal,25.150876112600876,53.12846091071751,4332.541093919217,4346.11739227763,4338.125,4291.495
2026-09-22T10:52:18.571024+00:00,EUR_USD,1.14682,none,none,0,873.8302,13279.0,-1,no signal,25.86447810464687,56.27831466147248,1.146393824570371,1.1472775658074654,1.1471,1.14339
2026-09-22T10:52:18.864068+00:00,GBP_USD,1.33688,none,none,0,873.8302,0.0,-1,no signal,36.18909817657645,52.30845135700145,1.3368946975141607,1.3376398310363968,1.33738,1.33262
2026-09-22T11:02:51.913311+00:00,XAU_USD,4321.86,none,none,0,864.1389,2.0,-1,no signal,24.318197616674905,47.22069036119066,4332.122227495314,4345.889704007089,4338.125,4291.495
2026-09-22T11:02:52.869701+00:00,EUR_USD,1.14663,none,none,0,863.7815,13279.0,-1,no signal,25.793470702673318,54.3160703256814,1.1464030863507482,1.1472673794067745,1.1471,1.14339
2026-09-22T11:02:53.373020+00:00,GBP_USD,1.33648,none,none,0,863.2071,0.0,-1,no signal,34.821724202609644,48.848729133651126,1.336878434864706,1.3376224378009858,1.33738,1.33262
2026-09-22T11:19:56.171679+00:00,XAU_USD,4315.285,none,none,0,856.107,0.0,-1,no signal,23.107293596499346,43.547638097920775,4331.461944057642,4345.564559283186,4338.125,4291.495
2026-09-22T11:19:58.689540+00:00,EUR_USD,1.14611,none,none,0,856.1071,13279.0,-1,no signal,24.681429980593634,49.25442531909163,1.1463915927682375,1.1472554548708827,1.1471,1.14339
2026-09-22T11:19:59.012145+00:00,GBP_USD,1.3362,none,none,0,856.3079,0.0,-1,no signal,33.96885542749167,46.528803941548546,1.3368518295747813,1.3376047453926516,1.33738,1.33262
2026-09-22T11:34:17.666568+00:00,XAU_USD,4317.855,none,none,0,854.1966,0.0,-1,no signal,21.98288272062204,45.33744729099694,4330.928338420539,4345.327701003711,4338.125,4291.495
2026-09-22T11:34:18.348943+00:00,EUR_USD,1.14612,none,none,0,854.1966,13279.0,-1,no signal,23.648820738662515,49.35217278334026,1.1463809420726427,1.147247967826102,1.1471,1.14339
2026-09-22T11:34:18.583299+00:00,GBP_USD,1.33568,none,none,0,854.1966,0.0,-1,no signal,33.64252357689689,42.492677149793415,1.3368058754743022,1.3375871589349457,1.33738,1.33262
2026-09-22T11:45:41.996221+00:00,XAU_USD,4317.7,none,none,0,855.5036,0.0,-1,no signal,20.723925213413732,45.24427826820151,4330.409580057248,4345.07232995104,4338.125,4291.495
2026-09-22T11:45:42.335009+00:00,EUR_USD,1.14614,none,none,0,855.7044,13279.0,-1,no signal,22.580719715417334,49.561432075082664,1.1463714933644678,1.1472387126698058,1.1471,1.14339
2026-09-22T11:45:46.861368+00:00,GBP_USD,1.33576,none,none,0,855.604,0.0,-1,no signal,33.48801130526478,43.30745680885919,1.3367648607507188,1.3375718365092528,1.33738,1.33262
2026-09-22T11:55:10.339425+00:00,XAU_USD,4317.7,none,none,0,857.413,0.0,-1,no signal,20.723925213413732,45.24427826820151,4330.409580057248,4345.07232995104,4338.125,4291.495
2026-09-22T11:55:10.721416+00:00,EUR_USD,1.14614,none,none,0,857.413,13279.0,-1,no signal,22.580719715417334,49.561432075082664,1.1463714933644678,1.1472387126698058,1.1471,1.14339
2026-09-22T11:55:11.100975+00:00,GBP_USD,1.33576,none,none,0,857.413,0.0,-1,no signal,33.48801130526478,43.30745680885919,1.3367648607507188,1.3375718365092528,1.33738,1.33262
2026-09-22T12:11:20.160157+00:00,XAU_USD,4322.77,none,none,0,856.7114,0.0,-1,no signal,19.32883077477057,48.94045208698841,4330.109988688486,4344.869607395991,4338.125,4308.985
2026-09-22T12:11:23.574638+00:00,EUR_USD,1.14622,none,none,0,856.5106,13279.0,-1,no signal,21.868740661574407,50.44343455549704,1.1463655524486847,1.1472300734092584,1.1471,1.14476
2026-09-22T12:11:26.356091+00:00,GBP_USD,1.33608,none,none,0,856.9123,0.0,-1,no signal,32.19801852280459,46.568517821860695,1.3367380034667828,1.3375582853873658,1.33738,1.33475
2026-09-22T12:32:02.160376+00:00,XAU_USD,4337.15,none,none,0,858.9209,0.0,-1,no signal,19.03941570070997,58.16644803753695,4330.160943046275,4344.616072871697,4338.125,4308.985
2026-09-22T12:32:03.030766+00:00,EUR_USD,1.14656,none,none,0,859.0213,13279.0,-1,no signal,21.270503579138854,54.37585624541392,1.1463676937448253,1.1472146791496245,1.1471,1.14516
2026-09-22T12:32:03.346662+00:00,GBP_USD,1.33694,none,none,0,859.1217,0.0,-1,no signal,28.009647076108717,54.50791908567918,1.3367331896678027,1.3375434394804842,1.33738,1.3354
2026-09-22T12:49:48.026001+00:00,XAU_USD,4332.045,none,none,0,851.1842,0.0,-1,no signal,19.74028735865435,54.383913126790524,4330.234827625686,4344.468699945107,4342.37,4308.985
2026-09-22T12:49:49.197358+00:00,EUR_USD,1.14588,none,none,0,851.1842,0.0,-1,no signal,20.20618884048252,46.43887658576692,1.1463485684993737,1.1471996293608873,1.1471,1.14554
2026-09-22T12:49:49.536599+00:00,GBP_USD,1.33578,none,none,0,851.1842,0.0,-1,no signal,26.986981681629867,44.61518519094835,1.336695809679546,1.3375218095900918,1.33738,1.3354
2026-09-22T13:00:34.808200+00:00,XAU_USD,4333.87,none,none,0,851.1842,0.0,-1,no signal,20.21121495427042,55.49805675797096,4330.377383404677,4344.361981248583,4344.035,4308.985
2026-09-22T13:00:35.389901+00:00,EUR_USD,1.14562,sell,sell,-20060,851.1842,0.0,-1,sell order FILLED (margin-capped size),18.970495761023738,43.80599214426004,1.1463199971855225,1.1471834352790995,1.1471,1.14584
2026-09-22T13:00:35.697085+00:00,GBP_USD,1.33554,none,none,0,850.2741,0.0,-1,no signal,26.53193497809023,42.8811378064698,1.336650483810488,1.3375044039213904,1.33738,1.3354
2026-09-22T13:19:33.789777+00:00,XAU_USD,4340.56,none,none,0,850.1226,0.0,-1,no signal,21.041991127370245,59.41162368834517,4330.776701698113,4344.310097476615,4344.035,4308.985
2026-09-22T13:19:35.896579+00:00,EUR_USD,1.14574,none,none,0,850.1226,-20060.0,-1,no signal,17.82306647295487,45.34614379045114,1.146297252197235,1.1471670991783762,1.1471,1.14549
2026-09-22T13:19:36.250376+00:00,GBP_USD,1.33614,none,none,0,850.1225,0.0,-1,no signal,25.31539680136066,48.2919348061147,1.336630464837142,1.3374896027943004,1.33738,1.33533
2026-09-22T13:34:26.801813+00:00,XAU_USD,4330.61,none,none,0,852.9683,0.0,-1,no signal,21.68716245834065,52.07635516582987,4330.770164365494,4344.138390114986,4344.035,4308.985
2026-09-22T13:34:27.805967+00:00,EUR_USD,1.14524,sell,none,0,852.0762,-20060.0,-1,already in matching position,17.443820270691127,40.38006167826756,1.146255791326477,1.1471470393625802,1.14688,1.14549
2026-09-22T13:34:29.409500+00:00,GBP_USD,1.33554,none,none,0,852.0762,0.0,-1,no signal,24.293143162849688,43.82146404137033,1.336587701510003,1.3374695912771863,1.33716,1.33533
2026-09-22T13:48:26.524993+00:00,XAU_USD,4341.325,none,none,0,852.076,0.0,-1,no signal,21.98110404238022,58.07884717171984,4331.184079496577,4344.136358713879,4344.035,4308.985
2026-09-22T13:48:27.944510+00:00,EUR_USD,1.14578,none,none,0,851.3328,-20060.0,-1,no signal,16.60473414213804,47.116112386439305,1.1462371328437917,1.1471356827567547,1.14688,1.14518
2026-09-22T13:48:28.176234+00:00,GBP_USD,1.33635,none,none,0,851.3328,0.0,-1,no signal,22.663127158639742,50.48539412371282,1.3365783798822028,1.3374585871731024,1.33716,1.33533
2026-09-22T13:58:51.359773+00:00,XAU_USD,4341.325,none,none,0,852.2246,0.0,-1,no signal,21.98110404238022,58.07884717171984,4331.184079496577,4344.136358713879,4344.035,4308.985
2026-09-22T13:58:51.530985+00:00,EUR_USD,1.14578,none,none,0,852.9679,-20060.0,-1,no signal,16.60473414213804,47.116112386439305,1.1462371328437917,1.1471356827567547,1.14688,1.14518
2026-09-22T13:58:51.965215+00:00,GBP_USD,1.33635,none,none,0,853.2652,0.0,-1,no signal,22.663127158639742,50.48539412371282,1.3365783798822028,1.3374585871731024,1.33716,1.33533
2026-09-22T14:16:38.240069+00:00,XAU_USD,4333.72,none,none,0,860.4062,0.0,-1,no signal,22.28809253860199,53.001828820691706,4331.375495909091,4343.914095427482,4344.285,4308.985
2026-09-22T14:16:40.303405+00:00,EUR_USD,1.14505,sell,none,0,860.4062,-20060.0,-1,already in matching position,15.701973045294197,40.275049870108916,1.1461575301640465,1.1470958785489607,1.1467,1.14518
2026-09-22T14:16:42.586700+00:00,GBP_USD,1.33537,none,none,0,860.2574,0.0,-1,no signal,20.367351479277474,43.48948560481901,1.336505055785105,1.3374222165728005,1.33716,1.33533
2026-09-22T14:33:10.431027+00:00,XAU_USD,4328.065,none,none,0,861.1478,0.0,-1,no signal,21.857508695740027,49.295893303699216,4331.245672539613,4343.754827747673,4344.285,4312.1
2026-09-22T14:33:10.739379+00:00,EUR_USD,1.14498,sell,none,0,860.9989,-20060.0,-1,already in matching position,16.229363745741825,39.65498576409662,1.1461113525112823,1.1470771388607668,1.14668,1.145
2026-09-22T14:33:11.067580+00:00,GBP_USD,1.33568,none,none,0,860.9989,0.0,-1,no signal,20.320877925170926,46.12113308586402,1.3364727006571115,1.337407535183296,1.33716,1.3353
2026-09-22T14:48:41.881655+00:00,XAU_USD,4320.16,none,none,0,872.1649,0.0,-1,no signal,20.59599467112232,44.601197365132776,4330.8109402763785,4343.498480282893,4344.285,4313.695
2026-09-22T14:48:44.198257+00:00,EUR_USD,1.14412,sell,none,0,872.0162,-20060.0,-1,already in matching position,17.44878646914378,32.94431308414275,1.1460332602557457,1.1470471021091622,1.14668,1.14461
2026-09-22T14:48:44.654690+00:00,GBP_USD,1.33466,sell,sell,-6063,872.1652,0.0,-1,sell order FILLED (margin-capped size),19.72186454891975,39.58846907935512,1.3364016143565118,1.3373791757175317,1.33716,1.33484
2026-09-22T14:59:47.184794+00:00,XAU_USD,4320.16,none,none,0,869.9885,0.0,-1,no signal,20.59599467112232,44.601197365132776,4330.8109402763785,4343.498480282893,4344.285,4313.695
2026-09-22T14:59:47.726836+00:00,EUR_USD,1.14412,sell,none,0,869.8397,-20060.0,-1,already in matching position,17.44878646914378,32.94431308414275,1.1460332602557457,1.1470471021091622,1.14668,1.14461
2026-09-22T14:59:48.164885+00:00,GBP_USD,1.33466,sell,none,0,869.8397,-6063.0,-1,already in matching position,19.72186454891975,39.58846907935512,1.3364016143565118,1.3373791757175317,1.33716,1.33484
2026-09-22T15:17:50.984815+00:00,XAU_USD,4336.23,none,none,0,879.1306,0.0,-1,no signal,19.132874631842583,54.46961159223318,4330.91622359657,4343.236916045845,4344.285,4315.015
2026-09-22T15:17:51.629054+00:00,EUR_USD,1.14369,sell,sell,-15990,879.1306,0.0,-1,sell order FILLED (margin-capped size),20.22585405502675,31.157964444320356,1.1458756854573462,1.1469872042249944,1.14668,1.14398
2026-09-22T15:17:52.528023+00:00,GBP_USD,1.33378,sell,none,0,878.2832,-6063.0,-1,already in matching position,20.17976166219555,34.890695904270714,1.3362354463936286,1.3373169660664743,1.33716,1.3343
2026-09-22T15:31:40.400651+00:00,XAU_USD,4332.3,none,none,0,883.0878,0.0,-1,no signal,18.890646941026617,51.945046509219544,4330.970489326787,4343.09280510753,4344.285,4315.015
2026-09-22T15:31:40.895866+00:00,EUR_USD,1.144,none,none,0,883.0878,-15990.0,-1,no signal,21.470700460648807,35.35679231680055,1.1458021291643454,1.1469557114006814,1.14663,1.14369
2026-09-22T15:31:44.139568+00:00,GBP_USD,1.33416,none,none,0,883.0878,-6063.0,-1,no signal,20.660427840316352,38.39003694899269,1.3361540563386773,1.3372846007153893,1.33716,1.33369
2026-09-22T15:44:28.271015+00:00,XAU_USD,4332.3,none,none,0,891.8545,0.0,-1,no signal,18.890646941026617,51.945046509219544,4330.970489326787,4343.09280510753,4344.285,4315.015
2026-09-22T15:44:29.139829+00:00,EUR_USD,1.144,none,none,0,891.617,-15990.0,-1,no signal,21.470700460648807,35.35679231680055,1.1458021291643454,1.1469557114006814,1.14663,1.14369
2026-09-22T15:44:29.423379+00:00,GBP_USD,1.33416,none,none,0,891.7357,-6063.0,-1,no signal,20.660427840316352,38.39003694899269,1.3361540563386773,1.3372846007153893,1.33716,1.33369
2026-09-22T15:54:42.852085+00:00,XAU_USD,4327.96,none,none,0,893.6508,0.0,-1,no signal,18.01888281054844,49.23138183533372,4330.852430919238,4342.93402944763,4344.285,4315.015
2026-09-22T15:54:43.461581+00:00,EUR_USD,1.14336,sell,none,0,893.696,-15990.0,-1,already in matching position,23.047601616107162,31.13474886401039,1.1457063593937507,1.1469217025769785,1.14662,1.14369
2026-09-22T15:54:44.916838+00:00,GBP_USD,1.33287,sell,none,0,893.696,-6063.0,-1,already in matching position,22.00324165644519,32.085625798671984,1.3360252698167046,1.3372442131384876,1.33716,1.33369
2026-09-22T16:08:06.760125+00:00,XAU_USD,4331.28,none,none,0,896.5737,0.0,-1,no signal,16.92433037826559,51.32617225962363,4330.869198333229,4342.8150745877565,4344.285,4315.015
2026-09-22T16:08:08.269985+00:00,EUR_USD,1.14316,sell,none,0,896.6474,-15990.0,-1,already in matching position,24.795369489406642,29.931879312376367,1.1456065021634791,1.146886994853187,1.14604,1.14334
2026-09-22T16:08:08.694051+00:00,GBP_USD,1.33244,sell,none,0,897.0491,-6063.0,-1,already in matching position,23.655363482037682,30.29945011064737,1.3358846710021177,1.3372019904355048,1.33665,1.33284
2026-09-22T16:24:50.971668+00:00,XAU_USD,4323.915,none,none,0,895.9449,0.0,-1,no signal,15.883798311034875,46.72070233292974,4330.596484675925,4342.635997247671,4344.285,4315.015
2026-09-22T16:24:51.301119+00:00,EUR_USD,1.14312,none,none,0,895.9449,-15990.0,-1,no signal,26.565149178808102,29.684864546342425,1.1455089922745227,1.146848899833,1.14604,1.14308
2026-09-22T16:24:51.659299+00:00,GBP_USD,1.3326,none,none,0,895.9449,-6063.0,-1,no signal,25.27139146674362,31.820363733943623,1.3357558603740056,1.3371543620328947,1.33665,1.33232
2026-09-22T16:39:56.187224+00:00,XAU_USD,4326.845,none,none,0,893.8179,0.0,-1,no signal,14.917589962892068,48.69308216057861,4330.449367635307,4342.496362727382,4344.285,4315.015
2026-09-22T16:39:57.844035+00:00,EUR_USD,1.14338,none,none,0,893.8179,-15990.0,-1,no signal,27.987818509986162,33.524989736978185,1.1454255023811684,1.1468136348247866,1.14598,1.14294
2026-09-22T16:39:58.105585+00:00,GBP_USD,1.3324,none,none,0,893.8179,-6063.0,-1,no signal,26.771988881113376,30.912344624411148,1.3356242580058844,1.3371054216564326,1.33665,1.33221
2026-09-22T16:52:18.069877+00:00,XAU_USD,4332.155,none,none,0,886.6363,0.0,-1,no signal,14.377497559947686,52.150271186469325,4330.516255168132,4342.358824203973,4344.285,4315.015
2026-09-22T16:52:18.704188+00:00,EUR_USD,1.14356,none,none,0,887.3939,-15990.0,-1,no signal,28.683571594478952,36.125783941126464,1.1453523454251728,1.1467816686718089,1.14598,1.14294
2026-09-22T16:52:18.944564+00:00,GBP_USD,1.3326,none,none,0,887.2015,-6063.0,-1,no signal,28.256215498265277,32.97216672194217,1.3355056596530548,1.3370616804512385,1.33665,1.33221
2026-09-22T17:03:05.913487+00:00,XAU_USD,4336.26,none,none,0,890.1918,0.0,-1,no signal,14.945098479629765,54.69197895877615,4330.7415000715355,4342.323693593527,4344.285,4315.015
2026-09-22T17:03:06.247200+00:00,EUR_USD,1.14372,none,none,0,890.1918,-15990.0,-1,no signal,28.4635128749413,38.431666247183394,1.1452883318794722,1.1467524292755824,1.14594,1.14294
2026-09-22T17:03:06.470638+00:00,GBP_USD,1.33308,none,none,0,890.1918,-6063.0,-1,no signal,28.659338873288004,37.76774230721256,1.335410535744407,1.3370198840182033,1.33665,1.33216
2026-09-22T17:19:28.347962+00:00,XAU_USD,4338.075,none,none,0,895.7204,0.0,-1,no signal,15.472156476477414,55.809669403459715,4331.029088286809,4342.2266687412775,4341.855,4315.015
2026-09-22T17:19:31.620761+00:00,EUR_USD,1.14335,none,none,0,895.7204,-15990.0,-1,no signal,28.259172635370653,35.26152194192119,1.1452123188654475,1.1467212964105111,1.14552,1.14294
2026-09-22T17:19:31.952812+00:00,GBP_USD,1.3327,none,none,0,895.7657,-6063.0,-1,no signal,29.033667721523393,35.59644530178973,1.335304240225511,1.3369784653353671,1.33626,1.33216
2026-09-22T17:32:11.770053+00:00,XAU_USD,4339.48,none,none,0,894.3753,0.0,-1,no signal,15.961567473550236,56.7001354422397,4331.360496582249,4342.176948998944,4341.855,4315.015
2026-09-22T17:32:11.974223+00:00,EUR_USD,1.14334,none,none,0,894.3753,-15990.0,-1,no signal,28.439614970992864,35.1770655769558,1.1451388945963208,1.146687991939183,1.14521,1.14294
2026-09-22T17:32:12.263712+00:00,GBP_USD,1.3327,none,none,0,894.3753,-6063.0,-1,no signal,29.537130631609802,35.59644530178973,1.3352021131574374,1.3369346005185023,1.33606,1.33216
2026-09-22T17:44:07.117979+00:00,XAU_USD,4339.48,none,none,0,893.2778,0.0,-1,no signal,15.961567473550236,56.7001354422397,4331.360496582249,4342.176948998944,4341.855,4315.015
2026-09-22T17:44:07.493590+00:00,EUR_USD,1.14334,none,none,0,893.2778,-15990.0,-1,no signal,28.439614970992864,35.1770655769558,1.1451388945963208,1.146687991939183,1.14521,1.14294
2026-09-22T17:44:07.681564+00:00,GBP_USD,1.3327,none,none,0,893.2778,-6063.0,-1,no signal,29.537130631609802,35.59644530178973,1.3352021131574374,1.3369346005185023,1.33606,1.33216
2026-09-22T17:53:27.546611+00:00,XAU_USD,4338.835,none,none,0,884.4241,0.0,-1,no signal,16.312123942688828,56.14084534270079,4331.653614336003,4342.056757026519,4341.855,4315.015
2026-09-22T17:53:29.911972+00:00,EUR_USD,1.14341,none,none,0,884.4405,-15990.0,-1,no signal,28.23992926934151,36.326730305299506,1.1450710948084226,1.146655987588303,1.14521,1.14294
2026-09-22T17:53:30.266240+00:00,GBP_USD,1.3327,none,none,0,883.859,-6063.0,-1,no signal,29.42436058663034,35.59644530178973,1.335103991073303,1.3368939623738878,1.33606,1.33216
2026-09-22T18:26:25.433604+00:00,XAU_USD,4358.375,buy,none,0,879.7594,0.0,-1,"computed 0 units — insufficient margin (available=221.14, needed for 3 units)",19.93447650642335,67.05338421209305,4333.428557484668,4342.303989201509,4353.065,4322.68
2026-09-22T18:26:25.728376+00:00,EUR_USD,1.14424,none,none,0,879.7594,-15990.0,-1,no signal,24.55919944758548,48.358008573948105,1.1449955088939734,1.1466028088371232,1.14442,1.14294
2026-09-22T18:26:25.902889+00:00,GBP_USD,1.33366,none,none,0,879.7594,-6063.0,-1,no signal,26.561057048677466,45.805499902330716,1.3349748721911696,1.3368279206883074,1.33478,1.33216
2026-09-22T18:42:28.215702+00:00,XAU_USD,4356.385,none,none,0,880.6971,0.0,-1,no signal,21.83503475238866,65.1919613276403,4334.328810121386,4342.409289235361,4360.28,4322.68
2026-09-22T18:42:28.985650+00:00,EUR_USD,1.14426,none,none,0,880.6971,-15990.0,-1,no signal,23.088481672975277,48.62173508496548,1.1449666654090902,1.1465831722124105,1.14442,1.14294
2026-09-22T18:42:29.763766+00:00,GBP_USD,1.3336,none,none,0,880.8182,-6063.0,-1,no signal,25.12863545863396,45.304227967708805,1.334920955635702,1.3367991367114243,1.33478,1.33216
2026-09-22T18:55:01.847912+00:00,XAU_USD,4350.395,none,none,0,880.6801,0.0,-1,no signal,22.638730150278015,59.80981801854009,4334.958856790683,4342.512261637015,4360.665,4322.68
2026-09-22T18:55:02.911985+00:00,EUR_USD,1.14419,none,none,0,880.6801,-15990.0,-1,no signal,21.444260722766046,47.70350021294256,1.1449362079418748,1.1465587470692475,1.14436,1.14294
2026-09-22T18:55:04.102206+00:00,GBP_USD,1.33357,none,none,0,880.6801,-6063.0,-1,no signal,23.79852969645066,45.03883002581332,1.334867976982936,1.3367657810292095,1.33426,1.33216
2026-09-22T19:07:48.616040+00:00,XAU_USD,4353.48,none,none,0,879.4751,0.0,-1,no signal,23.38501873403243,61.56956233060179,4335.685176134515,4342.6286751202215,4360.665,4322.68
2026-09-22T19:07:50.390041+00:00,EUR_USD,1.14422,none,none,0,879.4751,-15990.0,-1,no signal,19.917484126143187,48.15539238599221,1.1449081213557692,1.1465349995774254,1.14437,1.14294
2026-09-22T19:07:50.880390+00:00,GBP_USD,1.33348,none,none,0,879.4751,-6063.0,-1,no signal,22.676832002510256,44.20224689918301,1.3348135465130169,1.3367330866906104,1.33374,1.33216
2026-09-22T19:21:24.352277+00:00,XAU_USD,4358.28,none,none,0,876.6407,0.0,-1,no signal,24.511645680701086,64.1963651235963,4336.571247664289,4342.802341876368,4360.665,4322.68
2026-09-22T19:21:24.747237+00:00,EUR_USD,1.14434,none,none,0,876.4297,-15990.0,-1,no signal,18.672876796198306,50.01593013673097,1.1448858420858028,1.1465096199872349,1.14437,1.14294
2026-09-22T19:21:25.070082+00:00,GBP_USD,1.33383,none,none,0,876.5958,-6063.0,-1,no signal,21.319278375335735,48.22954864350269,1.334774976061548,1.3367042683096932,1.33374,1.33216
2026-09-22T19:32:20.405673+00:00,XAU_USD,4359.895,none,none,0,871.9048,0.0,-1,no signal,25.739684371613393,65.06167214432223,4337.485904615913,4342.963775242109,4360.665,4323.46
2026-09-22T19:32:20.792258+00:00,EUR_USD,1.14469,none,none,0,871.9048,0.0,-1,no signal,18.4031916219258,55.07943871790344,1.1448781620041135,1.1464918545847946,1.14437,1.14308
2026-09-22T19:32:21.176464+00:00,GBP_USD,1.33421,none,none,0,871.9048,-6063.0,-1,no signal,20.470930886845426,52.25851480964283,1.3347528201367738,1.3366769317283955,1.33384,1.33216
2026-09-22T19:44:47.720074+00:00,XAU_USD,4359.895,none,none,0,870.4121,0.0,-1,no signal,25.739684371613393,65.06167214432223,4337.485904615913,4342.963775242109,4360.665,4323.46
2026-09-22T19:44:48.146321+00:00,EUR_USD,1.14469,none,none,0,870.2745,0.0,-1,no signal,18.4031916219258,55.07943871790344,1.1448781620041135,1.1464918545847946,1.14437,1.14308
2026-09-22T19:44:49.028900+00:00,GBP_USD,1.33421,none,none,0,870.2745,-6063.0,-1,no signal,20.470930886845426,52.25851480964283,1.3347528201367738,1.3366769317283955,1.33384,1.33216
2026-09-22T19:54:51.208867+00:00,XAU_USD,4369.44,buy,buy,2,871.7248,0.0,-1,buy order FILLED (margin-capped size),27.58140916667069,69.71960044089076,4338.739006405801,4343.259409719032,4361.515,4326.265
2026-09-22T19:54:51.632194+00:00,EUR_USD,1.14524,buy,buy,8066,870.877,0.0,-1,buy order FILLED (margin-capped size),19.541913540904673,61.65338688823882,1.144892351728865,1.1464775608672666,1.14472,1.14308
2026-09-22T19:54:52.049728+00:00,GBP_USD,1.33468,none,none,0,870.2982,-6063.0,-1,no signal,20.767396866494853,56.74257353662565,1.3347499644443657,1.3366546118236118,1.3343,1.33216
2026-09-22T20:08:00.732465+00:00,XAU_USD,4364.0,none,none,0,862.9681,2.0,-1,no signal,29.29158219065245,64.44614503740331,4339.729633608772,4343.475957797009,4371.38,4331.15
2026-09-22T20:08:02.102785+00:00,EUR_USD,1.14479,none,none,0,862.847,8066.0,-1,no signal,20.599298179956484,54.61134675333123,1.1448883379366457,1.1464641719075912,1.14552,1.14308
2026-09-22T20:08:02.307541+00:00,GBP_USD,1.33428,none,none,0,863.1043,-6063.0,-1,no signal,21.042686704740756,52.245108281904024,1.334731534466476,1.3366320046524907,1.33498,1.3322
2026-09-22T20:22:27.881910+00:00,XAU_USD,4359.44,none,none,0,858.1293,2.0,-1,no signal,29.91515666570291,60.327038538648196,4340.502589154383,4343.637526140677,4371.38,4334.675
2026-09-22T20:22:29.155605+00:00,EUR_USD,1.1449,none,none,0,857.9451,8066.0,-1,no signal,21.581155344790307,55.93626096305549,1.1448887952713727,1.146445137263453,1.14552,1.14308
2026-09-22T20:22:29.533849+00:00,GBP_USD,1.33432,none,none,0,857.6272,-6063.0,-1,no signal,21.29831298311196,52.6492838181594,1.3347153958577225,1.3366019220343222,1.33498,1.33234
2026-09-22T20:35:38.923964+00:00,XAU_USD,4359.655,none,none,0,857.6271,2.0,-1,no signal,30.447491419812227,60.455375523782834,4341.253664103403,4343.841104942814,4371.38,4335.095
2026-09-22T20:35:41.209777+00:00,EUR_USD,1.14482,none,none,0,857.6271,8066.0,-1,no signal,22.32469714734987,54.68600581713593,1.1448860974178927,1.1464299194968277,1.14552,1.14308
2026-09-22T20:35:41.733121+00:00,GBP_USD,1.33437,none,none,0,857.3092,-6063.0,-1,no signal,21.06829161215213,53.182684252379204,1.3347018509225748,1.3365811429849892,1.33498,1.33234
2026-09-22T20:47:44.279393+00:00,XAU_USD,4358.66,none,none,0,857.2788,2.0,-1,no signal,30.769197840577327,59.49616162101495,4341.936265515914,4344.003834716377,4371.38,4335.095
2026-09-22T20:47:44.601239+00:00,EUR_USD,1.14486,none,none,0,857.2788,8066.0,-1,no signal,23.01512882115518,55.224891386212875,1.1448850739895267,1.146413617869158,1.14552,1.14324
2026-09-22T20:47:46.083473+00:00,GBP_USD,1.3344,none,none,0,857.2636,-6063.0,-1,no signal,20.87302499453309,53.52099791864729,1.334690013630959,1.336557738724342,1.33498,1.33258
2026-09-22T20:57:15.581810+00:00,XAU_USD,4358.66,none,none,0,857.5012,2.0,-1,no signal,30.769197840577327,59.49616162101495,4341.936265515914,4344.003834716377,4371.38,4335.095
2026-09-22T20:57:16.045532+00:00,EUR_USD,1.14486,none,none,0,857.5315,8066.0,-1,no signal,23.01512882115518,55.224891386212875,1.1448850739895267,1.146413617869158,1.14552,1.14324
2026-09-22T20:57:17.289585+00:00,GBP_USD,1.3344,none,none,0,857.5315,-6063.0,-1,no signal,20.87302499453309,53.52099791864729,1.334690013630959,1.336557738724342,1.33498,1.33258
2026-09-22T21:12:25.739841+00:00,XAU_USD,4358.745,none,none,0,851.384,2.0,-1,no signal,31.067925231287788,59.555198552665125,4342.595431574114,4344.150512977906,4371.38,4338.36
2026-09-22T21:12:26.236298+00:00,EUR_USD,1.14486,none,none,0,851.384,8066.0,-1,no signal,23.656243946831538,55.224891386212875,1.1448840906957123,1.1463978187158133,1.14552,1.14334
2026-09-22T21:12:26.816723+00:00,GBP_USD,1.33438,none,none,0,851.384,-6063.0,-1,no signal,20.90036232790892,53.24475997682398,1.3346778562331958,1.3365345724983815,1.33498,1.3326
2026-09-22T21:25:21.804482+00:00,XAU_USD,4358.745,none,none,0,853.6764,2.0,-1,no signal,31.067925231287788,59.555198552665125,4342.595431574114,4344.150512977906,4371.38,4338.36
2026-09-22T21:25:22.514757+00:00,EUR_USD,1.14496,none,none,0,853.6764,8066.0,-1,no signal,24.55091548775168,56.71730060463046,1.1448870675313454,1.146384056492444,1.14552,1.14376
2026-09-22T21:25:22.879247+00:00,GBP_USD,1.33462,none,none,0,853.6764,-6063.0,-1,no signal,21.428017784384046,56.168327311993465,1.3346755873622043,1.3365183802859875,1.33498,1.33292
2026-09-22T21:38:20.171937+00:00,XAU_USD,4358.745,none,none,0,854.8394,2.0,-1,no signal,31.067925231287788,59.555198552665125,4342.595431574114,4344.150512977906,4371.38,4338.36
2026-09-22T21:38:20.739212+00:00,EUR_USD,1.14471,none,none,0,854.8394,8066.0,-1,no signal,24.62741647207445,52.04673518991781,1.1448801237070148,1.1463687602902104,1.14552,1.14398
2026-09-22T21:38:21.137705+00:00,GBP_USD,1.33427,none,none,0,854.8394,-6063.0,-1,no signal,21.32899376251754,51.145673998635544,1.3346596819764145,1.3364990707645152,1.33498,1.33326
2026-09-22T21:49:26.754771+00:00,XAU_USD,4358.745,none,none,0,852.9586,2.0,-1,no signal,31.067925231287788,59.555198552665125,4342.595431574114,4344.150512977906,4371.38,4338.36
2026-09-22T21:49:27.510522+00:00,EUR_USD,1.14486,none,none,0,852.7753,8066.0,-1,no signal,24.581682206877502,54.469399376437686,1.1448793345414994,1.1463520464046366,1.14552,1.14398
2026-09-22T21:49:27.697884+00:00,GBP_USD,1.3347,none,none,0,852.7294,-6063.0,-1,no signal,21.40957207930001,56.314204189999124,1.3346612630747579,1.336479196002245,1.33498,1.33326
2026-09-22T21:58:43.972806+00:00,XAU_USD,4358.745,none,none,0,855.7018,2.0,-1,no signal,31.067925231287788,59.555198552665125,4342.595431574114,4344.150512977906,4371.38,4338.36
2026-09-22T21:58:44.492010+00:00,EUR_USD,1.14486,none,none,0,855.7018,8066.0,-1,no signal,24.581682206877502,54.469399376437686,1.1448793345414994,1.1463520464046366,1.14552,1.14398
2026-09-22T21:58:44.988755+00:00,GBP_USD,1.3347,none,none,0,855.7018,-6063.0,-1,no signal,21.40957207930001,56.314204189999124,1.3346612630747579,1.336479196002245,1.33498,1.33326
2026-09-22T22:15:14.394417+00:00,XAU_USD,4364.38,none,none,0,863.3878,2.0,-1,no signal,31.80648735864916,63.36723444255753,4343.449728373429,4344.346315455918,4371.38,4347.59
2026-09-22T22:15:16.101614+00:00,EUR_USD,1.14486,none,none,0,863.4497,8066.0,-1,no signal,24.516241732549183,53.905555125178516,1.1448827459567381,1.1463229159074726,1.14552,1.14416
2026-09-22T22:15:16.367691+00:00,GBP_USD,1.33438,none,none,0,863.4951,-6063.0,-1,no signal,20.49727764532073,51.90681877273161,1.3346317234304057,1.3364355061991795,1.33498,1.33342
2026-09-22T22:28:43.635150+00:00,XAU_USD,4364.38,none,none,0,862.9053,2.0,-1,no signal,31.80648735864916,63.36723444255753,4343.449728373429,4344.346315455918,4371.38,4347.59
2026-09-22T22:28:44.217944+00:00,EUR_USD,1.14486,none,none,0,862.9053,8066.0,-1,no signal,24.516241732549183,53.905555125178516,1.1448827459567381,1.1463229159074726,1.14552,1.14416
2026-09-22T22:28:44.388857+00:00,GBP_USD,1.33438,none,none,0,862.9053,-6063.0,-1,no signal,20.49727764532073,51.90681877273161,1.3346317234304057,1.3364355061991795,1.33498,1.33342
2026-09-22T22:42:04.642511+00:00,XAU_USD,4364.665,none,none,0,862.4585,2.0,-1,no signal,32.56050690430469,63.55433529728884,4344.281699813519,4344.56043486605,4371.38,4348.77
2026-09-22T22:42:05.441554+00:00,EUR_USD,1.14478,none,none,0,862.4585,8066.0,-1,no signal,24.248495894091487,52.302408003260254,1.1448787167031467,1.1463063385417156,1.14552,1.1443
2026-09-22T22:42:05.953321+00:00,GBP_USD,1.33458,none,none,0,862.4585,-6063.0,-1,no signal,20.176804735159177,54.249264950318874,1.334629695059751,1.3364143893521467,1.33498,1.33381
2026-09-22T22:52:03.797947+00:00,XAU_USD,4362.98,none,none,0,859.2264,2.0,-1,no signal,33.2606679109848,61.552664510106965,4345.014966474393,4344.702031159479,4371.38,4348.77
2026-09-22T22:52:04.039131+00:00,EUR_USD,1.14471,none,none,0,859.2264,8066.0,-1,no signal,23.86616458970165,50.876633130902405,1.1448721003624038,1.1462922239753137,1.14552,1.14467
2026-09-22T22:52:04.527754+00:00,GBP_USD,1.33436,none,none,0,859.2264,-6063.0,-1,no signal,19.813409603741178,51.289920548196925,1.3346191187833043,1.3363952406895354,1.33498,1.33401
2026-09-22T23:17:33.877085+00:00,XAU_USD,4361.505,none,none,0,861.3123,2.0,-1,no signal,33.569240466229324,59.70418319212274,4346.313838723852,4345.061930049484,4371.38,4353.355
2026-09-22T23:17:35.449982+00:00,EUR_USD,1.14466,none,none,0,861.2971,8066.0,-1,no signal,22.23682721971945,49.815951784528174,1.144856168000986,1.1462605935135104,1.14512,1.1446
2026-09-22T23:17:36.405042+00:00,GBP_USD,1.33418,none,none,0,861.2366,-6063.0,-1,no signal,18.276003302487098,48.822866393316005,1.334589874740161,1.3363532037753694,1.33482,1.33401
2026-09-22T23:29:58.513755+00:00,XAU_USD,4361.505,none,none,0,862.0345,2.0,-1,no signal,33.569240466229324,59.70418319212274,4346.313838723852,4345.061930049484,4371.38,4353.355
2026-09-22T23:29:58.732244+00:00,EUR_USD,1.14466,none,none,0,862.2767,8066.0,-1,no signal,22.23682721971945,49.815951784528174,1.144856168000986,1.1462605935135104,1.14512,1.1446
2026-09-22T23:29:59.161341+00:00,GBP_USD,1.33418,none,none,0,862.3221,-6063.0,-1,no signal,18.276003302487098,48.822866393316005,1.334589874740161,1.3363532037753694,1.33482,1.33401
2026-09-22T23:41:32.096566+00:00,XAU_USD,4363.765,none,none,0,861.9295,2.0,-1,no signal,33.92650500080933,61.665972692047944,4346.998198008773,4345.309074519975,4371.38,4356.41
2026-09-22T23:41:32.456051+00:00,EUR_USD,1.14469,none,none,0,861.9295,8066.0,-1,no signal,21.54634261891193,50.522857054904996,1.1448496516091973,1.1462462587398399,1.14507,1.14458
2026-09-22T23:41:32.825605+00:00,GBP_USD,1.33438,none,none,0,861.9295,-6063.0,-1,no signal,17.474811085924348,51.67224949787423,1.334581644358879,1.3363357476290365,1.33482,1.33401
2026-09-22T23:50:47.883342+00:00,XAU_USD,4363.865,none,none,0,855.3992,2.0,-1,no signal,34.25825064006217,61.754697850336065,4347.659641216489,4345.469449409387,4371.38,4357.45
2026-09-22T23:50:48.663102+00:00,EUR_USD,1.14474,none,none,0,855.3992,8066.0,-1,no signal,21.024791926516748,51.742941271212125,1.1448453515458343,1.1462304544449085,1.14507,1.14458
2026-09-22T23:50:48.983306+00:00,GBP_USD,1.3344,none,none,0,854.9905,-6063.0,-1,no signal,16.86021645447542,51.96029421166529,1.3345745210500455,1.3363144448441506,1.33482,1.33401
2026-09-23T00:00:50.528617+00:00,XAU_USD,4364.035,none,none,0,861.8173,2.0,-1,no signal,33.89690774629795,61.91607337210023,4348.301812150202,4345.657447839174,4370.735,4357.45
2026-09-23T00:00:50.682511+00:00,EUR_USD,1.1448,none,none,0,862.5142,8066.0,-1,no signal,20.934558459651573,53.23329014025464,1.1448435730536701,1.1462156766368274,1.14507,1.14458
2026-09-23T00:00:50.916035+00:00,GBP_USD,1.33436,none,none,0,862.4687,-6063.0,-1,no signal,16.764420056611936,51.301712194771056,1.3345661084596123,1.3362942490398058,1.33482,1.33401
2026-09-23T00:23:50.337332+00:00,XAU_USD,4366.025,buy,none,0,858.524,2.0,-1,already in matching position,34.102490760018014,63.83953029573624,4348.996839130008,4345.876987395826,4365.735,4357.45
2026-09-23T00:23:51.535594+00:00,EUR_USD,1.14466,none,none,0,858.5543,0.0,-1,no signal,19.587857019135587,49.39964106173537,1.1448363741106242,1.146200945859272,1.14507,1.14458
2026-09-23T00:23:51.722786+00:00,GBP_USD,1.33407,none,none,0,858.5543,-6063.0,-1,no signal,15.587359014239103,46.6820436500609,1.3345466532260737,1.3362726616390848,1.33482,1.33401
2026-09-23T00:40:50.537924+00:00,XAU_USD,4358.96,none,none,0,852.6865,0.0,-1,no signal,33.48115054870128,53.50723066323478,4349.387551331688,4346.041193533184,4369.56,4357.45
2026-09-23T00:40:51.947326+00:00,EUR_USD,1.14473,none,none,0,852.7315,0.0,-1,no signal,18.291270765000984,51.28856578810963,1.1448322025766606,1.1461856290439163,1.14506,1.1445
2026-09-23T00:40:52.523856+00:00,GBP_USD,1.33407,none,none,0,852.7315,-6063.0,-1,no signal,14.723628532858285,46.68204365006088,1.3345279609420349,1.336248634939587,1.3348,1.33394
2026-09-23T00:54:54.967693+00:00,XAU_USD,4359.33,none,none,0,852.8216,0.0,-1,no signal,32.03777427052138,53.92778358623237,4349.777451279337,4346.173012140308,4369.56,4357.45
2026-09-23T00:54:55.354541+00:00,EUR_USD,1.14475,none,none,0,852.8216,0.0,-1,no signal,17.57763269601176,51.841723068677865,1.144828978945839,1.1461701872629533,1.14506,1.14449
2026-09-23T00:54:56.349231+00:00,GBP_USD,1.33385,none,none,0,852.8216,-6063.0,-1,no signal,14.556771345729771,43.25507540802661,1.3345013742379979,1.3362234068489647,1.3348,1.33386
2026-09-23T01:08:08.477469+00:00,XAU_USD,4357.63,none,none,0,853.7672,0.0,-1,no signal,30.697496297925774,51.617506137073285,4350.085394343957,4346.215555513847,4369.56,4355.255
2026-09-23T01:08:09.909606+00:00,EUR_USD,1.14465,none,none,0,853.8573,0.0,-1,no signal,17.172405290727202,48.85443957221912,1.1448219601637566,1.1461554012906054,1.14506,1.14449
2026-09-23T01:08:10.329441+00:00,GBP_USD,1.33376,none,none,0,854.0374,-6063.0,-1,no signal,14.401832529110436,41.89995378435806,1.33447230073864,1.336199439768547,1.33478,1.33366
2026-09-23T01:22:15.704428+00:00,XAU_USD,4349.69,sell,sell,-2,856.7861,0.0,-1,sell order FILLED (margin-capped size),29.479660763128194,42.466752153229116,4350.069888670861,4346.210213538326,4369.56,4355.255
2026-09-23T01:22:16.720009+00:00,EUR_USD,1.14444,sell,sell,-7743,855.6049,0.0,-1,sell order FILLED (margin-capped size),16.126837542583647,43.22189320168431,1.1448069813338269,1.1461384006748618,1.14506,1.14449
2026-09-23T01:22:16.883002+00:00,GBP_USD,1.33336,sell,none,0,855.1064,-6063.0,-1,already in matching position,15.337176915044113,36.43636055538686,1.3344286811017874,1.3361710505288933,1.33461,1.33366
2026-09-23T01:46:02.164093+00:00,XAU_USD,4344.905,none,none,0,861.6067,-2.0,-1,no signal,28.47634867843735,38.77870961030459,4349.62809409393,4346.220829683336,4369.56,4342.705
2026-09-23T01:46:03.163688+00:00,EUR_USD,1.14402,none,none,0,861.4284,-7743.0,-1,no signal,18.37843319750536,37.80262208900419,1.1447378016843233,1.1460922710581951,1.14492,1.14375
2026-09-23T01:46:05.788656+00:00,GBP_USD,1.33298,none,none,0,861.6215,-6063.0,-1,no signal,19.640596936455108,35.511528194706756,1.3343052300375207,1.3361074750509612,1.33459,1.33259
2026-09-23T01:55:31.263715+00:00,XAU_USD,4344.905,none,none,0,867.9979,-2.0,-1,no signal,28.47634867843735,38.77870961030459,4349.62809409393,4346.220829683336,4369.56,4342.705
2026-09-23T01:55:31.594212+00:00,EUR_USD,1.14402,none,none,0,868.0884,-7743.0,-1,no signal,18.37843319750536,37.80262208900419,1.1447378016843233,1.1460922710581951,1.14492,1.14375
2026-09-23T01:55:34.335259+00:00,GBP_USD,1.33298,none,none,0,868.237,-6063.0,-1,no signal,19.640596936455108,35.511528194706756,1.3343052300375207,1.3361074750509612,1.33459,1.33259
2026-09-23T02:09:57.006027+00:00,XAU_USD,4341.395,sell,none,0,875.5689,-2.0,-1,"computed 0 units — insufficient margin (available=127.43, needed for 4 units)",28.463157071754637,35.7949246412051,4349.30522765606,4346.163862400874,4369.56,4341.69
2026-09-23T02:09:57.374989+00:00,EUR_USD,1.14392,none,none,0,875.4198,-7743.0,-1,no signal,19.385098979732252,36.18185432732253,1.1447057310300788,1.14607079252843,1.14492,1.14375
2026-09-23T02:09:59.195713+00:00,GBP_USD,1.3328,none,none,0,875.509,-6063.0,-1,no signal,21.56461276613356,33.704216635106675,1.3342462014083412,1.3360737482056697,1.33459,1.33259
2026-09-23T02:25:53.670843+00:00,XAU_USD,4337.29,sell,none,0,875.1916,-2.0,-1,already in matching position,28.67135063226424,32.63253280650656,4348.834042265915,4346.101425712223,4369.56,4338.97
2026-09-23T02:25:54.650322+00:00,EUR_USD,1.14346,sell,sell,-8227,875.1916,0.0,-1,sell order FILLED (margin-capped size),21.21872432792887,29.84332398346443,1.144656878833249,1.1460461755696194,1.14492,1.14375
2026-09-23T02:25:55.408778+00:00,GBP_USD,1.33242,sell,none,0,875.0523,-6063.0,-1,already in matching position,23.932415558586978,30.208843539652307,1.3341745856663674,1.336035895318203,1.33459,1.33259
2026-09-23T02:40:06.112348+00:00,XAU_USD,4338.33,none,none,0,879.6064,-2.0,-1,no signal,29.197604495573277,34.21817433352723,4348.422119043363,4346.035429053381,4369.56,4337.275
2026-09-23T02:40:06.494903+00:00,EUR_USD,1.14362,none,none,0,879.544,-8227.0,-1,no signal,22.9213764369686,34.163592236045815,1.1446162169186689,1.1460234636492879,1.14492,1.14342
2026-09-23T02:40:07.076856+00:00,GBP_USD,1.33268,none,none,0,879.544,-6063.0,-1,no signal,26.131089580150867,35.16339138309273,1.3341159744634226,1.3360014144639483,1.33459,1.33228
2026-09-23T02:52:17.155498+00:00,XAU_USD,4337.265,none,none,0,877.9511,-2.0,-1,no signal,29.81365680104871,33.352442498987614,4347.98458495647,4345.926656097089,4369.56,4334.61
2026-09-23T02:52:17.987242+00:00,EUR_USD,1.14364,none,none,0,877.8917,-8227.0,-1,no signal,24.33714156737199,34.704866304584314,1.1445779339025286,1.146000632292671,1.14492,1.14342
2026-09-23T02:52:18.351971+00:00,GBP_USD,1.3327,none,none,0,877.966,-6063.0,-1,no signal,27.98549115755494,35.54246074532038,1.3340604460541412,1.3359718992057152,1.33459,1.33228
2026-09-23T03:02:48.864971+00:00,XAU_USD,4334.15,none,none,0,882.79,-2.0,-1,no signal,30.405398607844585,30.890674768017433,4347.442052232816,4345.872255083669,4369.56,4333.565
2026-09-23T03:02:49.027742+00:00,EUR_USD,1.14336,sell,none,0,882.7898,-8227.0,-1,already in matching position,26.12772118883858,30.877453618703825,1.1445301717886824,1.1459742892906697,1.14492,1.14342
2026-09-23T03:02:49.178761+00:00,GBP_USD,1.33242,none,none,0,882.7898,-6063.0,-1,no signal,29.980344298438734,32.66326794979264,1.3339961148365882,1.3359373735708404,1.33459,1.33228
2026-09-23T03:20:50.301281+00:00,XAU_USD,4339.0,none,none,0,883.4914,-2.0,-1,no signal,30.490103441108694,38.50182087007092,4347.110991362866,4345.8099992794105,4369.56,4333.41
2026-09-23T03:20:50.959705+00:00,EUR_USD,1.14327,sell,none,0,883.5063,-8227.0,-1,already in matching position,27.904811092985998,29.742038156412903,1.1444807532868446,1.1459463601322946,1.14492,1.14328
2026-09-23T03:20:51.187342+00:00,GBP_USD,1.33227,none,none,0,883.5063,0.0,-1,no signal,31.90230912959555,31.204910107419963,1.3339284240585971,1.3359006100762687,1.33445,1.33227
2026-09-23T03:35:00.883070+00:00,XAU_USD,4338.145,none,none,0,878.1612,-2.0,-1,no signal,30.341138078737174,37.71329322603558,4346.759383856534,4345.727673840336,4366.61,4333.32
2026-09-23T03:35:01.036480+00:00,EUR_USD,1.14326,none,none,0,878.0999,-8227.0,-1,no signal,29.91207886021726,29.611745628528936,1.144432880608501,1.1459182691044316,1.14492,1.14322
2026-09-23T03:35:01.360087+00:00,GBP_USD,1.33206,sell,sell,-6439,878.0999,0.0,-1,sell order FILLED (margin-capped size),34.250021564170176,29.23681005418824,1.3338551525264812,1.3358611020281514,1.33417,1.33222
2026-09-23T03:47:55.416817+00:00,XAU_USD,4341.43,none,none,0,875.9688,-2.0,-1,no signal,29.851186011519054,42.57914888914058,4346.550388410104,4345.681474198901,4361.915,4333.32
2026-09-23T03:47:55.595974+00:00,EUR_USD,1.14302,none,none,0,875.8647,-8227.0,-1,no signal,31.859996223323037,26.59994981006116,1.1443774735255157,1.1458884778524714,1.14492,1.14302
2026-09-23T03:47:56.261443+00:00,GBP_USD,1.33188,none,none,0,875.8945,-6439.0,-1,no signal,36.43004025341805,27.628326199650942,1.3337776955642089,1.3358200599425347,1.33406,1.33175
2026-09-23T03:58:24.238104+00:00,XAU_USD,4341.43,none,none,0,875.6042,-2.0,-1,no signal,29.851186011519054,42.57914888914058,4346.550388410104,4345.681474198901,4361.915,4333.32
2026-09-23T03:58:24.674013+00:00,EUR_USD,1.14302,none,none,0,875.6191,-8227.0,-1,no signal,31.859996223323037,26.59994981006116,1.1443774735255157,1.1458884778524714,1.14492,1.14302
2026-09-23T03:58:25.138518+00:00,GBP_USD,1.33188,none,none,0,875.6191,-6439.0,-1,no signal,36.43004025341805,27.628326199650942,1.3337776955642089,1.3358200599425347,1.33406,1.33175
2026-09-23T04:15:50.437080+00:00,XAU_USD,4345.875,none,none,0,870.8951,-2.0,-1,no signal,26.677924599901708,48.741011936189274,4346.376567690875,4345.642438038414,4359.365,4333.32
2026-09-23T04:15:50.699499+00:00,EUR_USD,1.14262,sell,none,0,870.9611,-8227.0,-1,already in matching position,36.32710852065228,22.440320875899374,1.1442453494555507,1.1458234604219375,1.14465,1.1427
2026-09-23T04:15:50.842917+00:00,GBP_USD,1.33166,none,none,0,870.8059,-6439.0,-1,no signal,40.80819824892858,27.326174840704013,1.333611090752774,1.3357345972132082,1.33378,1.33154
2026-09-23T04:31:37.650014+00:00,XAU_USD,4345.585,none,none,0,871.0316,-2.0,-1,no signal,24.969079629644153,48.36909250500342,4346.345525824078,4345.652789152938,4349.635,4333.32
2026-09-23T04:31:37.796269+00:00,EUR_USD,1.14294,none,none,0,871.0944,-8227.0,-1,no signal,37.112151562850904,32.1372457288341,1.144194159280994,1.1457953137039802,1.14444,1.14256
2026-09-23T04:31:37.958636+00:00,GBP_USD,1.33188,none,none,0,871.0944,-6439.0,-1,no signal,41.36275279192963,32.309487756767226,1.333543204840943,1.3356963791197107,1.33336,1.33154
2026-09-23T04:45:44.840276+00:00,XAU_USD,4344.49,none,none,0,875.1731,-2.0,-1,no signal,23.641728024648458,46.913457231557636,4346.272760121589,4345.692429607341,4347.39,4333.32
2026-09-23T04:45:44.998395+00:00,EUR_USD,1.14278,none,none,0,875.2985,-8227.0,-1,no signal,37.84112010203534,30.110187720095567,1.144138702054374,1.145765582797808,1.14422,1.14256
2026-09-23T04:45:45.260040+00:00,GBP_USD,1.33174,none,none,0,875.2985,-6439.0,-1,no signal,41.87769629614487,30.859325471802876,1.333472490925184,1.3356556510869975,1.33322,1.33154
2026-09-23T04:56:52.671279+00:00,XAU_USD,4344.49,none,none,0,875.0923,-2.0,-1,no signal,23.641728024648458,46.913457231557636,4346.272760121589,4345.692429607341,4347.39,4333.32
2026-09-23T04:56:52.939397+00:00,EUR_USD,1.14278,none,none,0,875.0923,-8227.0,-1,no signal,37.84112010203534,30.110187720095567,1.144138702054374,1.145765582797808,1.14422,1.14256
2026-09-23T04:56:53.596872+00:00,GBP_USD,1.33174,none,none,0,875.0923,-6439.0,-1,no signal,41.87769629614487,30.859325471802876,1.333472490925184,1.3356556510869975,1.33322,1.33154
2026-09-23T05:11:28.825244+00:00,XAU_USD,4344.22,none,none,0,877.4666,-2.0,-1,no signal,22.409187248581013,46.54152860770458,4346.192259729584,4345.693430943904,4347.39,4333.32
2026-09-23T05:11:29.316786+00:00,EUR_USD,1.14268,none,none,0,877.4666,-8227.0,-1,no signal,38.78929146088578,28.883938793018416,1.144081498052284,1.1457350165890416,1.1441,1.14256
2026-09-23T05:11:30.164436+00:00,GBP_USD,1.3316,none,none,0,877.5707,-6439.0,-1,no signal,42.67982895858863,29.43648201030622,1.3333990599090453,1.3356169976951866,1.33304,1.33154
2026-09-23T05:26:25.307894+00:00,XAU_USD,4342.34,none,none,0,876.9286,-2.0,-1,no signal,21.64011170704601,43.92995829136421,4346.041190720752,4345.660607902341,4347.39,4333.32
2026-09-23T05:26:26.179211+00:00,EUR_USD,1.14278,none,none,0,876.8673,-8227.0,-1,no signal,39.211230518001415,31.87190779845895,1.14403045891238,1.1457037079320838,1.14392,1.14256
2026-09-23T05:26:26.356757+00:00,GBP_USD,1.33166,none,none,0,876.9285,-6439.0,-1,no signal,43.42466643085782,30.906808711177717,1.3333308614804047,1.33557497048501,1.33282,1.3315
2026-09-23T05:40:06.365378+00:00,XAU_USD,4341.12,none,none,0,890.2677,-2.0,-1,no signal,21.318657874899195,42.27226836473006,4345.848202857286,4345.640675689545,4347.39,4333.32
2026-09-23T05:40:06.517815+00:00,EUR_USD,1.14276,none,none,0,890.0149,-8227.0,-1,no signal,39.260192897692264,31.586070647416847,1.1439806369944185,1.145674961736413,1.1437,1.14256
2026-09-23T05:40:07.140172+00:00,GBP_USD,1.33158,none,none,0,890.0149,-6439.0,-1,no signal,43.897067481237755,30.008950323963674,1.3332622002463288,1.3355366486650242,1.33276,1.3315
2026-09-23T05:52:01.060227+00:00,XAU_USD,4329.305,sell,sell,-2,900.7534,0.0,-1,sell order FILLED (margin-capped size),22.900868953598664,30.334208474964072,4345.199449786248,4345.421476851914,4347.39,4333.32
2026-09-23T05:52:01.418374+00:00,EUR_USD,1.1426,none,none,0,900.2982,0.0,-1,no signal,39.721206749963116,29.320601461617912,1.1439264943670802,1.1456440248331459,1.1437,1.14256
2026-09-23T05:52:01.810531+00:00,GBP_USD,1.33128,sell,none,0,900.1161,-6439.0,-1,already in matching position,44.81869412220688,26.857988676036285,1.3331844669033566,1.3354943620057536,1.33276,1.3315
2026-09-23T06:02:58.422704+00:00,XAU_USD,4334.645,none,none,0,891.1103,-2.0,-1,no signal,24.479481376378033,38.75309339995388,4344.785549796322,4345.319624477903,4347.39,4328.98
2026-09-23T06:02:58.748122+00:00,EUR_USD,1.1426,none,none,0,891.2142,0.0,-1,no signal,40.622456469462115,29.320601461617912,1.1438744749798144,1.1456127152216111,1.14367,1.14256
2026-09-23T06:02:59.301977+00:00,GBP_USD,1.33135,none,none,0,891.0146,-6439.0,-1,no signal,45.93047572264761,28.738216472565654,1.3331125270245157,1.3354522398732673,1.3327,1.33128
2026-09-23T06:26:22.454441+00:00,XAU_USD,4330.745,none,none,0,902.1895,-2.0,-1,no signal,25.477356227767316,35.38940122088766,4344.234939991187,4345.145340198404,4347.39,4328.055
2026-09-23T06:26:23.423588+00:00,EUR_USD,1.14234,none,none,0,902.1482,0.0,-1,no signal,41.45933120899689,25.82922510695424,1.1438142994906673,1.1455809675368271,1.14342,1.14234
2026-09-23T06:26:24.115803+00:00,GBP_USD,1.33102,sell,none,0,901.9185,-6439.0,-1,already in matching position,47.241413134309475,25.420574514932838,1.333030467141244,1.3354082740916104,1.33242,1.3311
2026-09-23T06:44:38.922390+00:00,XAU_USD,4328.84,none,none,0,893.2203,-2.0,-1,no signal,26.82500967112433,33.844117869371516,4343.6312168563745,4344.989767281234,4347.39,4328.055
2026-09-23T06:44:40.120137+00:00,EUR_USD,1.14238,none,none,0,893.0989,0.0,-1,no signal,42.23642918142205,27.264196874942016,1.1437580524513895,1.1455477560372778,1.14334,1.14224
2026-09-23T06:44:40.793226+00:00,GBP_USD,1.33126,none,none,0,893.0989,-6439.0,-1,no signal,48.47094703988868,31.604695476150113,1.3329610370567608,1.3353653644409325,1.33229,1.33088
2026-09-23T06:58:21.294496+00:00,XAU_USD,4334.355,none,none,0,896.9296,-2.0,-1,no signal,27.014442508159064,41.77111346267744,4343.267443643187,4344.873978817434,4347.39,4326.14
2026-09-23T06:58:21.645418+00:00,EUR_USD,1.1427,none,none,0,896.8992,0.0,-1,no signal,41.841801978011496,37.655773653971195,1.1437165601992498,1.1455221423089066,1.14334,1.14224
2026-09-23T06:58:21.890590+00:00,GBP_USD,1.33181,none,none,0,896.6974,-6439.0,-1,no signal,47.55991950844762,43.22354986104644,1.3329158983499365,1.3353340709092203,1.33226,1.33087
2026-09-23T07:16:21.267192+00:00,XAU_USD,4324.755,sell,none,0,904.9277,-2.0,-1,already in matching position,27.0048832456173,33.781976582939194,4342.092442202832,4344.518481240407,4347.39,4326.14
2026-09-23T07:16:21.624125+00:00,EUR_USD,1.14226,none,none,0,904.8152,0.0,-1,no signal,41.16765540815317,30.967126068562948,1.1436090815226747,1.1454613043898794,1.14301,1.14224
2026-09-23T07:16:21.996318+00:00,GBP_USD,1.33112,none,none,0,904.8152,-6439.0,-1,no signal,44.22700319313225,34.721461755964754,1.332800412126339,1.3352595196270403,1.33227,1.33087
2026-09-23T07:32:29.483886+00:00,XAU_USD,4323.875,sell,none,0,913.4763,-2.0,-1,already in matching position,27.684944071589726,33.141920494521685,4341.378032706287,4344.318177502987,4347.39,4324.48
2026-09-23T07:32:29.691164+00:00,EUR_USD,1.14236,none,none,0,913.4119,0.0,-1,no signal,40.167406999707616,33.99397130063073,1.1435600979339355,1.1454316706084007,1.14301,1.14205
2026-09-23T07:32:30.406689+00:00,GBP_USD,1.33126,none,none,0,913.5607,-6439.0,-1,no signal,43.45868013216345,37.435775538016365,1.3327400038083437,1.3352219011339228,1.33227,1.33087
2026-09-23T07:47:02.414176+00:00,XAU_USD,4322.585,none,none,0,915.3221,-2.0,-1,no signal,28.649343354581998,32.17941580624462,4340.641051029691,4344.096074352485,4346.955,4322.3
2026-09-23T07:47:03.207071+00:00,EUR_USD,1.14222,none,none,0,915.2328,0.0,-1,no signal,38.94916503574986,31.886080454420778,1.143507545073824,1.1453998497945543,1.14294,1.14205
2026-09-23T07:47:03.550026+00:00,GBP_USD,1.33095,none,none,0,915.2809,-6439.0,-1,no signal,43.23759433313861,34.058733499902004,1.3326698075805656,1.3351793946549784,1.33227,1.33087
2026-09-23T07:57:31.743335+00:00,XAU_USD,4322.585,none,none,0,915.5146,-2.0,-1,no signal,28.649343354581998,32.17941580624462,4340.641051029691,4344.096074352485,4346.955,4322.3
2026-09-23T07:57:32.526508+00:00,EUR_USD,1.14222,none,none,0,915.5146,0.0,-1,no signal,38.94916503574986,31.886080454420778,1.143507545073824,1.1453998497945543,1.14294,1.14205
2026-09-23T07:57:32.788160+00:00,GBP_USD,1.33095,none,none,0,915.5146,0.0,-1,no signal,43.23759433313861,34.058733499902004,1.3326698075805656,1.3351793946549784,1.33227,1.33087
2026-09-23T08:14:38.578814+00:00,XAU_USD,4319.615,none,none,0,919.9731,-2.0,-1,no signal,29.608408352249384,30.01790698434401,4339.816500021308,4343.891884731695,4346.84,4319.52
2026-09-23T08:14:39.806968+00:00,EUR_USD,1.14181,sell,sell,-14082,919.9731,0.0,-1,sell order FILLED (margin-capped size),39.00091445842303,26.670347039991356,1.1434409746787937,1.1453641979499163,1.14292,1.14205
2026-09-23T08:14:40.161619+00:00,GBP_USD,1.3302,sell,sell,-3903,919.2242,0.0,-1,sell order FILLED (margin-capped size),43.80946122312887,27.577124063880404,1.332572952381542,1.3351305289776558,1.33227,1.33074
2026-09-23T08:31:16.049963+00:00,XAU_USD,4319.0,none,none,0,909.5171,-2.0,-1,no signal,31.324344231645988,29.76105484186995,4338.248060937639,4343.34256194363,4343.565,4317.26
2026-09-23T08:31:16.954948+00:00,EUR_USD,1.1419,none,none,0,909.5619,-14082.0,-1,no signal,40.87039382878331,36.36723697148425,1.143299877048523,1.1452889538434814,1.14292,1.14122
2026-09-23T08:31:17.328248+00:00,GBP_USD,1.33063,none,none,0,909.3536,-3903.0,-1,no signal,44.9273394033387,39.06259068189626,1.332387758042169,1.3350315222311175,1.33227,1.32948
2026-09-23T08:46:35.331942+00:00,XAU_USD,4316.57,sell,none,0,910.2,-2.0,-1,"computed 0 units — insufficient margin (available=183.96, needed for 5 units)",32.062559179147904,27.898714658987956,4337.397940894396,4343.055582013435,4342.295,4317.195
2026-09-23T08:46:35.979776+00:00,EUR_USD,1.14182,none,none,0,910.0661,-14082.0,-1,no signal,40.37068720475634,35.42377926727005,1.1432418426547628,1.145255389643223,1.14285,1.14095
2026-09-23T08:46:36.211173+00:00,GBP_USD,1.33042,none,none,0,910.1107,0.0,-1,no signal,44.144460027844225,37.31571656501199,1.3323105910604653,1.3349867252988123,1.33227,1.32936
2026-09-23T08:57:50.493833+00:00,XAU_USD,4316.57,sell,none,0,908.1004,-2.0,-1,"computed 0 units — insufficient margin (available=181.73, needed for 5 units)",32.062559179147904,27.898714658987956,4337.397940894396,4343.055582013435,4342.295,4317.195
2026-09-23T08:57:50.892120+00:00,EUR_USD,1.14182,none,none,0,908.1004,-14082.0,-1,no signal,40.37068720475634,35.42377926727005,1.1432418426547628,1.145255389643223,1.14285,1.14095
2026-09-23T08:57:51.879400+00:00,GBP_USD,1.33042,none,none,0,908.1005,0.0,-1,no signal,44.144460027844225,37.31571656501199,1.3323105910604653,1.3349867252988123,1.33227,1.32936
2026-09-23T09:14:37.790228+00:00,XAU_USD,4318.35,none,none,0,913.2077,-2.0,-1,no signal,32.81268407036566,31.29048165579809,4336.650962816394,4342.7979479898495,4337.19,4315.985
2026-09-23T09:14:38.875954+00:00,EUR_USD,1.14178,none,none,0,913.2077,-14082.0,-1,no signal,39.96099137226969,34.93575995189663,1.143184515492109,1.145221693351342,1.14285,1.14095
2026-09-23T09:14:38.997896+00:00,GBP_USD,1.3301,none,none,0,913.2075,0.0,-1,no signal,43.77253841841097,34.764474849730576,1.3322239012152135,1.334938917812265,1.33227,1.32936
2026-09-23T09:30:25.441669+00:00,XAU_USD,4317.12,none,none,0,917.6618,-2.0,0,no signal,33.676251779059825,31.827157773284853,4335.263322459445,4342.313068235148,4337.19,4315.51
2026-09-23T09:30:30.270785+00:00,EUR_USD,1.1414,none,none,0,917.4385,-14082.0,-1,no signal,40.81061392633763,30.589416921266576,1.1430488049584082,1.145146748384238,1.14285,1.14095
2026-09-23T09:30:32.627987+00:00,GBP_USD,1.3291,sell,sell,-3868,917.4088,0.0,-1,sell order FILLED (margin-capped size),44.801010390532035,28.11613449312442,1.3319972575235755,1.3348281992908753,1.33227,1.32936
2026-09-23T09:45:01.131523+00:00,XAU_USD,4316.445,none,none,0,923.7358,-2.0,-1,no signal,34.52726087716684,31.21919256376826,4334.52534902777,4342.049651758744,4337.19,4315.51
2026-09-23T09:45:01.469288+00:00,EUR_USD,1.14104,none,none,0,923.7357,-14082.0,-1,no signal,41.59011423248564,26.93693659126326,1.142970028293501,1.1451062935391247,1.14285,1.14095
2026-09-23T09:45:01.862883+00:00,GBP_USD,1.32852,sell,none,0,923.7357,-3868.0,-1,already in matching position,45.82180437675652,24.988269451773363,1.3318608944836916,1.3347662477845073,1.33227,1.32896
2026-09-23T09:56:16.822399+00:00,XAU_USD,4316.445,none,none,0,931.5613,0.0,-1,no signal,34.52726087716684,31.21919256376826,4334.52534902777,4342.049651758744,4337.19,4315.51
2026-09-23T09:56:17.006116+00:00,EUR_USD,1.14104,none,none,0,931.5613,-14082.0,-1,no signal,41.59011423248564,26.93693659126326,1.142970028293501,1.1451062935391247,1.14285,1.14095
2026-09-23T09:56:17.192100+00:00,GBP_USD,1.32852,sell,none,0,931.5613,-3868.0,-1,already in matching position,45.82180437675652,24.988269451773363,1.3318608944836916,1.3347662477845073,1.33227,1.32896
2026-09-23T10:11:05.889735+00:00,XAU_USD,4314.275,none,none,0,926.7136,0.0,-1,no signal,35.90971039073658,29.282629736643628,4333.731217696719,4341.784005540477,4337.19,4313.34
2026-09-23T10:11:06.683805+00:00,EUR_USD,1.1408,sell,none,0,926.6065,-14082.0,-1,already in matching position,42.54659902024316,24.81007969108093,1.1428849291451209,1.1450646698158624,1.14285,1.14095
2026-09-23T10:11:07.068100+00:00,GBP_USD,1.328,sell,none,0,926.6065,-3868.0,-1,already in matching position,47.017571720865625,22.56456634754376,1.3317094868572226,1.3347000107969433,1.33227,1.3284
2026-09-23T10:27:22.587179+00:00,XAU_USD,4316.7,none,none,0,928.9741,0.0,-1,no signal,36.30052681359269,34.19515174575963,4333.063326805313,4341.530160082115,4332.975,4308.44
2026-09-23T10:27:23.236521+00:00,EUR_USD,1.1411,none,none,0,928.9741,-14082.0,-1,no signal,42.36403119437564,32.03405304189418,1.1428149319234875,1.1450244037191797,1.1427,1.14077
2026-09-23T10:27:23.740764+00:00,GBP_USD,1.3285,none,none,0,928.8875,-3868.0,-1,no signal,47.22145977769195,29.632119050707885,1.3315836246274417,1.3346380469319636,1.33186,1.32799
2026-09-23T10:42:13.048997+00:00,XAU_USD,4317.735,none,none,0,933.3252,0.0,-1,no signal,36.66342777767337,36.23125394994119,4332.462215937335,4341.2524579504325,4328.715,4308.44
2026-09-23T10:42:13.236165+00:00,EUR_USD,1.14107,none,none,0,933.3252,-14082.0,-1,no signal,42.19450392749867,31.70600106149871,1.14274650322144,1.1449877105172723,1.1427,1.1407
2026-09-23T10:42:13.527952+00:00,GBP_USD,1.32826,none,none,0,933.3252,-3868.0,-1,no signal,47.41078440188787,28.297071501548032,1.3314532864077426,1.3345777142538977,1.33164,1.32794
2026-09-23T10:54:09.713072+00:00,XAU_USD,4315.8,none,none,0,928.688,0.0,-1,no signal,36.593996315557014,34.106520751209956,4331.808795725692,4341.06660696605,4325.6,4308.44
2026-09-23T10:54:10.007224+00:00,EUR_USD,1.14084,none,none,0,928.7457,-14082.0,-1,no signal,42.21800983825397,29.23420137724142,1.1426717383893763,1.1449469161425612,1.1427,1.1407
2026-09-23T10:54:10.279952+00:00,GBP_USD,1.32786,sell,none,0,928.7457,-3868.0,-1,already in matching position,47.802999908655046,26.179992904962816,1.3313123732139986,1.3345067880971038,1.33156,1.32794
2026-09-23T11:06:53.715910+00:00,XAU_USD,4315.68,none,none,0,920.1832,0.0,-1,no signal,36.87646612097499,33.97346127956409,4331.176293939246,4340.835372809537,4325.6,4308.44
2026-09-23T11:06:54.159239+00:00,EUR_USD,1.14162,none,none,0,920.1538,-14082.0,-1,no signal,40.29907249561694,44.91748549330086,1.1426304937461422,1.144912179207793,1.1425,1.1407
2026-09-23T11:06:54.566022+00:00,GBP_USD,1.32922,none,none,0,920.1832,-3868.0,-1,no signal,46.114624665253736,42.053884710738984,1.3312303193611426,1.334449963903891,1.331,1.32779
2026-09-23T11:22:56.121779+00:00,XAU_USD,4315.16,none,none,0,923.4613,0.0,-1,no signal,36.82795568952133,33.36599903609259,4330.548203976648,4340.566557915453,4322.75,4308.44
2026-09-23T11:22:56.837999+00:00,EUR_USD,1.14197,none,none,0,923.5684,-14082.0,-1,no signal,37.59478104195632,50.24592876570419,1.1426045920303716,1.1448821552008266,1.1423,1.1407
2026-09-23T11:22:57.292214+00:00,GBP_USD,1.3296,none,none,0,923.5684,-3868.0,-1,no signal,43.85708476768627,45.57543329979966,1.3311663852683775,1.3344011611260693,1.33095,1.32775
2026-09-23T11:36:42.422393+00:00,XAU_USD,4306.315,sell,sell,-1,932.3383,0.0,-1,sell order FILLED (margin-capped size),37.94729475147469,25.133786240862747,4329.597882239332,4340.1852203471235,4322.75,4308.44
2026-09-23T11:36:42.805105+00:00,EUR_USD,1.14116,none,none,0,931.853,-14082.0,-1,no signal,35.96441938094344,40.48515850510409,1.1425479413626216,1.1448454590997437,1.1423,1.1407
2026-09-23T11:36:43.017516+00:00,GBP_USD,1.32858,none,none,0,931.7313,-3868.0,-1,no signal,42.15547238210026,38.765324623078754,1.3310649583955358,1.3343446002011132,1.33095,1.32775
2026-09-23T11:49:15.344818+00:00,XAU_USD,4304.905,none,none,0,928.9099,-1.0,-1,no signal,39.73822005804029,24.112470279456616,4328.629533936592,4339.898960610299,4320.565,4303.88
2026-09-23T11:49:15.543229+00:00,EUR_USD,1.14071,none,none,0,928.9676,0.0,-1,no signal,35.50978646649756,36.26974751728213,1.1424758652314388,1.144806487975057,1.1423,1.1407
2026-09-23T11:49:16.354077+00:00,GBP_USD,1.32766,sell,none,0,928.96,-3868.0,-1,already in matching position,41.61102367709082,33.851956051683814,1.3309314306156608,1.3342791756273151,1.33095,1.32775
2026-09-23T11:58:42.079879+00:00,XAU_USD,4304.905,none,none,0,928.3558,-1.0,-1,no signal,39.73822005804029,24.112470279456616,4328.629533936592,4339.898960610299,4320.565,4303.88
2026-09-23T11:58:42.678618+00:00,EUR_USD,1.14071,none,none,0,928.409,0.0,-1,no signal,35.50978646649756,36.26974751728213,1.1424758652314388,1.144806487975057,1.1423,1.1407
2026-09-23T11:58:42.932676+00:00,GBP_USD,1.32766,sell,none,0,928.4014,-3868.0,-1,already in matching position,41.61102367709082,33.851956051683814,1.3309314306156608,1.3342791756273151,1.33095,1.32775
2026-09-23T12:20:47.615100+00:00,XAU_USD,4318.925,none,none,0,926.0204,0.0,-1,no signal,39.22855832805903,47.926567368240704,4327.533103070323,4339.520785696891,4320.565,4294.62
2026-09-23T12:20:48.704882+00:00,EUR_USD,1.14092,none,none,0,926.0204,0.0,-1,no signal,34.19537789334056,40.4261886145029,1.1423660255368537,1.1447329090448668,1.14198,1.14045
2026-09-23T12:20:50.529850+00:00,GBP_USD,1.32734,sell,none,0,926.0204,-3868.0,-1,already in matching position,40.990839219912765,33.650362236753764,1.3306801402944668,1.3341454267121753,1.33026,1.32742
2026-09-23T12:39:12.806473+00:00,XAU_USD,4311.245,none,none,0,927.4068,0.0,-1,no signal,38.011878140993446,40.28492498126965,4326.894353952721,4339.310720966557,4320.26,4294.62
2026-09-23T12:39:13.538840+00:00,EUR_USD,1.14036,sell,sell,-21957,927.4068,0.0,-1,sell order FILLED (margin-capped size),34.346837539241676,35.575380727483974,1.1422873578679287,1.1446868114671156,1.14198,1.14045
2026-09-23T12:39:13.891664+00:00,GBP_USD,1.32719,sell,sell,-6059,926.2365,0.0,-1,sell order FILLED (margin-capped size),40.96055060486678,32.915386662792216,1.3305432720463413,1.3340721352572886,1.32962,1.32723
2026-09-23T12:54:29.802980+00:00,XAU_USD,4303.955,none,none,0,912.748,0.0,-1,no signal,37.78937373371246,34.63909368226085,4325.994771477915,4339.064338107288,4319.225,4294.62
2026-09-23T12:54:30.945670+00:00,EUR_USD,1.14012,sell,none,0,912.9151,-21957.0,-1,already in matching position,34.85272729869174,33.708573191592805,1.142202363441179,1.144639601157807,1.14198,1.1403
2026-09-23T12:54:32.186256+00:00,GBP_USD,1.32646,sell,none,0,913.053,-6059.0,-1,already in matching position,41.518761379354906,29.53451077391904,1.3303831437299856,1.3339938065729449,1.32962,1.32714
2026-09-23T13:09:16.798808+00:00,XAU_USD,4309.835,none,none,0,916.2399,0.0,-1,no signal,37.67924896449264,41.73237428986321,4325.361054938209,4338.73800885766,4319.225,4294.62
2026-09-23T13:09:17.163311+00:00,EUR_USD,1.14082,none,none,0,916.787,-21957.0,-1,no signal,34.08076733646944,43.08890891878155,1.1421481531103235,1.1446021396066555,1.14198,1.14001
2026-09-23T13:09:18.069956+00:00,GBP_USD,1.3276,none,none,0,917.0923,-6059.0,-1,no signal,41.21220893548579,39.91388287321946,1.3302740008395122,1.3339330448672733,1.32962,1.32638
2026-09-23T13:27:04.242137+00:00,XAU_USD,4302.41,none,none,0,906.3988,0.0,-1,no signal,37.8571043124769,36.3654889001878,4324.461013557717,4338.3435640593825,4319.225,4294.62
2026-09-23T13:27:05.647571+00:00,EUR_USD,1.14006,none,none,0,906.6285,-21957.0,-1,no signal,33.289710995565905,36.97197363161581,1.1420662647524356,1.1445549706270515,1.14198,1.14
2026-09-23T13:27:05.953103+00:00,GBP_USD,1.3266,none,none,0,906.7955,-6059.0,-1,no signal,40.57839491890989,35.03838942305816,1.3301299223747467,1.3338585820627742,1.32962,1.32635
2026-09-23T13:42:25.268243+00:00,XAU_USD,4312.215,none,none,0,900.6251,0.0,-1,no signal,37.63544546374752,46.2041083121543,4323.980777732,4338.083816535703,4319.225,4294.62
2026-09-23T13:42:25.961806+00:00,EUR_USD,1.14144,none,none,0,900.6251,0.0,-1,no signal,31.21200290816418,50.66683265016368,1.142041705349609,1.1445215259571073,1.14198,1.14
2026-09-23T13:42:26.465340+00:00,GBP_USD,1.32877,none,none,0,900.6251,0.0,-1,no signal,38.428434979602606,49.46414666270287,1.3300765920856057,1.3338081535668778,1.32962,1.32635
2026-09-23T13:53:45.360032+00:00,XAU_USD,4292.635,sell,sell,-3,900.6251,0.0,-1,sell order FILLED,38.65829126269954,34.67476147284823,4322.75153154598,4337.630160375385,4319.225,4294.62
2026-09-23T13:53:45.645562+00:00,EUR_USD,1.14086,none,none,0,899.5736,0.0,-1,no signal,29.04544462102144,46.13011277009017,1.1419953639639278,1.1444869303160086,1.14198,1.14
2026-09-23T13:53:46.303120+00:00,GBP_USD,1.32762,none,none,0,900.5108,0.0,-1,no signal,36.25012193450828,43.900334551444764,1.32998025514135,1.3337474645991394,1.32962,1.32635
2026-09-23T14:06:34.983443+00:00,XAU_USD,4284.02,sell,none,0,896.1012,-3.0,-1,already in matching position,39.962428074550594,31.008434230104797,4321.232647953313,4337.088355324555,4319.225,4286.795
2026-09-23T14:06:35.311909+00:00,EUR_USD,1.1397,sell,sell,-9763,896.1241,0.0,-1,sell order FILLED (margin-capped size),29.341021224947955,38.67199172358412,1.1419053496906186,1.144438618630437,1.14198,1.14
2026-09-23T14:06:35.695833+00:00,GBP_USD,1.32612,sell,sell,-2694,895.8321,0.0,-1,sell order FILLED (margin-capped size),36.306027012188764,37.91044375808186,1.3298288725864873,1.3336706166755905,1.32962,1.32635
2026-09-23T14:23:50.441358+00:00,XAU_USD,4283.75,none,none,0,911.5211,-3.0,-1,no signal,40.75815696705748,30.898167718456932,4319.762740184649,4336.539216863894,4319.225,4280.74
2026-09-23T14:23:50.797262+00:00,EUR_USD,1.1398,none,none,0,911.2051,-9763.0,-1,no signal,29.615485214308286,39.57889355622251,1.1418227869576532,1.1443924632211788,1.14198,1.1391
2026-09-23T14:23:51.957827+00:00,GBP_USD,1.32598,none,none,0,910.9644,-2694.0,-1,no signal,36.35793887003495,37.397563662574385,1.3296779364068394,1.3335947736647287,1.32962,1.32513
2026-09-23T14:39:40.314417+00:00,XAU_USD,4280.73,sell,none,0,904.3689,-3.0,-1,"computed 0 units — insufficient margin (available=51.36, needed for 3 units)",41.75971576991789,29.629029038952226,4318.232044488802,4335.976483407381,4319.225,4280.74
2026-09-23T14:39:40.766546+00:00,EUR_USD,1.1384,sell,none,0,904.4316,-9763.0,-1,already in matching position,30.932534329624612,32.36336962508706,1.1416885600176236,1.1443312034299078,1.14197,1.1391
2026-09-23T14:39:41.751356+00:00,GBP_USD,1.32504,sell,none,0,904.77,-2694.0,-1,already in matching position,37.06844994930204,34.06519978371311,1.3294960565468918,1.3335069293861146,1.3296,1.32513
2026-09-23T14:54:13.186567+00:00,XAU_USD,4286.885,none,none,0,865.5418,-3.0,-1,no signal,41.774231382128555,35.44856127257685,4317.00274862581,4335.48583321359,4319.225,4277.815
2026-09-23T14:54:13.369376+00:00,EUR_USD,1.13922,none,none,0,866.2623,-9763.0,-1,no signal,32.15550850813263,39.33901192219501,1.1415917537421019,1.144279324877113,1.1416,1.13836
2026-09-23T14:54:13.518772+00:00,GBP_USD,1.32562,none,none,0,867.0597,-2694.0,-1,no signal,37.417886306628695,37.75095608700856,1.329344054329324,1.3334283163691705,1.32891,1.3248
2026-09-23T15:06:44.958330+00:00,XAU_USD,4294.395,none,none,0,886.2309,-3.0,-1,no signal,40.692962223459354,41.77554253466893,4316.116170255518,4335.099835283327,4319.225,4277.815
2026-09-23T15:06:45.811546+00:00,EUR_USD,1.14022,none,none,0,886.2309,-9763.0,-1,no signal,31.516450707446957,46.57528994052347,1.1415379594774278,1.14423804888521,1.1416,1.13836
2026-09-23T15:06:46.747444+00:00,GBP_USD,1.32654,none,none,0,886.9261,-2694.0,-1,no signal,36.95393778954872,43.17696913949602,1.3292340914146623,1.3333604564459351,1.32891,1.3248
2026-09-23T15:23:44.982763+00:00,XAU_USD,4294.25,none,none,0,884.7082,-3.0,-1,no signal,39.68892657612367,41.69057729643219,4315.2586733997405,4334.747403989652,4319.225,4277.815
2026-09-23T15:23:45.778990+00:00,EUR_USD,1.13976,none,none,0,884.9139,-9763.0,-1,no signal,30.923039892524546,43.97651263397602,1.141468235576609,1.1441943078306387,1.1416,1.13836
2026-09-23T15:23:45.959525+00:00,GBP_USD,1.32616,none,none,0,884.9596,-2694.0,-1,no signal,36.52312845226015,41.5653584781764,1.3291135388108293,1.3332909197814025,1.32891,1.3248
2026-09-23T15:39:44.019349+00:00,XAU_USD,4283.46,none,none,0,920.6177,-3.0,-1,no signal,39.347333040927076,35.84779443065078,4314.011666586228,4334.1940715508645,4318.945,4277.815
2026-09-23T15:39:45.183356+00:00,EUR_USD,1.13916,none,none,0,919.7009,-9763.0,-1,no signal,30.597229084773033,40.7802566419109,1.141377716534432,1.1441443513230378,1.1416,1.13836
2026-09-23T15:39:45.573101+00:00,GBP_USD,1.32572,none,none,0,920.3207,-2694.0,-1,no signal,36.24285311462682,39.71678862060207,1.328980458857614,1.3332160636229695,1.32891,1.3248
2026-09-23T15:52:32.728339+00:00,XAU_USD,4284.09,none,none,0,920.2882,-3.0,-1,no signal,39.36013308664619,36.40817992044498,4312.838267895215,4333.691202157985,4313.56,4277.815
2026-09-23T15:52:33.103699+00:00,EUR_USD,1.13921,none,none,0,920.2882,-9763.0,-1,no signal,30.57492942322131,41.164023241224946,1.141292708041987,1.1440923950396966,1.1416,1.13836
2026-09-23T15:52:33.539040+00:00,GBP_USD,1.32531,none,none,0,920.064,-2694.0,-1,no signal,36.29172640093687,38.019982907674645,1.3288365192924736,1.3331307270493764,1.32891,1.3248
2026-09-23T16:22:40.809314+00:00,XAU_USD,4283.285,none,none,0,908.2324,-3.0,-1,no signal,39.561301400643416,36.43174132419488,4310.529454528566,4332.698925965747,4313.56,4277.65
2026-09-23T16:22:41.799897+00:00,EUR_USD,1.13926,none,none,0,908.2324,-9763.0,-1,no signal,29.77190934690624,41.7198343271122,1.141139420227418,1.1440009232777588,1.1416,1.13836
2026-09-23T16:22:42.097527+00:00,GBP_USD,1.32502,none,none,0,907.7842,-2694.0,-1,no signal,36.93286387196352,36.794012676382714,1.32854644475977,1.3329697638967881,1.32891,1.32478
2026-09-23T16:38:22.160303+00:00,XAU_USD,4285.855,none,none,0,899.7184,-3.0,-1,no signal,39.38056520464419,39.03580091615426,4309.561828871284,4332.266231672794,4313.56,4277.65
2026-09-23T16:38:23.185379+00:00,EUR_USD,1.1392,none,none,0,899.1294,-9763.0,-1,no signal,29.207945563396226,41.33016688399202,1.1410633645314332,1.1439506349057338,1.1416,1.13836
2026-09-23T16:38:24.158450+00:00,GBP_USD,1.32498,none,none,0,899.0608,-2694.0,-1,no signal,36.9605225515506,36.609575651443464,1.3284065841799708,1.3328871332830257,1.32891,1.32472
2026-09-23T16:51:44.103148+00:00,XAU_USD,4286.275,none,none,0,922.733,-3.0,-1,no signal,38.42345701392679,39.47218255411352,4308.648619900946,4331.824532069734,4313.56,4277.65
2026-09-23T16:51:44.851150+00:00,EUR_USD,1.1388,none,none,0,922.5086,-9763.0,-1,no signal,29.17196654656152,38.73285287926062,1.1409746051382148,1.1438999292376886,1.1416,1.13836
2026-09-23T16:51:45.443515+00:00,GBP_USD,1.32456,sell,none,0,921.9663,-2694.0,-1,already in matching position,37.39545094224994,34.645784337842755,1.3282557377413267,1.3328035956972841,1.32891,1.32472
2026-09-23T17:01:57.132890+00:00,XAU_USD,4284.975,none,none,0,921.399,-3.0,-1,no signal,38.13182166408675,38.55232430505458,4307.720242650443,4331.360000863087,4298.74,4277.65
2026-09-23T17:01:57.442471+00:00,EUR_USD,1.13782,sell,none,0,920.8593,-9763.0,-1,already in matching position,30.230518568132652,33.22401294739967,1.140850895131789,1.143836233900053,1.14076,1.13836
2026-09-23T17:01:57.858999+00:00,GBP_USD,1.32334,sell,none,0,921.0645,-2694.0,-1,already in matching position,38.583485461445854,29.66752830409625,1.3280629637109285,1.3327052112294437,1.32758,1.32432
2026-09-23T17:19:36.273346+00:00,XAU_USD,4279.05,none,none,0,932.0671,-3.0,-1,no signal,38.165421629827925,34.59523593425082,4306.595919410405,4330.843178248064,4298.74,4277.65
2026-09-23T17:19:36.586947+00:00,EUR_USD,1.13714,sell,sell,-10619,932.0896,0.0,-1,sell order FILLED (margin-capped size),31.608247078417463,30.032213931322275,1.140705369833509,1.143772803236318,1.14054,1.13758
2026-09-23T17:19:36.862422+00:00,GBP_USD,1.32254,sell,sell,-2910,931.2525,0.0,-1,sell order FILLED (margin-capped size),39.99331990832026,26.934463095775882,1.327846376900019,1.3326081480779455,1.32692,1.32301
2026-09-23T17:32:57.812823+00:00,XAU_USD,4282.325,none,none,0,932.09,-3.0,-1,no signal,38.19662159801616,38.36128841547908,4305.64411863445,4330.313453173008,4298.74,4275.715
2026-09-23T17:32:58.493690+00:00,EUR_USD,1.13757,none,none,0,932.1932,-10619.0,-1,no signal,32.894520251344076,34.3286060402654,1.1405824141537635,1.1437110838011308,1.14054,1.13703
2026-09-23T17:32:58.677149+00:00,GBP_USD,1.32378,none,none,0,932.1932,-2910.0,-1,no signal,40.535825350084394,36.67261538849339,1.3276869111398764,1.332522347422961,1.32692,1.32236
2026-09-23T17:44:49.864456+00:00,XAU_USD,4282.325,none,none,0,903.5891,-3.0,-1,no signal,38.19662159801616,38.36128841547908,4305.64411863445,4330.313453173008,4298.74,4275.715
2026-09-23T17:44:50.022449+00:00,EUR_USD,1.13757,none,none,0,903.8177,0.0,-1,no signal,32.894520251344076,34.3286060402654,1.1405824141537635,1.1437110838011308,1.14054,1.13703
2026-09-23T17:44:50.307800+00:00,GBP_USD,1.32378,none,none,0,904.0465,0.0,-1,no signal,40.535825350084394,36.67261538849339,1.3276869111398764,1.332522347422961,1.32692,1.32236
2026-09-23T17:54:11.677178+00:00,XAU_USD,4288.23,none,none,0,896.5732,-3.0,-1,no signal,37.12729488455786,44.559898032919726,4304.961212017559,4329.8827008470835,4298.74,4275.715
2026-09-23T17:54:13.413222+00:00,EUR_USD,1.1385,none,none,0,897.0989,0.0,-1,no signal,32.17565530242235,42.545852939240966,1.1405007508538725,1.1436600488668003,1.14054,1.13702
2026-09-23T17:54:13.824867+00:00,GBP_USD,1.32492,none,none,0,896.8703,0.0,-1,no signal,39.38329646670052,44.0549465745953,1.3275784048210504,1.3324479271436396,1.32692,1.32236
2026-09-23T18:09:18.728054+00:00,XAU_USD,4293.015,none,none,0,897.8036,-3.0,-1,no signal,35.481753455940094,49.03269445374702,4304.4927331288045,4329.560059005375,4298.74,4274.745
2026-09-23T18:09:19.870507+00:00,EUR_USD,1.1392,none,none,0,898.4663,0.0,-1,no signal,30.53425382446466,47.83658636996801,1.1404497410160814,1.1436144453024422,1.14054,1.13702
2026-09-23T18:09:21.447829+00:00,GBP_USD,1.32528,none,none,0,898.7636,0.0,-1,no signal,37.84993817043624,46.188291532964435,1.3274882712979073,1.3323742226019717,1.32692,1.32236
2026-09-23T18:28:39.725013+00:00,XAU_USD,4289.4,none,none,0,911.5318,-3.0,-1,no signal,33.68587357751211,46.0124538027931,4303.900861229292,4329.121937968962,4297.47,4274.745
2026-09-23T18:28:40.030941+00:00,EUR_USD,1.13892,none,none,0,911.5318,0.0,-1,no signal,28.87534938113555,46.011410491900556,1.1403897511728054,1.1435692996416529,1.14028,1.13702
2026-09-23T18:28:40.240366+00:00,GBP_USD,1.32465,none,none,0,911.4645,0.0,-1,no signal,36.56613838659807,43.09148825116547,1.3273769665411905,1.3322975688270788,1.32663,1.32236
2026-09-23T18:45:08.994047+00:00,XAU_USD,4284.48,none,none,0,912.2047,-3.0,-1,no signal,31.605413974935868,42.112958426526475,4302.469314814151,4328.279036660084,4294.94,4274.745
2026-09-23T18:45:10.880898+00:00,EUR_USD,1.1384,none,none,0,912.3841,0.0,-1,no signal,27.558784676650543,43.28308693815929,1.1402284631164785,1.1434647390140402,1.13956,1.13702
2026-09-23T18:45:14.948060+00:00,GBP_USD,1.32413,none,none,0,912.9673,0.0,-1,no signal,35.37842427416628,40.889426777507786,1.3271239049078927,1.3321348594125233,1.32574,1.32236
2026-09-23T18:56:39.780366+00:00,XAU_USD,4284.48,none,none,0,899.7199,-3.0,-1,no signal,31.605413974935868,42.112958426526475,4302.469314814151,4328.279036660084,4294.94,4274.745
2026-09-23T18:56:40.229006+00:00,EUR_USD,1.1384,none,none,0,899.8113,0.0,-1,no signal,27.558784676650543,43.28308693815929,1.1402284631164785,1.1434647390140402,1.13956,1.13702
2026-09-23T18:56:41.025121+00:00,GBP_USD,1.32413,none,none,0,900.1316,0.0,-1,no signal,35.37842427416628,40.889426777507786,1.3271239049078927,1.3321348594125233,1.32574,1.32236
2026-09-23T19:11:09.358450+00:00,XAU_USD,4290.465,none,none,0,898.965,-3.0,-1,no signal,30.12942551591335,48.15661028801158,4301.99855736511,4327.885764135108,4294.94,4274.745
2026-09-23T19:11:09.845399+00:00,EUR_USD,1.1387,none,none,0,899.3768,0.0,-1,no signal,26.691457552543078,45.707561968030454,1.1401685233864205,1.143417328675592,1.13956,1.13702
2026-09-23T19:11:10.264487+00:00,GBP_USD,1.32428,none,none,0,899.3768,0.0,-1,no signal,34.775866432638374,41.95991128359934,1.327012379224845,1.3320554766387556,1.32554,1.32236
2026-09-23T19:25:48.851580+00:00,XAU_USD,4284.545,none,none,0,909.3517,-3.0,-1,no signal,28.266155584933024,43.33692768227237,4301.3141041467015,4327.491397918365,4294.94,4274.745
2026-09-23T19:25:49.612278+00:00,EUR_USD,1.1386,none,none,0,909.1458,0.0,-1,no signal,25.605630980323717,45.01677687684561,1.140107012665941,1.1433711644561166,1.13956,1.13702
2026-09-23T19:25:51.375495+00:00,GBP_USD,1.32422,none,none,0,909.1687,0.0,-1,no signal,33.97815691398499,41.63510861294464,1.3269028741587012,1.3319822754641208,1.32546,1.32236
2026-09-23T19:39:34.338360+00:00,XAU_USD,4286.66,none,none,0,917.5201,-3.0,-1,no signal,26.72929409592192,45.43793086135844,4300.739433402579,4327.106518276808,4294.94,4274.745
2026-09-23T19:39:34.784801+00:00,EUR_USD,1.13862,none,none,0,917.5425,0.0,-1,no signal,24.961175812215345,45.19517421896514,1.140048698443576,1.1433233447573776,1.13956,1.13702
2026-09-23T19:39:35.488476+00:00,GBP_USD,1.32425,none,none,0,917.5425,0.0,-1,no signal,33.512283602459604,41.87737043110463,1.3267988398763846,1.3319003014174973,1.32546,1.32236
2026-09-23T19:50:56.145975+00:00,XAU_USD,4282.61,none,none,0,909.0544,-3.0,-1,no signal,25.621886883182906,42.2103655509645,4300.028475239782,4326.695105632937,4294.94,4274.745
2026-09-23T19:50:56.478443+00:00,EUR_USD,1.13852,none,none,0,909.0773,0.0,-1,no signal,24.19421269649008,44.41913622958913,1.1399887494853473,1.143276639143219,1.1394,1.13702
2026-09-23T19:50:59.470904+00:00,GBP_USD,1.32427,none,none,0,909.1002,0.0,-1,no signal,32.85490954110072,42.0500653919034,1.3266996696855817,1.331825739096607,1.32546,1.32236
2026-09-23T20:00:39.424460+00:00,XAU_USD,4284.38,none,none,0,911.128,-3.0,0,no signal,24.563920399875226,44.07987453421884,4299.414809555456,4326.3101623545535,4294.94,4274.745
2026-09-23T20:00:39.669966+00:00,EUR_USD,1.13845,none,none,0,911.2625,0.0,-1,no signal,23.482032660459453,43.851515500201174,1.1399284063675046,1.14322616294575,1.1394,1.13702
2026-09-23T20:00:40.109337+00:00,GBP_USD,1.32414,none,none,0,911.1953,0.0,-1,no signal,32.254739479837625,41.19330556535259,1.3265992904806214,1.3317441600446016,1.32546,1.32236
2026-09-23T20:19:34.196045+00:00,XAU_USD,4285.01,none,none,0,912.339,-3.0,-1,no signal,23.459439198407143,44.76480341562621,4298.849915065236,4325.906054873854,4294.94,4274.745
2026-09-23T20:19:34.499758+00:00,EUR_USD,1.13852,none,none,0,912.339,0.0,-1,no signal,22.89179606475527,44.6137260770471,1.1398731747450357,1.143178654915604,1.1394,1.13702
2026-09-23T20:19:34.991918+00:00,GBP_USD,1.32418,none,none,0,912.339,0.0,-1,no signal,31.382363841930616,41.58767047766872,1.326504416343656,1.3316673975865971,1.32546,1.32236
2026-09-23T20:33:13.451319+00:00,XAU_USD,4285.615,none,none,0,911.4868,-3.0,-1,no signal,22.574838259226212,45.45572070202633,4298.3308987922,4325.517976999319,4294.94,4274.745
2026-09-23T20:33:13.820928+00:00,EUR_USD,1.13848,none,none,0,911.2625,0.0,-1,no signal,22.3437192258871,44.24411997870638,1.1398185404416505,1.1431329909914127,1.1394,1.13702
2026-09-23T20:33:15.707094+00:00,GBP_USD,1.32416,none,none,0,911.4868,0.0,-1,no signal,30.572300749588393,41.43803817013539,1.326412478447633,1.3315920846287634,1.32546,1.32237
2026-09-23T20:45:25.899497+00:00,XAU_USD,4285.585,none,none,0,908.8254,-3.0,-1,no signal,21.714298186035187,45.4253776497983,4297.831059615567,4325.094195037504,4294.94,4274.745
2026-09-23T20:45:26.768427+00:00,EUR_USD,1.13824,none,none,0,908.8254,0.0,-1,no signal,22.114541441624187,41.996024530312226,1.1397566368947483,1.1430837600833663,1.1394,1.13724
2026-09-23T20:45:27.747490+00:00,GBP_USD,1.32406,none,none,0,908.8254,0.0,-1,no signal,29.947615489538304,40.6504826616402,1.3263202243906498,1.3315164579749064,1.32546,1.32324
2026-09-23T20:55:10.861699+00:00,XAU_USD,4285.585,none,none,0,899.1912,-3.0,-1,no signal,21.714298186035187,45.4253776497983,4297.831059615567,4325.094195037504,4294.94,4274.745
2026-09-23T20:55:11.906535+00:00,EUR_USD,1.13824,none,none,0,899.1912,0.0,-1,no signal,22.114541441624187,41.996024530312226,1.1397566368947483,1.1430837600833663,1.1394,1.13724
2026-09-23T20:55:14.543439+00:00,GBP_USD,1.32406,none,none,0,899.3514,0.0,-1,no signal,29.947615489538304,40.6504826616402,1.3263202243906498,1.3315164579749064,1.32546,1.32324
2026-09-23T21:09:04.146563+00:00,XAU_USD,4287.41,none,none,0,907.9051,-3.0,-1,no signal,20.346841535153963,47.71202320782679,4297.422390611036,4324.719227922703,4294.94,4281.25
2026-09-23T21:09:05.018456+00:00,EUR_USD,1.1384,none,none,0,907.9051,0.0,-1,no signal,22.087152362407057,44.03752517457241,1.1397034354477669,1.1430367471825331,1.1394,1.13804
2026-09-23T21:09:05.464386+00:00,GBP_USD,1.32405,none,none,0,907.9051,0.0,-1,no signal,29.623748522803236,40.56745087372231,1.3262311959841573,1.331445295336214,1.32546,1.32386
2026-09-23T21:24:22.884668+00:00,XAU_USD,4287.41,none,none,0,907.9046,-3.0,-1,no signal,20.346841535153963,47.71202320782679,4297.422390611036,4324.719227922703,4294.94,4281.25
2026-09-23T21:24:23.600900+00:00,EUR_USD,1.1381,none,none,0,907.9046,0.0,-1,no signal,22.187664846863996,41.11550415032159,1.1396405556263933,1.1429879655890949,1.1394,1.13804
2026-09-23T21:24:23.751072+00:00,GBP_USD,1.32438,none,none,0,907.9046,0.0,-1,no signal,28.57272480350816,44.5896899997018,1.3261586000630818,1.3313745855671937,1.32546,1.32378
2026-09-23T21:37:23.783487+00:00,XAU_USD,4287.41,none,none,0,907.9056,-3.0,-1,no signal,20.346841535153963,47.71202320782679,4297.422390611036,4324.719227922703,4294.94,4281.25
2026-09-23T21:37:24.098096+00:00,EUR_USD,1.13841,none,none,0,907.9056,0.0,-1,no signal,22.14924250852377,45.16450026588626,1.1395922985425553,1.1429409845625724,1.139,1.13802
2026-09-23T21:37:24.258201+00:00,GBP_USD,1.32435,none,none,0,907.9056,0.0,-1,no signal,27.59677420701987,44.29619416600622,1.32608767456977,1.3313026475789431,1.32478,1.32378
2026-09-23T21:48:14.067228+00:00,XAU_USD,4287.41,none,none,0,907.9059,-3.0,-1,no signal,20.346841535153963,47.71202320782679,4297.422390611036,4324.719227922703,4294.94,4281.25
2026-09-23T21:48:14.477242+00:00,EUR_USD,1.13878,none,none,0,907.9059,0.0,-1,no signal,21.234184143035463,49.61748263735651,1.1395604436970221,1.142897267901397,1.1389,1.13802
2026-09-23T21:48:15.046778+00:00,GBP_USD,1.3247,none,none,0,907.9059,0.0,-1,no signal,26.242361963175018,48.55096518487812,1.3260332559580783,1.331233410794708,1.32458,1.32378
2026-09-23T21:57:08.518817+00:00,XAU_USD,4287.41,none,none,0,907.904,-3.0,-1,no signal,20.346841535153963,47.71202320782679,4297.422390611036,4324.719227922703,4294.94,4281.25
2026-09-23T21:57:08.902689+00:00,EUR_USD,1.13878,none,none,0,907.904,0.0,-1,no signal,21.234184143035463,49.61748263735651,1.1395604436970221,1.142897267901397,1.1389,1.13802
2026-09-23T21:57:09.581333+00:00,GBP_USD,1.3247,none,none,0,907.9037,0.0,-1,no signal,26.242361963175018,48.55096518487812,1.3260332559580783,1.331233410794708,1.32458,1.32378
2026-09-23T22:13:45.886769+00:00,XAU_USD,4287.41,none,none,0,906.9427,-3.0,-1,no signal,20.346841535153953,47.71202320782679,4297.42239061877,4324.743829376798,4294.94,4281.25
2026-09-23T22:13:46.570403+00:00,EUR_USD,1.13839,none,none,0,907.286,0.0,-1,no signal,20.65500839058191,45.42976645069591,1.1395145439444974,1.1428533722179766,1.1389,1.13802
2026-09-23T22:13:46.736594+00:00,GBP_USD,1.32416,none,none,0,907.286,0.0,-1,no signal,25.49890120218684,43.08320200506143,1.3259597949405424,1.3311643896740435,1.32474,1.32378
2026-09-23T22:26:50.640599+00:00,XAU_USD,4288.23,none,none,0,903.0766,-3.0,-1,no signal,19.911711236696878,48.75105470225616,4297.0619047107475,4324.376050166576,4294.94,4281.25
2026-09-23T22:26:51.117176+00:00,EUR_USD,1.1385,none,none,0,903.0767,0.0,-1,no signal,20.11720233473219,46.79377692932596,1.1394747579076723,1.142810735619629,1.1389,1.13802
2026-09-23T22:26:51.912806+00:00,GBP_USD,1.3242,none,none,0,903.0767,0.0,-1,no signal,24.808544781269262,43.5899814430423,1.325890783374632,1.3310963172330197,1.32474,1.32378
2026-09-23T22:39:56.281303+00:00,XAU_USD,4288.5,none,none,0,903.2138,-3.0,-1,no signal,19.507661673843877,49.10964370027968,4296.726143723995,4323.962760011188,4294.57,4281.25
2026-09-23T22:39:57.229077+00:00,EUR_USD,1.1385,none,none,0,903.2138,0.0,-1,no signal,19.61781099715748,46.79377692932595,1.1394365321086122,1.1427717898491565,1.13883,1.13802
2026-09-23T22:39:58.088988+00:00,GBP_USD,1.3243,none,none,0,903.2138,0.0,-1,no signal,24.167499533274388,44.910581780274605,1.325828399714294,1.3310331837377103,1.32474,1.32378
2026-09-23T22:50:45.749196+00:00,XAU_USD,4289.4,none,none,0,905.479,-3.0,-1,no signal,19.132472794051807,50.356560064886466,4296.438843973601,4323.629944723205,4294.57,4281.25
2026-09-23T22:50:45.927586+00:00,EUR_USD,1.13848,none,none,0,905.479,0.0,-1,no signal,19.289810069003963,46.548433943807474,1.1393990210373564,1.1427030889152494,1.13883,1.13802
2026-09-23T22:50:46.089905+00:00,GBP_USD,1.32426,none,none,0,905.479,0.0,-1,no signal,23.66328545089651,44.462197110586345,1.325766893834779,1.3309391798330152,1.32474,1.32378
2026-09-23T23:15:06.608276+00:00,XAU_USD,4291.365,none,none,0,898.6366,-3.0,-1,no signal,18.51067589664857,53.24572631095437,4295.978805991405,4322.975772241163,4294.57,4281.25
2026-09-23T23:15:06.915742+00:00,EUR_USD,1.13838,none,none,0,898.6824,0.0,-1,no signal,18.729564150362656,45.17495303798124,1.139324432718936,1.1426077341860874,1.13883,1.13802
2026-09-23T23:15:09.539369+00:00,GBP_USD,1.32418,none,none,0,898.6824,0.0,-1,no signal,22.64449100198095,43.491001789816295,1.3256463791221724,1.3308050582837507,1.32474,1.32378
2026-09-23T23:26:28.255943+00:00,XAU_USD,4291.365,none,none,0,904.7435,-3.0,-1,no signal,18.51067589664857,53.24572631095437,4295.978805991405,4322.975772241163,4294.57,4281.25
2026-09-23T23:26:28.633918+00:00,EUR_USD,1.13838,none,none,0,904.9724,0.0,-1,no signal,18.729564150362656,45.17495303798124,1.139324432718936,1.1426077341860874,1.13883,1.13802
2026-09-23T23:26:28.988618+00:00,GBP_USD,1.32418,none,none,0,904.9724,0.0,-1,no signal,22.64449100198095,43.491001789816295,1.3256463791197972,1.3307975043102958,1.32474,1.32378
2026-09-23T23:37:55.027592+00:00,XAU_USD,4288.12,none,none,0,908.7264,-3.0,-1,no signal,18.668202488271543,48.233441165865145,4295.670617529242,4322.654672978817,4294.57,4281.25
2026-09-23T23:37:55.217397+00:00,EUR_USD,1.13808,none,none,0,908.7264,0.0,-1,no signal,19.29097334137339,41.24328584924073,1.1392756314326733,1.1425526101400256,1.13883,1.13802
2026-09-23T23:37:55.391766+00:00,GBP_USD,1.32378,none,none,0,908.6577,0.0,-1,no signal,22.95860535641,38.762957641352074,1.3255731877780006,1.3307157009253359,1.32474,1.32378
2026-09-23T23:47:49.332131+00:00,XAU_USD,4285.35,none,none,0,904.7674,-3.0,-1,no signal,17.941873912467862,44.39190807952632,4295.265887449291,4322.344662582515,4294.57,4281.25
2026-09-23T23:47:50.099352+00:00,EUR_USD,1.13808,none,none,0,904.5385,0.0,-1,no signal,19.855538323847796,41.24328584924073,1.1392287439256386,1.1425085148794332,1.13883,1.13802
2026-09-23T23:47:50.251891+00:00,GBP_USD,1.32378,none,none,0,904.3096,0.0,-1,no signal,23.250282971236977,38.76295764135207,1.3255028666890096,1.3306477778368682,1.32474,1.32376
2026-09-23T23:57:16.252180+00:00,XAU_USD,4285.35,none,none,0,899.4798,-3.0,-1,no signal,17.941873912467862,44.39190807952632,4295.265887449291,4322.344662582515,4294.57,4281.25
2026-09-23T23:57:16.700125+00:00,EUR_USD,1.13808,none,none,0,899.4798,0.0,-1,no signal,19.855538323847796,41.24328584924073,1.1392287439256386,1.1425085148794332,1.13883,1.13802
2026-09-23T23:57:17.207149+00:00,GBP_USD,1.32378,none,none,0,899.4798,0.0,-1,no signal,23.250282971236977,38.76295764135207,1.3255028666890096,1.3306477778368682,1.32474,1.32376
2026-09-24T00:17:46.828995+00:00,XAU_USD,4289.095,none,none,0,905.7481,-3.0,-1,no signal,17.980231764889567,50.21220738590831,4294.776503528612,4321.574071679004,4294.57,4282.755
2026-09-24T00:17:47.764242+00:00,EUR_USD,1.13812,none,none,0,905.6795,0.0,-1,no signal,19.13274484514858,42.22765729478165,1.1391453726127632,1.1424224164120629,1.13883,1.13802
2026-09-24T00:17:48.288301+00:00,GBP_USD,1.32363,sell,sell,-8577,905.8169,0.0,-1,sell order FILLED (margin-capped size),22.583562358304647,37.02346988876364,1.3253652606387876,1.3305118196785073,1.32474,1.32376
2026-09-24T00:39:11.865738+00:00,XAU_USD,4292.1,none,none,0,896.8713,-3.0,-1,no signal,17.04434679986375,54.59879995743315,4294.671542602068,4321.268547647254,4294.57,4282.755
2026-09-24T00:39:13.044438+00:00,EUR_USD,1.13794,sell,sell,-2977,896.8713,0.0,-1,sell order FILLED (margin-capped size),19.49128613402754,39.57624356149761,1.1390981030986231,1.142378087468992,1.13883,1.13802
2026-09-24T00:39:13.196178+00:00,GBP_USD,1.32333,sell,none,0,896.6895,-8577.0,-1,already in matching position,23.252465600775448,33.56399782134292,1.3252854464964972,1.3304416518086677,1.32474,1.32363
2026-09-24T00:53:36.084992+00:00,XAU_USD,4294.74,buy,none,0,899.7982,-3.0,-1,"computed 0 units — insufficient margin (available=42.83, needed for 5 units)",16.771699309079757,58.09216363505062,4294.674227208595,4321.013122752797,4294.57,4282.755
2026-09-24T00:53:36.743506+00:00,EUR_USD,1.13761,sell,none,0,899.7982,-2977.0,-1,already in matching position,20.07189868151202,35.211210058242656,1.139039746113315,1.1423273091756525,1.13883,1.13768
2026-09-24T00:53:37.087004+00:00,GBP_USD,1.3229,sell,none,0,899.7982,-8577.0,-1,already in matching position,24.138650872637015,29.33318497370618,1.3251918995737821,1.3303625272682438,1.32474,1.32301
2026-09-24T01:05:42.170976+00:00,XAU_USD,4298.445,buy,none,0,903.518,-3.0,-1,"computed 0 units — insufficient margin (available=47.24, needed for 4 units)",17.40769568639323,62.45795846961995,4294.822100647096,4320.774885500645,4294.995,4284.115
2026-09-24T01:05:42.739516+00:00,EUR_USD,1.13765,none,none,0,902.969,-2977.0,-1,no signal,21.461676166070767,36.13076036172006,1.138985246265071,1.142278659117584,1.13883,1.13756
2026-09-24T01:05:44.258557+00:00,GBP_USD,1.32293,none,none,0,902.969,-8577.0,-1,no signal,25.672734626990202,29.996178611462668,1.325103197628813,1.3302857135128099,1.32474,1.32284
2026-09-24T01:20:42.332265+00:00,XAU_USD,4303.14,buy,none,0,878.2724,-3.0,-1,"computed 0 units — insufficient margin (available=21.29, needed for 4 units)",18.597904540746704,67.13087754664771,4295.14829279479,4320.650964767926,4299.46,4284.115
2026-09-24T01:20:42.775849+00:00,EUR_USD,1.1382,none,none,0,878.2989,-2977.0,-1,no signal,21.095710717305842,47.22275647689207,1.13895445229402,1.1422384837676611,1.13868,1.13708
2026-09-24T01:20:43.135423+00:00,GBP_USD,1.32356,none,none,0,878.2989,-8577.0,-1,no signal,25.28728863419185,42.24949406463617,1.3250426800755768,1.3302214450890766,1.32437,1.32231
2026-09-24T01:33:37.134951+00:00,XAU_USD,4299.49,none,none,0,882.5244,-3.0,-1,no signal,19.74245990471244,60.795351253131805,4295.318555842663,4320.504718759658,4303.14,4284.115
2026-09-24T01:33:40.240892+00:00,EUR_USD,1.13789,none,none,0,882.5427,-2977.0,-1,no signal,20.593841838020705,42.719489407549936,1.1389127090665465,1.1421943986266825,1.13854,1.13708
2026-09-24T01:33:40.650151+00:00,GBP_USD,1.32324,none,none,0,882.9089,-8577.0,-1,no signal,24.78757570588436,38.55770286135054,1.3249719867392151,1.330151773812318,1.32435,1.32231
2026-09-24T01:46:57.047771+00:00,XAU_USD,4289.955,none,none,0,915.8535,-3.0,-1,no signal,19.15478975361434,48.04038372646878,4295.108220315527,4320.188355664253,4303.395,4284.115
2026-09-24T01:46:57.279446+00:00,EUR_USD,1.13794,none,none,0,915.0777,-2977.0,-1,no signal,20.12782073582734,43.65283278653688,1.1388745636128288,1.1421516579791484,1.13853,1.13708
2026-09-24T01:46:57.467120+00:00,GBP_USD,1.32337,none,none,0,915.0309,-8577.0,-1,no signal,24.323556558170342,40.82009528082273,1.324909163729985,1.3300847698525813,1.32435,1.32231
2026-09-24T01:57:45.057596+00:00,XAU_USD,4289.955,none,none,0,925.7137,-3.0,-1,no signal,19.15478975361434,48.04038372646878,4295.108220315527,4320.188355664253,4303.395,4284.115
2026-09-24T01:57:45.297220+00:00,EUR_USD,1.13794,none,none,0,925.265,-2977.0,-1,no signal,20.12782073582734,43.65283278653688,1.1388745636128288,1.1421516579791484,1.13853,1.13708
2026-09-24T01:57:45.480607+00:00,GBP_USD,1.32337,none,none,0,925.2424,-8577.0,-1,no signal,24.323556558170342,40.82009528082273,1.324909163729985,1.3300847698525813,1.32435,1.32231
2026-09-24T02:14:04.385709+00:00,XAU_USD,4279.16,sell,none,0,926.8208,-3.0,-1,"computed 0 units — insufficient margin (available=71.46, needed for 4 units)",19.05660836672406,38.25489300381408,4294.482799891987,4319.719647504785,4303.395,4284.115
2026-09-24T02:14:05.054618+00:00,EUR_USD,1.13763,none,none,0,927.3627,-2977.0,-1,no signal,20.145292734511102,39.36959762148969,1.1388257571965106,1.1421062580345764,1.13853,1.13708
2026-09-24T02:14:05.216090+00:00,GBP_USD,1.32328,none,none,0,927.3627,-8577.0,-1,no signal,23.109981853995492,39.72941734118082,1.3248452749573718,1.3300205994981953,1.32435,1.32231
2026-09-24T02:29:35.189548+00:00,XAU_USD,4282.75,none,none,0,913.0211,-3.0,-1,no signal,19.528362274462403,42.453016326390475,4294.022690105951,4319.395208649602,4303.395,4278.055
2026-09-24T02:29:35.522137+00:00,EUR_USD,1.13698,sell,none,0,913.0211,-2977.0,-1,already in matching position,21.278927748759337,32.228890931993206,1.1387533745614178,1.1420554546533888,1.13848,1.13708
2026-09-24T02:29:36.563715+00:00,GBP_USD,1.32256,none,none,0,913.0211,-8577.0,-1,no signal,22.9966432846634,32.29520125100517,1.3247556563307583,1.3299437105785354,1.32426,1.32231
2026-09-24T02:44:52.720510+00:00,XAU_USD,4286.115,none,none,0,881.9565,-3.0,-1,no signal,19.049226638199602,46.14893371240089,4293.712584615966,4319.077945273117,4303.395,4273.815
2026-09-24T02:44:53.035077+00:00,EUR_USD,1.13767,none,none,0,881.9565,-2977.0,-1,no signal,22.055076761739397,43.867809424526556,1.138710889284713,1.1420124988268272,1.13848,1.13688
2026-09-24T02:44:53.221790+00:00,GBP_USD,1.32316,none,none,0,882.1394,-8577.0,-1,no signal,22.89140032742645,42.03005267837059,1.3246930815717903,1.3298733527105624,1.32419,1.32231
2026-09-24T02:56:13.398822+00:00,XAU_USD,4295.385,none,none,0,888.5876,-3.0,-1,no signal,18.268289202606784,54.76741006393915,4293.778169527156,4318.823649909319,4303.395,4273.815
2026-09-24T02:56:14.255168+00:00,EUR_USD,1.1383,none,none,0,887.947,-2977.0,-1,no signal,21.13023606566765,51.97725489493358,1.1386947759796662,1.141976307131957,1.13848,1.13688
2026-09-24T02:56:15.070090+00:00,GBP_USD,1.32405,none,none,0,887.6041,0.0,-1,no signal,21.494745381960247,52.85790237797224,1.3246678626864083,1.3298147283643476,1.32414,1.32231
2026-09-24T03:11:13.673482+00:00,XAU_USD,4290.885,none,none,0,902.9119,-3.0,-1,no signal,17.543133012413495,50.53897127754632,4293.664711890064,4318.518363813027,4303.395,4273.815
2026-09-24T03:11:13.847682+00:00,EUR_USD,1.1384,none,none,0,902.6144,0.0,-1,no signal,19.998188521520813,53.13463315817275,1.138683216137925,1.1419426274931836,1.13848,1.13688
2026-09-24T03:11:14.007528+00:00,GBP_USD,1.32418,none,none,0,902.4085,0.0,-1,no signal,20.606734171117942,54.20348320292456,1.3246487308170172,1.3297607710837125,1.32414,1.32231
2026-09-24T03:27:18.929727+00:00,XAU_USD,4287.115,none,none,0,900.326,-3.0,-1,no signal,16.51902144900573,47.2477824941498,4293.407860446302,4318.215147850132,4303.395,4273.815
2026-09-24T03:27:20.111939+00:00,EUR_USD,1.1384,none,none,0,900.715,0.0,-1,no signal,18.629684219610628,53.13463315817275,1.1386721096227976,1.1419076496836347,1.13848,1.13688
2026-09-24T03:27:20.425072+00:00,GBP_USD,1.3242,none,none,0,900.715,0.0,-1,no signal,20.015135435247974,54.41903701597374,1.3246311335300105,1.3297052358667085,1.32434,1.32231
2026-09-24T03:42:19.369916+00:00,XAU_USD,4285.825,none,none,0,907.2829,-3.0,-1,no signal,15.568060711555688,46.140541573285695,4293.11049336819,4317.887175328231,4303.395,4273.815
2026-09-24T03:42:20.234457+00:00,EUR_USD,1.13794,none,none,0,907.2829,0.0,-1,no signal,18.025386631614683,47.081183815210764,1.138643399441255,1.1418673539365272,1.1386,1.13688
2026-09-24T03:42:20.676860+00:00,GBP_USD,1.32378,none,none,0,907.238,0.0,-1,no signal,18.909541795367307,49.18365867287407,1.3245977557445843,1.3296464824573397,1.32448,1.32231
2026-09-24T03:54:04.504906+00:00,XAU_USD,4281.845,none,none,0,908.2478,-3.0,-1,no signal,14.816416310351702,42.807372707254515,4292.668709308075,4317.507994465892,4303.395,4273.815
2026-09-24T03:54:04.769897+00:00,EUR_USD,1.1377,none,none,0,908.1132,0.0,-1,no signal,17.917452629655163,44.2487220775225,1.138606403384949,1.1418265682663526,1.1386,1.13688
2026-09-24T03:54:04.954377+00:00,GBP_USD,1.32358,none,none,0,908.1132,0.0,-1,no signal,17.66301626268723,46.871226888782964,1.3245578437549212,1.329587140255038,1.32448,1.32231
2026-09-24T04:06:19.653958+00:00,XAU_USD,4285.165,none,none,0,907.9341,-3.0,-1,no signal,14.292527219182094,46.29273072180703,4292.3744462051745,4317.209141787971,4303.395,4273.815
2026-09-24T04:06:22.712655+00:00,EUR_USD,1.13774,none,none,0,908.4502,0.0,-1,no signal,17.891879960253878,44.844302606111405,1.1385724267815531,1.1417857017340982,1.1386,1.13688
2026-09-24T04:06:23.557533+00:00,GBP_USD,1.32358,none,none,0,908.8991,0.0,-1,no signal,16.67898105642895,46.871226888782964,1.3245194969409175,1.3295270954999272,1.32448,1.32231
2026-09-24T04:22:57.534072+00:00,XAU_USD,4285.04,none,none,0,902.7741,-3.0,-1,no signal,13.517697301644372,46.178625645975885,4292.086820857591,4316.8693152185815,4303.395,4273.815
2026-09-24T04:22:58.406788+00:00,EUR_USD,1.13789,none,none,0,902.7741,0.0,-1,no signal,18.078645720209536,47.125424581301296,1.1385456649474324,1.1417483676628755,1.1386,1.13688
2026-09-24T04:22:58.726895+00:00,GBP_USD,1.3237,none,none,0,902.7741,0.0,-1,no signal,16.074538513597872,48.5543555941634,1.3244873598064502,1.3294706116341035,1.32448,1.32246
2026-09-24T04:37:50.186161+00:00,XAU_USD,4286.295,none,none,0,898.7698,-3.0,-1,no signal,12.590625399867761,47.57577420084204,4291.859690660714,4316.669521755594,4303.395,4273.815
2026-09-24T04:37:50.554731+00:00,EUR_USD,1.13802,none,none,0,898.7698,0.0,-1,no signal,17.850010509248637,49.09056322974025,1.138525050635576,1.1417106569928428,1.1386,1.13688
2026-09-24T04:37:50.819963+00:00,GBP_USD,1.32396,none,none,0,898.7698,0.0,-1,no signal,14.9840110875078,52.09547721768863,1.3244666790293846,1.3294146908165074,1.32448,1.32246
2026-09-24T04:50:32.666298+00:00,XAU_USD,4286.735,none,none,0,896.8488,-3.0,-1,no signal,11.918752382047892,48.08460988257777,4291.658722294991,4316.039222931864,4300.87,4273.815
2026-09-24T04:50:34.090713+00:00,EUR_USD,1.1383,none,none,0,896.3912,0.0,-1,no signal,16.887640487846085,53.13102603023134,1.13851622512099,1.141678421452714,1.1386,1.13688
2026-09-24T04:50:34.351758+00:00,GBP_USD,1.32428,none,none,0,896.3683,0.0,-1,no signal,14.555214578520358,56.10056869304976,1.3244593582835618,1.3293649604418956,1.32448,1.32246
2026-09-24T04:59:57.482822+00:00,XAU_USD,4286.735,none,none,0,894.5371,-3.0,-1,no signal,11.918752382047892,48.08460988257777,4291.658722294991,4316.039222931864,4300.87,4273.815
2026-09-24T04:59:57.997910+00:00,EUR_USD,1.1383,none,none,0,894.5371,0.0,-1,no signal,16.887640487846085,53.13102603023134,1.13851622512099,1.141678421452714,1.1386,1.13688
2026-09-24T04:59:58.305999+00:00,GBP_USD,1.32428,none,none,0,894.5371,0.0,-1,no signal,14.555214578520358,56.10056869304976,1.3244593582835618,1.3293649604418956,1.32448,1.32246
2026-09-24T05:16:57.000745+00:00,XAU_USD,4290.32,none,none,0,901.1725,-3.0,-1,no signal,12.12895796234393,52.21898205264659,4291.527713255175,4315.459438521524,4297.12,4273.815
2026-09-24T05:16:58.051286+00:00,EUR_USD,1.13832,none,none,0,901.1725,0.0,-1,no signal,15.331469570184954,53.16264101957967,1.1385041509081164,1.1416083760591773,1.1386,1.13688
2026-09-24T05:16:58.470875+00:00,GBP_USD,1.324,none,none,0,901.1725,0.0,-1,no signal,13.980281351980496,51.81647917128151,1.3244308186221987,1.3292573892935426,1.32448,1.32246
2026-09-24T05:32:20.533770+00:00,XAU_USD,4290.725,none,none,0,901.356,-3.0,-1,no signal,11.997247625619552,52.70469450828314,4291.496234218407,4314.941109445727,4297.12,4280.62
2026-09-24T05:32:22.362566+00:00,EUR_USD,1.13848,none,none,0,900.8526,0.0,-1,no signal,14.595175629751202,55.545310242969705,1.138503203812547,1.1415736410869952,1.13867,1.13698
2026-09-24T05:32:22.934677+00:00,GBP_USD,1.32418,none,none,0,900.6925,0.0,-1,no signal,13.487396900823562,54.2959977532741,1.3244209825963869,1.3292023764552554,1.3245,1.32256
2026-09-24T05:45:17.128544+00:00,XAU_USD,4281.065,none,none,0,914.8647,-3.0,-1,no signal,11.449164832575892,41.79216364166081,4291.087166192075,4314.547515036559,4297.12,4280.62
2026-09-24T05:45:17.399975+00:00,EUR_USD,1.1381,none,none,0,914.8647,0.0,-1,no signal,13.650933424647356,49.150240290814835,1.1384873918988645,1.1415407788394631,1.13867,1.13753
2026-09-24T05:45:17.773039+00:00,GBP_USD,1.32398,none,none,0,914.8647,0.0,-1,no signal,13.343387985729741,51.14659818494119,1.3244036891620472,1.3291529985553936,1.3245,1.32312
2026-09-24T05:56:23.235372+00:00,XAU_USD,4281.065,none,none,0,919.5587,-3.0,-1,no signal,11.449164832575892,41.79216364166081,4291.087166192075,4314.547515036559,4297.12,4280.62
2026-09-24T05:56:23.412889+00:00,EUR_USD,1.1381,none,none,0,919.9851,0.0,-1,no signal,13.650933424647356,49.150240290814835,1.1384873918988645,1.1415407788394631,1.13867,1.13753
2026-09-24T05:56:24.193574+00:00,GBP_USD,1.32398,none,none,0,919.9851,0.0,-1,no signal,13.343387985729741,51.14659818494119,1.3244036891620472,1.3291529985553936,1.3245,1.32312
2026-09-24T06:14:54.364186+00:00,XAU_USD,4279.3,none,none,0,909.4549,-3.0,-1,no signal,11.453854791099246,40.156173170228044,4290.624924381745,4314.200366319188,4296.435,4280.615
2026-09-24T06:14:55.213727+00:00,EUR_USD,1.13765,none,none,0,909.4773,0.0,-1,no signal,13.970519100386856,42.85751859004352,1.1384545530010617,1.1415026771064885,1.13867,1.13753
2026-09-24T06:14:55.659374+00:00,GBP_USD,1.32328,none,none,0,909.7238,0.0,-1,no signal,13.151561389658188,41.97052142496485,1.324359622920313,1.3290942885435624,1.3245,1.3233
2026-09-24T06:36:37.135402+00:00,XAU_USD,4282.035,none,none,0,917.7089,-3.0,-1,no signal,11.1287948027207,43.86369227929138,4289.971573833925,4313.691670138949,4296.435,4277.405
2026-09-24T06:36:37.710413+00:00,EUR_USD,1.139,none,none,0,917.5074,0.0,-1,no signal,13.09242992040547,59.77217278023553,1.138485567763692,1.1414475024217994,1.13891,1.13753
2026-09-24T06:36:38.807305+00:00,GBP_USD,1.3248,none,none,0,917.5747,0.0,-1,no signal,13.271066599042316,58.49414175267377,1.324399136727754,1.3290072286542356,1.32506,1.32315
2026-09-24T06:52:47.550214+00:00,XAU_USD,4277.975,none,none,0,924.4382,-3.0,-1,no signal,11.829952543246756,39.708449788857955,4289.501119942114,4313.2854782134855,4296.435,4277.405
2026-09-24T06:52:48.510152+00:00,EUR_USD,1.13852,none,none,0,924.438,0.0,-1,no signal,12.90780310709214,53.36429907519642,1.138486918048175,1.14142061882036,1.13905,1.13753
2026-09-24T06:52:48.995938+00:00,GBP_USD,1.32424,none,none,0,924.887,0.0,-1,no signal,12.40881648583714,52.270393625383775,1.324392896073005,1.3289637406645134,1.32506,1.32315
2026-09-24T07:04:44.151853+00:00,XAU_USD,4276.445,none,none,0,915.8929,-3.0,-1,no signal,12.616866712156927,38.23837087314293,4288.989115229142,4312.889132746936,4296.435,4275.33
2026-09-24T07:04:44.480984+00:00,EUR_USD,1.1386,none,none,0,915.6462,0.0,-1,no signal,12.63459634095163,54.24471839864203,1.1384913526339862,1.141390851616077,1.13909,1.13753
2026-09-24T07:04:44.664460+00:00,GBP_USD,1.32448,none,none,0,915.534,0.0,-1,no signal,11.60815566643231,54.50455946976415,1.3243963119126372,1.3289170847150953,1.32506,1.32315
2026-09-24T07:22:32.100476+00:00,XAU_USD,4284.135,none,none,0,909.8159,-3.0,-1,no signal,11.899290343934721,48.54872238610776,4288.798757773605,4312.617109113024,4296.435,4274.41
2026-09-24T07:22:32.413122+00:00,EUR_USD,1.13868,none,none,0,909.3898,0.0,-1,no signal,13.066420022336676,55.15642678854258,1.1384987505698227,1.141363605752896,1.13909,1.13753
2026-09-24T07:22:33.246165+00:00,GBP_USD,1.32396,none,none,0,909.7486,0.0,-1,no signal,10.939890300974195,49.13771179136857,1.3243792016415534,1.3288677604890744,1.32506,1.32315
2026-09-24T07:36:44.704170+00:00,XAU_USD,4284.91,none,none,0,903.6445,-3.0,-1,no signal,11.349937003253892,49.46433705593644,4288.646257471613,4312.350501669329,4296.435,4274.335
2026-09-24T07:36:45.087420+00:00,EUR_USD,1.1392,none,none,0,903.8504,0.0,-1,no signal,13.70935682197521,60.6455902290213,1.1385262505472629,1.141341396799297,1.1391,1.13756
2026-09-24T07:36:45.418139+00:00,GBP_USD,1.32486,none,none,0,903.8504,0.0,-1,no signal,10.46144829449955,57.024976359906425,1.3243980564785407,1.328825976768436,1.32506,1.32315
2026-09-24T07:49:48.172268+00:00,XAU_USD,4282.98,none,none,0,915.1692,-3.0,-1,no signal,10.668522725237343,47.21112920005096,4288.424051286522,4312.027293385834,4296.435,4274.335
2026-09-24T07:49:48.811128+00:00,EUR_USD,1.13944,none,none,0,915.5726,0.0,-1,no signal,14.682499936834837,62.90264196721351,1.1385620838597335,1.1413243829349766,1.13923,1.13756
2026-09-24T07:49:49.019340+00:00,GBP_USD,1.3248,none,none,0,915.5726,0.0,-1,no signal,10.017180717058817,56.397090592189464,1.324413818970263,1.328788095020181,1.32506,1.32315
2026-09-24T07:59:28.228280+00:00,XAU_USD,4282.98,none,none,0,923.1547,-3.0,-1,no signal,10.668522725237343,47.21112920005096,4288.424051286522,4312.027293385834,4296.435,4274.335
2026-09-24T07:59:28.580888+00:00,EUR_USD,1.13944,none,none,0,923.0877,0.0,-1,no signal,14.682499936834837,62.90264196721351,1.1385620838597335,1.1413243829349766,1.13923,1.13756
2026-09-24T07:59:28.898591+00:00,GBP_USD,1.3248,none,none,0,922.7962,0.0,-1,no signal,10.017180717058817,56.397090592189464,1.324413818970263,1.328788095020181,1.32506,1.32315
2026-09-24T08:19:21.443616+00:00,XAU_USD,4277.45,none,none,0,941.26,-3.0,-1,no signal,10.366613774871658,41.30301908855418,4287.62806890263,4311.4496213473185,4296.435,4274.335
2026-09-24T08:19:22.097373+00:00,EUR_USD,1.13929,none,none,0,939.6902,0.0,-1,no signal,17.712126359683555,60.55316537566192,1.1386184326591247,1.1412831250245388,1.1398,1.13756
2026-09-24T08:19:22.823689+00:00,GBP_USD,1.32478,none,none,0,939.6675,0.0,-1,no signal,11.608933518671456,55.87871171198762,1.324435193904847,1.328705549436103,1.32562,1.32315
2026-09-24T08:35:11.746325+00:00,XAU_USD,4264.75,none,none,0,949.5619,0.0,-1,no signal,12.062889949543974,31.112755603751054,4286.730889716048,4310.940645464582,4291.44,4274.335
2026-09-24T08:35:12.753524+00:00,EUR_USD,1.13878,none,none,0,949.5619,0.0,-1,no signal,17.807622139901586,52.81424877589262,1.13862476863349,1.1412588988460255,1.13992,1.13756
2026-09-24T08:35:13.066443+00:00,GBP_USD,1.32388,none,none,0,949.5619,0.0,-1,no signal,10.79686852160243,46.902302035630335,1.3244134215951955,1.328658622879867,1.32562,1.32315
2026-09-24T08:49:35.019203+00:00,XAU_USD,4268.04,none,none,0,949.5619,0.0,-1,no signal,13.638003540311136,35.548949082124054,4285.997913640398,4310.487198355682,4291.105,4262.655
2026-09-24T08:49:36.042343+00:00,EUR_USD,1.13834,none,none,0,949.5619,0.0,-1,no signal,16.997223773393284,47.20853380196082,1.138613601236185,1.1412301272916738,1.13992,1.13756
2026-09-24T08:49:36.715084+00:00,GBP_USD,1.32344,none,none,0,949.5619,0.0,-1,no signal,10.71062380428587,43.24479652766148,1.3243752481994122,1.3286070365531213,1.32562,1.32315
2026-09-24T09:19:32.795867+00:00,XAU_USD,4263.23,none,none,0,949.5619,0.0,-1,no signal,17.246148737573307,33.535915487114764,4284.182026416567,4309.608228106621,4288.1,4260.75
2026-09-24T09:19:34.195564+00:00,EUR_USD,1.13754,sell,sell,-22538,949.5619,0.0,-1,sell order FILLED (margin-capped size),16.06934621618624,38.726702454882485,1.1385521478546894,1.14116501307081,1.13992,1.13758
2026-09-24T09:19:35.832824+00:00,GBP_USD,1.32314,none,none,0,948.0135,0.0,-1,no signal,10.93881603408588,41.47998704573751,1.3243028723294277,1.328507258235478,1.32562,1.32306
2026-09-24T09:34:22.679848+00:00,XAU_USD,4255.72,sell,sell,-1,948.1854,0.0,-1,sell order FILLED (margin-capped size),19.28400235155215,29.011031087594716,4283.065868513996,4309.059675064521,4288.1,4258.86
2026-09-24T09:34:23.106864+00:00,EUR_USD,1.13749,none,none,0,947.6732,-22538.0,-1,no signal,16.513839151176903,38.25396743751967,1.138510494998113,1.1411299429605015,1.13992,1.13747
2026-09-24T09:34:23.723774+00:00,GBP_USD,1.32314,none,none,0,948.048,0.0,-1,no signal,11.08010880419726,41.47998704573751,1.3242572694936428,1.328455962349158,1.32562,1.32306
2026-09-24T09:48:00.015739+00:00,XAU_USD,4252.195,sell,none,0,950.5504,-1.0,-1,"computed 0 units — insufficient margin (available=144.46, needed for 3 units)",21.547752437333745,27.15873373143154,4281.8552462474745,4308.5833821957085,4288.1,4255.285
2026-09-24T09:48:00.334292+00:00,EUR_USD,1.1374,none,none,0,950.558,-22538.0,-1,no signal,16.75834370159985,37.36969916107358,1.1384669461744867,1.1410922846696785,1.13992,1.13719
2026-09-24T09:48:01.201792+00:00,GBP_USD,1.32252,none,none,0,950.7975,0.0,-1,no signal,11.700939763876022,36.86486192289954,1.3241891412779918,1.3283962175090271,1.32562,1.32284
2026-09-24T09:58:09.554841+00:00,XAU_USD,4252.195,sell,none,0,953.1071,-1.0,-1,"computed 0 units — insufficient margin (available=147.08, needed for 3 units)",21.547752437333745,27.15873373143154,4281.8552462474745,4308.5833821957085,4288.1,4255.285
2026-09-24T09:58:10.665734+00:00,EUR_USD,1.1374,none,none,0,953.0921,-22538.0,-1,no signal,16.75834370159985,37.36969916107358,1.1384669461744867,1.1410922846696785,1.13992,1.13719
2026-09-24T09:58:10.869072+00:00,GBP_USD,1.32252,none,none,0,952.9459,0.0,-1,no signal,11.700939763876022,36.86486192289954,1.3241891412779918,1.3283962175090271,1.32562,1.32284
2026-09-24T10:15:21.301885+00:00,XAU_USD,4252.2,none,none,0,960.8969,-1.0,-1,no signal,24.83381662868502,29.66641486894784,4279.700794410053,4307.5246400139,4288.1,4250.86
2026-09-24T10:15:21.740237+00:00,EUR_USD,1.137,sell,none,0,960.8296,-22538.0,-1,already in matching position,17.665260144749432,33.46650405448102,1.1383695954497248,1.14101502219205,1.13992,1.13719
2026-09-24T10:15:22.071155+00:00,GBP_USD,1.32242,none,none,0,960.8221,0.0,-1,no signal,12.99161373823111,37.819042831772165,1.324072698273561,1.3282843510304474,1.32562,1.3225
2026-09-24T10:31:26.661690+00:00,XAU_USD,4245.675,sell,none,0,974.6441,-1.0,-1,"computed 0 units — insufficient margin (available=169.24, needed for 3 units)",26.436966968653575,26.25327906002981,4278.366449513436,4306.852633963176,4288.1,4250.295
2026-09-24T10:31:27.736229+00:00,EUR_USD,1.13634,sell,none,0,973.4515,-22538.0,-1,already in matching position,19.396278251703567,28.16539272441399,1.138290003471625,1.1409695253655212,1.13992,1.137
2026-09-24T10:31:30.140941+00:00,GBP_USD,1.32168,none,none,0,971.7783,0.0,-1,no signal,14.811978261092191,33.190658295528195,1.3239788669686294,1.3282183638795622,1.32562,1.3224
2026-09-24T10:46:00.271967+00:00,XAU_USD,4258.405,none,none,0,957.1486,-1.0,-1,no signal,26.320352452684823,40.60944469573376,4277.583647611371,4306.496637645725,4287.835,4244.975
2026-09-24T10:46:00.425298+00:00,EUR_USD,1.13705,none,none,0,957.1486,-22538.0,-1,no signal,20.132791762415547,39.30367175569668,1.1382413758853154,1.1409331111580965,1.13992,1.13616
2026-09-24T10:46:02.220053+00:00,GBP_USD,1.32233,none,none,0,957.1715,0.0,-1,no signal,15.542545291057541,40.122503490306286,1.3239142055198,1.3281626995082343,1.32562,1.32146
2026-09-24T10:56:45.688046+00:00,XAU_USD,4258.405,none,none,0,955.9753,-1.0,-1,no signal,26.320352452684823,40.60944469573376,4277.583647611371,4306.496637645725,4287.835,4244.975
2026-09-24T10:56:46.837291+00:00,EUR_USD,1.13705,none,none,0,955.9079,-22538.0,-1,no signal,20.132791762415547,39.30367175569668,1.1382413758853154,1.1409331111580965,1.13992,1.13616
2026-09-24T10:56:47.774522+00:00,GBP_USD,1.32233,none,none,0,955.9079,0.0,-1,no signal,15.542545291057541,40.122503490306286,1.3239142055198,1.3281626995082343,1.32562,1.32146
2026-09-24T11:11:34.881259+00:00,XAU_USD,4258.375,none,none,0,952.1775,-1.0,-1,no signal,25.87554821192144,40.58939139718,4276.83036733657,4306.093150953711,4285.7,4244.27
2026-09-24T11:11:35.056933+00:00,EUR_USD,1.13736,none,none,0,952.0387,-22538.0,-1,no signal,20.69582782023931,43.42818331917642,1.1382068121263693,1.1409015729883196,1.13992,1.13616
2026-09-24T11:11:35.256094+00:00,GBP_USD,1.32291,none,none,0,952.3497,0.0,-1,no signal,16.118418433188236,45.551242427997586,1.3238748249125283,1.3281147212318256,1.32562,1.32146
2026-09-24T11:27:45.380275+00:00,XAU_USD,4258.98,none,none,0,940.332,-1.0,-1,no signal,25.910363162080607,41.219780612645984,4276.130352929813,4305.619905857151,4285.635,4244.27
2026-09-24T11:27:47.543257+00:00,EUR_USD,1.13745,none,none,0,940.4618,-22538.0,-1,no signal,20.96873179153988,44.60509912222522,1.1381771332201378,1.140869406700564,1.13992,1.13616
2026-09-24T11:27:47.810495+00:00,GBP_USD,1.3225,none,none,0,940.3015,0.0,-1,no signal,16.56670950149858,42.61027504886606,1.3238209102104828,1.328060146381356,1.32554,1.32146
2026-09-24T11:41:47.727980+00:00,XAU_USD,4263.87,none,none,0,953.4254,-1.0,-1,no signal,24.663075742689237,46.18968962968394,4275.6495547565755,4305.143643797789,4279.305,4244.27
2026-09-24T11:41:48.961844+00:00,EUR_USD,1.13752,none,none,0,953.0039,-22538.0,-1,no signal,20.589889996578094,45.55385100390204,1.1381513632899791,1.1408362153783365,1.13933,1.13616
2026-09-24T11:41:49.210520+00:00,GBP_USD,1.32297,none,none,0,953.1307,0.0,-1,no signal,16.42220295786782,46.84687509858758,1.3237875411835835,1.328012560580327,1.32487,1.32146
2026-09-24T11:53:44.459718+00:00,XAU_USD,4260.75,none,none,0,955.3607,-1.0,-1,no signal,23.50488028182583,43.65358277888245,4275.065258464067,4304.6142967121,4273.945,4244.27
2026-09-24T11:53:45.974514+00:00,EUR_USD,1.13726,none,none,0,955.6664,-22538.0,-1,no signal,20.65113327166861,42.633130021382655,1.1381164078664148,1.1407992700694183,1.1392,1.13616
2026-09-24T11:53:46.665389+00:00,GBP_USD,1.32256,none,none,0,955.4219,0.0,-1,no signal,16.41505813293594,43.80868971700549,1.3237394023120557,1.3279532702638908,1.3246,1.32146
2026-09-24T12:07:22.613128+00:00,XAU_USD,4265.965,none,none,0,960.3585,-1.0,-1,no signal,22.364294946905822,48.72163493040663,4274.708385592247,4304.258751547625,4270.54,4244.27
2026-09-24T12:07:22.948345+00:00,EUR_USD,1.1368,none,none,0,960.2974,-22538.0,-1,no signal,21.247255533278633,37.99197560177276,1.138064784028944,1.140760837413683,1.13862,1.13616
2026-09-24T12:07:23.357549+00:00,GBP_USD,1.32226,none,none,0,960.2974,0.0,-1,no signal,16.784996929840283,41.678735545400095,1.3236813865355617,1.3278980499386424,1.3242,1.32146
2026-09-24T12:28:55.141534+00:00,XAU_USD,4268.775,none,none,0,950.5899,0.0,-1,no signal,20.821253584549368,51.265243388893914,4274.475703797769,4303.884854925559,4268.025,4244.27
2026-09-24T12:28:55.801782+00:00,EUR_USD,1.13675,none,none,0,950.5899,-22538.0,-1,no signal,21.997035048978837,37.51393120359239,1.1380132238704543,1.1407193633459523,1.13822,1.13616
2026-09-24T12:28:57.984237+00:00,GBP_USD,1.32208,none,none,0,950.5899,0.0,-1,no signal,17.68467431185108,40.40925295119767,1.3236185870631512,1.3278387978181774,1.3242,1.32146
2026-09-24T12:48:57.108274+00:00,XAU_USD,4271.865,none,none,0,948.5641,0.0,-1,no signal,18.43168112192909,53.97969825500781,4274.268740792508,4303.225969922723,4272.385,4244.27
2026-09-24T12:48:58.485593+00:00,EUR_USD,1.13678,none,none,0,948.5641,-22538.0,-1,no signal,22.52782242080447,38.55356987862358,1.1379221647473994,1.1406361780720269,1.13783,1.13616
2026-09-24T12:48:58.767419+00:00,GBP_USD,1.3223,none,none,0,948.5641,0.0,-1,no signal,18.26473421865001,42.76022039502114,1.3235145588359853,1.3277207606605148,1.32337,1.32146
2026-09-24T13:00:47.023273+00:00,XAU_USD,4281.115,buy,buy,1,939.7537,0.0,0,buy order FILLED (margin-capped size),18.47511106442289,61.41121296159726,4274.537221547937,4303.012935787781,4274.415,4244.27
2026-09-24T13:00:47.336704+00:00,EUR_USD,1.13738,none,none,0,939.4907,-22538.0,-1,no signal,21.878096150306597,47.80173498995871,1.1379009033850562,1.1406047310436258,1.13778,1.13616
2026-09-24T13:00:52.697193+00:00,GBP_USD,1.32318,none,none,0,939.3186,0.0,0,no signal,17.511623084922203,51.436025347755816,1.3235014388820392,1.3276768719848833,1.32326,1.32146
2026-09-24T13:20:30.784130+00:00,XAU_USD,4278.23,none,none,0,942.6646,1.0,-1,no signal,18.714778901271288,58.25166473258346,4274.682036409977,4302.832453692973,4283.37,4244.27
2026-09-24T13:20:33.641505+00:00,EUR_USD,1.13722,none,none,0,942.4889,-22538.0,-1,no signal,20.62523643155999,45.82121629199814,1.1378742012919096,1.1405722770964368,1.13778,1.13616
2026-09-24T13:20:34.037831+00:00,GBP_USD,1.3228,none,none,0,942.8804,0.0,-1,no signal,16.6311405140565,48.049267061342576,1.3234739314757566,1.3276310680480783,1.3233,1.32146
2026-09-24T13:50:48.971811+00:00,XAU_USD,4273.4,none,none,0,935.5315,0.0,-1,no signal,17.359770439933914,53.08513054627177,4274.699880587658,4302.265589418116,4285.005,4244.27
2026-09-24T13:50:51.797361+00:00,EUR_USD,1.13674,none,none,0,935.7004,-22538.0,-1,no signal,21.23034079411836,43.64125376430881,1.1377579766645811,1.1404921333548932,1.13778,1.13596
2026-09-24T13:50:52.043987+00:00,GBP_USD,1.32204,none,none,0,935.5316,0.0,-1,no signal,17.091532235608273,43.145249587373904,1.3233501074508491,1.3275247781749588,1.3234,1.3215
2026-09-24T14:01:12.018729+00:00,XAU_USD,4267.755,none,none,0,933.6765,0.0,-1,no signal,16.58446399173669,47.62786423126461,4274.427532324002,4301.905289095675,4285.005,4252.125
2026-09-24T14:01:12.671529+00:00,EUR_USD,1.13738,none,none,0,934.0142,-22538.0,-1,no signal,20.875479482893162,50.16999118541216,1.137743154049963,1.1404601460466257,1.13778,1.13592
2026-09-24T14:01:13.072580+00:00,GBP_USD,1.32232,none,none,0,934.5208,0.0,-1,no signal,17.341795493252523,45.712571707016785,1.3233097110795855,1.3274709477229494,1.3234,1.3215
2026-09-24T14:20:12.494156+00:00,XAU_USD,4269.865,none,none,0,929.4397,0.0,-1,no signal,15.864536575553554,49.708978411319485,4274.248609496218,4301.613361505845,4285.005,4252.125
2026-09-24T14:20:12.691165+00:00,EUR_USD,1.13775,none,none,0,929.4397,-22538.0,-1,no signal,19.80777903194426,53.5221194490977,1.1377434225186134,1.1404332474731111,1.13778,1.13592
2026-09-24T14:20:12.873827+00:00,GBP_USD,1.32228,none,none,0,929.4397,0.0,-1,no signal,16.998559599773866,45.39719524956425,1.3232693302526786,1.3274184798560467,1.3234,1.3215
2026-09-24T14:51:26.655679+00:00,XAU_USD,4256.55,sell,none,0,928.7571,0.0,-1,"computed 0 units — insufficient margin (available=89.71, needed for 3 units)",16.56917578392764,38.622355474230886,4273.29838961694,4300.820582323629,4285.005,4258.24
2026-09-24T14:51:26.925887+00:00,EUR_USD,1.13728,none,none,0,928.4979,-22538.0,-1,no signal,17.8957236325409,49.022300579130615,1.1377074115602854,1.1403720199134897,1.13786,1.13592
2026-09-24T14:51:27.532011+00:00,GBP_USD,1.32118,sell,none,0,928.4979,-5796.0,-1,already in matching position,17.6286712536007,37.57048462909032,1.3231192241217038,1.3273024626479557,1.3234,1.32146
2026-09-24T15:02:28.096581+00:00,XAU_USD,4253.195,sell,none,0,928.0125,0.0,-1,"computed 0 units — insufficient margin (available=89.29, needed for 3 units)",17.470923970514107,36.39105378990373,4272.510021380408,4300.294975033016,4285.005,4254.285
2026-09-24T15:02:28.588717+00:00,EUR_USD,1.13736,none,none,0,929.1323,-22538.0,-1,no signal,16.836528781614415,49.85342493130931,1.1376937875780857,1.1403438189652797,1.13786,1.13592
2026-09-24T15:02:30.750601+00:00,GBP_USD,1.32188,none,none,0,929.1323,-5796.0,-1,no signal,17.73987746664009,44.49707296072404,1.3230706270980077,1.327250685517814,1.3234,1.32106
2026-09-24T15:21:50.690252+00:00,XAU_USD,4247.175,sell,none,0,941.4652,0.0,-1,"computed 0 units — insufficient margin (available=102.96, needed for 3 units)",19.04732254606625,32.73645402438841,4271.516491152991,4299.838929407309,4285.005,4252.535
2026-09-24T15:21:51.598673+00:00,EUR_USD,1.13644,none,none,0,941.4652,-22538.0,-1,no signal,17.15985990610795,41.478332839988106,1.1376446194371692,1.1403030694886582,1.13786,1.13592
2026-09-24T15:21:52.058421+00:00,GBP_USD,1.32104,sell,none,0,941.5524,-5796.0,-1,already in matching position,18.09601316023929,38.917058212835585,1.322990994662364,1.327187526575668,1.3234,1.32106
2026-09-24T15:35:42.454033+00:00,XAU_USD,4250.455,none,none,0,944.8914,0.0,-1,no signal,20.24321551413177,36.479467219628916,4270.690550339092,4299.397260336941,4285.005,4244.815
2026-09-24T15:35:45.109401+00:00,EUR_USD,1.1368,none,none,0,945.2292,-22538.0,-1,no signal,17.460095950280518,45.34738758233754,1.1376114971066424,1.1402693019368744,1.13786,1.13592
2026-09-24T15:35:45.285134+00:00,GBP_USD,1.32186,none,none,0,944.7174,-5796.0,-1,no signal,18.426710590009982,46.03182812235773,1.3229466419312554,1.3271368982445062,1.3234,1.32097
2026-09-24T15:49:30.979832+00:00,XAU_USD,4255.345,none,none,0,939.3288,0.0,-1,no signal,21.353687555906873,41.68914329166395,4270.088764067323,4299.009935722593,4285.005,4244.815
2026-09-24T15:49:31.536409+00:00,EUR_USD,1.13708,none,none,0,939.2034,-22538.0,-1,no signal,17.507997856567208,48.21507462119996,1.1375906540819967,1.140234845436647,1.13786,1.13592
2026-09-24T15:49:31.842013+00:00,GBP_USD,1.32138,none,none,0,939.1599,-5796.0,-1,no signal,18.831016926347175,42.883073029875675,1.3228852049842164,1.327052394148942,1.3234,1.32097
2026-09-24T15:59:10.123228+00:00,XAU_USD,4255.345,none,none,0,933.8464,0.0,-1,no signal,21.353687555906873,41.68914329166395,4270.088764067323,4299.009935722593,4285.005,4244.815
2026-09-24T15:59:11.466013+00:00,EUR_USD,1.13708,none,none,0,933.8464,-22538.0,-1,no signal,17.507997856567208,48.21507462119996,1.1375906540819967,1.140234845436647,1.13786,1.13592
2026-09-24T15:59:11.927517+00:00,GBP_USD,1.32138,none,none,0,933.8464,-5796.0,-1,no signal,18.831016926347175,42.883073029875675,1.3228852049842164,1.327052394148942,1.3234,1.32097
2026-09-24T16:18:10.543659+00:00,XAU_USD,4259.295,none,none,0,906.7444,0.0,-1,no signal,21.41634603793833,45.74963562994991,4269.163845640752,4298.181566273399,4285.005,4244.815
2026-09-24T16:18:10.948095+00:00,EUR_USD,1.13734,none,none,0,906.7444,0.0,-1,no signal,15.807059030748631,50.88375946307697,1.137566859073107,1.1401741809184296,1.13786,1.13592
2026-09-24T16:18:11.315250+00:00,GBP_USD,1.32176,none,none,0,906.7444,0.0,-1,no signal,19.43595974686447,46.19854440205817,1.322788134244538,1.3269484419776603,1.3234,1.32097
2026-09-24T16:34:14.149478+00:00,XAU_USD,4275.875,none,none,0,906.7444,0.0,-1,no signal,21.820670167944655,58.998514617008915,4269.427028167554,4297.968865708915,4279.215,4244.815
2026-09-24T16:34:14.434474+00:00,EUR_USD,1.13828,buy,buy,21507,906.7444,0.0,-1,buy order FILLED (margin-capped size),16.78493720469686,59.363503130505464,1.1375948253844574,1.140156898584845,1.13786,1.13592
2026-09-24T16:34:15.378992+00:00,GBP_USD,1.32348,buy,buy,5905,905.267,0.0,-1,buy order FILLED (margin-capped size),20.360371524540607,58.24070188487749,1.3228152662347772,1.3269133856866673,1.32302,1.32097
2026-09-24T16:48:10.775522+00:00,XAU_USD,4274.315,none,none,0,902.5559,0.0,-1,no signal,22.196114002950583,57.573805620838,4269.618713363398,4297.81601911165,4288.555,4244.815
2026-09-24T16:48:11.077307+00:00,EUR_USD,1.13822,none,none,0,902.5559,21507.0,-1,no signal,17.692966937648823,58.66725909853911,1.1376193420380585,1.1401440230207127,1.13916,1.13592
2026-09-24T16:48:12.301374+00:00,GBP_USD,1.32332,none,none,0,902.5559,5905.0,-1,no signal,21.21875388952568,56.96343208458932,1.322835059718719,1.3268870220316666,1.32404,1.32097
2026-09-24T16:59:15.464797+00:00,XAU_USD,4274.315,none,none,0,900.2988,0.0,-1,no signal,22.196114002950583,57.573805620838,4269.618713363398,4297.81601911165,4288.555,4244.815
2026-09-24T16:59:15.851513+00:00,EUR_USD,1.13822,none,none,0,900.4341,21507.0,-1,no signal,17.692966937648823,58.66725909853911,1.1376193420380585,1.1401440230207127,1.13916,1.13592
2026-09-24T16:59:17.383219+00:00,GBP_USD,1.32332,none,none,0,900.4341,5905.0,-1,no signal,21.21875388952568,56.96343208458932,1.322835059718719,1.3268870220316666,1.32404,1.32097
2026-09-24T17:16:21.773645+00:00,XAU_USD,4271.155,none,none,0,898.6816,0.0,-1,no signal,22.185836906203185,54.55445545503353,4269.815213699151,4297.366092848692,4288.555,4244.815
2026-09-24T17:16:22.124831+00:00,EUR_USD,1.13808,none,none,0,898.6816,21507.0,-1,no signal,18.773561015507283,56.548879080292636,1.1376464745228962,1.1401020572870977,1.13916,1.1364
2026-09-24T17:16:22.436439+00:00,GBP_USD,1.32305,none,none,0,898.6816,5905.0,-1,no signal,21.765885323864016,54.648247485827085,1.322845558779039,1.326809252422122,1.32404,1.32097
2026-09-24T17:30:17.137733+00:00,XAU_USD,4263.125,none,none,0,883.1502,0.0,-1,no signal,20.92049251095011,47.55826847236991,4269.552852368533,4296.996496612731,4288.555,4244.815
2026-09-24T17:30:17.564946+00:00,EUR_USD,1.1371,none,none,0,883.1502,0.0,-1,no signal,17.991990361350187,46.6362737370269,1.1376250441509042,1.1400768137297266,1.13916,1.1364
2026-09-24T17:30:22.233933+00:00,GBP_USD,1.32203,none,none,0,883.1502,0.0,-1,no signal,20.479137620218754,47.0958944704131,1.3228135760824853,1.3267638073399162,1.32404,1.32097
2026-09-24T17:43:46.792993+00:00,XAU_USD,4263.125,none,none,0,883.1502,0.0,-1,no signal,20.92049251095011,47.55826847236991,4269.552852368533,4296.996496612731,4288.555,4244.815
2026-09-24T17:43:48.117811+00:00,EUR_USD,1.1371,none,none,0,883.1502,0.0,-1,no signal,17.991990361350187,46.6362737370269,1.1376250441509042,1.1400768137297266,1.13916,1.1364
2026-09-24T17:43:49.871273+00:00,GBP_USD,1.32203,none,none,0,883.1502,0.0,-1,no signal,20.479137620218754,47.0958944704131,1.3228135760824853,1.3267638073399162,1.32404,1.32097
2026-09-24T17:53:53.038452+00:00,XAU_USD,4258.91,none,none,0,883.1502,0.0,-1,no signal,19.62438649691478,44.34365067810224,4269.135485593952,4296.5697186922025,4288.555,4244.815
2026-09-24T17:53:53.182256+00:00,EUR_USD,1.13695,none,none,0,883.1502,0.0,-1,no signal,17.00590919229398,45.326589136664964,1.137598571830277,1.1400425706798143,1.13916,1.1364
2026-09-24T17:53:53.336093+00:00,GBP_USD,1.32155,none,none,0,883.1502,0.0,-1,no signal,19.364930299101374,44.01330445359502,1.3227640240765546,1.3267033538792363,1.32404,1.32097
2026-09-24T18:07:45.347214+00:00,XAU_USD,4264.895,none,none,0,883.1502,0.0,-1,no signal,18.38491936283178,49.55742052717624,4268.969192032027,4296.225216167702,4288.555,4244.815
2026-09-24T18:07:48.273228+00:00,EUR_USD,1.13676,none,none,0,883.1502,0.0,-1,no signal,16.18046833378978,43.65427936718603,1.1375656866608688,1.140011201307473,1.13916,1.1364
2026-09-24T18:07:48.716519+00:00,GBP_USD,1.32126,none,none,0,883.1502,0.0,-1,no signal,18.989876750471357,42.21548551835963,1.3227050427408822,1.326651300822334,1.32404,1.32097
2026-09-24T18:26:49.549599+00:00,XAU_USD,4269.795,none,none,0,883.1502,0.0,-1,no signal,17.71610392747481,53.405863179979086,4269.00157665388,4295.948414017723,4288.555,4244.815
2026-09-24T18:26:50.269916+00:00,EUR_USD,1.13704,none,none,0,883.1502,0.0,-1,no signal,16.23063853645598,46.77102191560528,1.1375450714971838,1.139980003823802,1.13916,1.1364
2026-09-24T18:26:50.828548+00:00,GBP_USD,1.32168,none,none,0,883.1502,0.0,-1,no signal,19.38181688075097,45.67636722188634,1.3226648449851826,1.3265981602365038,1.32404,1.32097
2026-09-24T18:43:28.049519+00:00,XAU_USD,4274.63,none,none,0,883.1502,0.0,-1,no signal,17.704301882738164,56.90007574529196,4269.222299133484,4295.721795032582,4288.555,4246.505
2026-09-24T18:43:29.540369+00:00,EUR_USD,1.13735,none,none,0,883.1502,0.0,-1,no signal,15.884250064518909,50.06437879538306,1.1375374216350627,1.139955467923083,1.13916,1.13594
2026-09-24T18:43:30.469137+00:00,GBP_USD,1.32207,none,none,0,883.1502,0.0,-1,no signal,19.260318587977917,48.74611088363964,1.3226415177313322,1.3265546010996707,1.32404,1.32043
2026-09-24T18:56:29.851649+00:00,XAU_USD,4271.53,none,none,0,883.1502,0.0,-1,no signal,18.32188495366319,54.098801716104965,4269.31279721542,4295.50888063754,4288.555,4246.51
2026-09-24T18:56:31.231539+00:00,EUR_USD,1.13708,none,none,0,883.1502,0.0,-1,no signal,15.279734512036725,47.31833849318984,1.1375194835330964,1.139931211746113,1.13916,1.13594
2026-09-24T18:56:32.305328+00:00,GBP_USD,1.32158,none,none,0,883.1502,0.0,-1,no signal,18.874255685175775,45.28375359640514,1.3225998895857758,1.326507552518603,1.32404,1.32043
2026-09-24T19:11:28.430059+00:00,XAU_USD,4271.93,none,none,0,883.1502,0.0,-1,no signal,18.895354948093548,54.410682646020284,4269.415432599041,4295.211621373178,4288.555,4252.7
2026-09-24T19:11:31.991321+00:00,EUR_USD,1.13737,none,none,0,883.1502,0.0,-1,no signal,14.71839864187466,50.46131725627698,1.137513621432754,1.13990252852282,1.13916,1.13594
2026-09-24T19:11:33.987541+00:00,GBP_USD,1.32168,none,none,0,883.1502,0.0,-1,no signal,18.515768704002298,46.12477988362791,1.322563815481377,1.3264499896360713,1.32404,1.32043
2026-09-24T19:25:47.269480+00:00,XAU_USD,4267.755,none,none,0,883.1502,0.0,-1,no signal,18.88014984151196,50.54997501238188,4269.35031760056,4294.955604748771,4288.555,4252.7
2026-09-24T19:25:47.965517+00:00,EUR_USD,1.13712,none,none,0,883.1502,0.0,-1,no signal,13.985631910057705,47.81308862724963,1.1374981852984356,1.1398757944252558,1.13916,1.13594
2026-09-24T19:25:48.480365+00:00,GBP_USD,1.32116,none,none,0,883.1502,0.0,-1,no signal,18.71287358935831,42.4692069584964,1.3225087638917756,1.3263906836494126,1.32404,1.32043
2026-09-24T19:38:15.155548+00:00,XAU_USD,4272.155,none,none,0,883.1502,0.0,-1,no signal,19.211964129345105,54.23544487867453,4269.460305139412,4294.7089293995905,4288.555,4256.395
2026-09-24T19:38:15.563196+00:00,EUR_USD,1.13732,none,none,0,883.1502,0.0,-1,no signal,13.305205659084825,50.07058987284826,1.137491197638475,1.13984655262132,1.13916,1.13594
2026-09-24T19:38:15.898244+00:00,GBP_USD,1.32154,none,none,0,883.1502,0.0,-1,no signal,18.895899554331727,45.84682112326761,1.3224707731507717,1.3263419417637576,1.32404,1.32043
2026-09-24T19:49:14.111311+00:00,XAU_USD,4274.495,none,none,0,883.1502,0.0,-1,no signal,19.520077396618746,56.108930552522125,4269.657744162122,4294.5350513265985,4285.53,4256.395
2026-09-24T19:49:14.617064+00:00,EUR_USD,1.13752,none,none,0,883.1502,0.0,-1,no signal,12.524599102812033,52.29304394504871,1.1374923271420785,1.1398209529066556,1.13871,1.13594
2026-09-24T19:49:15.081584+00:00,GBP_USD,1.32174,none,none,0,883.1502,0.0,-1,no signal,18.896177685116445,47.59082747310085,1.3224421153805175,1.3262973082133014,1.32387,1.32043
2026-09-24T19:58:39.866756+00:00,XAU_USD,4274.495,none,none,0,883.1502,0.0,-1,no signal,19.520077396618746,56.108930552522125,4269.657744162122,4294.5350513265985,4285.53,4256.395
2026-09-24T19:58:40.037519+00:00,EUR_USD,1.13752,none,none,0,883.1502,0.0,-1,no signal,12.524599102812033,52.29304394504871,1.1374923271420785,1.1398209529066556,1.13871,1.13594
2026-09-24T19:58:40.759461+00:00,GBP_USD,1.32174,none,none,0,883.1502,0.0,-1,no signal,18.896177685116445,47.59082747310085,1.3224421153805175,1.3262973082133014,1.32387,1.32043
2026-09-24T20:18:00.628148+00:00,XAU_USD,4270.015,none,none,0,883.1502,0.0,-1,no signal,19.61914007453669,51.47236113198806,4269.832723478075,4294.129374073303,4281.935,4256.395
2026-09-24T20:18:01.085176+00:00,EUR_USD,1.13746,none,none,0,883.1502,0.0,-1,no signal,11.513636575061923,51.26625668394974,1.137497753735342,1.1397731577351347,1.13841,1.13594
2026-09-24T20:18:01.485496+00:00,GBP_USD,1.32166,none,none,0,883.1502,0.0,-1,no signal,17.62221546951435,47.018553856504646,1.3223970469130066,1.3261997117163618,1.32358,1.32043
2026-09-24T20:34:19.553156+00:00,XAU_USD,4265.67,none,none,0,883.1502,0.0,-1,no signal,18.502954459438286,47.348557671869536,4269.669479436842,4293.899414305095,4281.935,4256.395
2026-09-24T20:34:19.789411+00:00,EUR_USD,1.13714,none,none,0,883.1502,0.0,-1,no signal,11.09770246098795,47.39877140744312,1.1374837241771576,1.139747161322101,1.13807,1.13594
2026-09-24T20:34:20.857832+00:00,GBP_USD,1.32132,none,none,0,883.1502,0.0,-1,no signal,17.864118988191777,44.33610019601559,1.322354809780254,1.3261546281154861,1.32307,1.32043
2026-09-24T20:47:59.409394+00:00,XAU_USD,4270.89,none,none,0,883.1502,0.0,-1,no signal,17.607847164384246,52.293557757880166,4269.717343004974,4293.72337675012,4281.935,4256.395
2026-09-24T20:47:59.597534+00:00,EUR_USD,1.13768,none,none,0,883.1502,0.0,-1,no signal,10.328882451460775,53.7407415472141,1.1374914212681853,1.1397263883912834,1.13785,1.13594
2026-09-24T20:47:59.769042+00:00,GBP_USD,1.32176,none,none,0,883.1502,0.0,-1,no signal,18.020439433479496,48.435954176721076,1.3223314839063052,1.3261102199343964,1.32232,1.32043
2026-09-24T20:58:42.035683+00:00,XAU_USD,4270.89,none,none,0,883.1502,0.0,-1,no signal,17.607847164384246,52.293557757880166,4269.717343004974,4293.72337675012,4281.935,4256.395
2026-09-24T20:58:42.276254+00:00,EUR_USD,1.13768,none,none,0,883.1502,0.0,-1,no signal,10.328882451460775,53.7407415472141,1.1374914212681853,1.1397263883912834,1.13785,1.13594
2026-09-24T20:58:42.463580+00:00,GBP_USD,1.32176,none,none,0,883.1502,0.0,-1,no signal,18.020439433479496,48.435954176721076,1.3223314839063052,1.3261102199343964,1.32232,1.32043
2026-09-24T21:15:36.768267+00:00,XAU_USD,4273.8,none,none,0,883.1502,0.0,-1,no signal,17.26656831869317,54.83990732803236,4269.877447200858,4293.525134195393,4281.935,4256.395
2026-09-24T21:15:37.230832+00:00,EUR_USD,1.13772,none,none,0,883.1502,0.0,-1,no signal,10.523383829936781,53.40182700423944,1.1375203008323418,1.1396896169924933,1.1381,1.13594
2026-09-24T21:15:37.822589+00:00,GBP_USD,1.32174,none,none,0,883.1502,0.0,-1,no signal,17.4309720792334,48.24431213531672,1.3222912775327098,1.326029461362062,1.32226,1.32043
2026-09-24T21:29:28.747239+00:00,XAU_USD,4273.8,none,none,0,883.1502,0.0,-1,no signal,17.26656831869317,54.83990732803236,4269.877447200858,4293.525134195393,4281.935,4256.395
2026-09-24T21:29:28.956693+00:00,EUR_USD,1.13772,none,none,0,883.1502,0.0,-1,no signal,10.523383829936781,53.40182700423944,1.1375203008323418,1.1396896169924933,1.1381,1.13594
2026-09-24T21:29:29.762424+00:00,GBP_USD,1.32174,none,none,0,883.1502,0.0,-1,no signal,17.4309720792334,48.24431213531672,1.3222912775327098,1.326029461362062,1.32226,1.32043
2026-09-24T21:42:39.518162+00:00,XAU_USD,4273.8,none,none,0,883.1502,0.0,-1,no signal,17.26656831869317,54.83990732803236,4269.877447200858,4293.525134195393,4281.935,4256.395
2026-09-24T21:42:40.057415+00:00,EUR_USD,1.13782,none,none,0,883.1502,0.0,-1,no signal,10.61034344094854,54.49626043357802,1.137532053740471,1.1396697208158557,1.1381,1.13681
2026-09-24T21:42:40.736027+00:00,GBP_USD,1.32168,none,none,0,883.1502,0.0,-1,no signal,17.31531443655384,47.6741054392591,1.3222673058642682,1.325984617901812,1.32226,1.32114
2026-09-24T21:52:05.106298+00:00,XAU_USD,4273.8,none,none,0,883.1502,0.0,-1,no signal,17.26656831869317,54.83990732803236,4269.877447200858,4293.525134195393,4281.935,4256.395
2026-09-24T21:52:05.533552+00:00,EUR_USD,1.13786,none,none,0,883.1502,0.0,-1,no signal,10.735829281939635,54.95202484512248,1.1375449143779925,1.1396513733744837,1.1381,1.13687
2026-09-24T21:52:06.909912+00:00,GBP_USD,1.32152,none,none,0,883.1502,0.0,-1,no signal,17.528747677583965,46.10906373868253,1.3222379997522435,1.3259411465964963,1.32226,1.32114
2026-09-24T22:02:43.771404+00:00,XAU_USD,4273.8,none,none,0,883.1502,0.0,-1,no signal,17.26656831869317,54.83990732803236,4269.877447200858,4293.525134195393,4281.935,4256.395
2026-09-24T22:02:44.099076+00:00,EUR_USD,1.13785,none,none,0,883.1502,0.0,-1,no signal,10.946585690734407,54.80423922898551,1.1375568785200962,1.1396336534227498,1.1381,1.13702
2026-09-24T22:02:44.427778+00:00,GBP_USD,1.3215,none,none,0,883.1502,0.0,-1,no signal,17.970445548026323,45.906197685435714,1.3222090585858737,1.3258981810517658,1.3221,1.32114
2026-09-24T22:20:12.702250+00:00,XAU_USD,4270.53,none,none,0,883.1502,0.0,-1,no signal,16.9496665334086,51.51259283248711,4269.90303749197,4293.248755072595,4281.935,4256.395
2026-09-24T22:20:14.988164+00:00,EUR_USD,1.1377,none,none,0,883.1502,0.0,-1,no signal,10.676881947640533,52.522480917220264,1.1375624911272797,1.1396148214130744,1.1381,1.13709
2026-09-24T22:20:15.158024+00:00,GBP_USD,1.3216,none,none,0,883.1502,0.0,-1,no signal,17.375571334744343,47.15805986416662,1.3221851739350412,1.325854120058619,1.3221,1.32114
2026-09-24T22:33:06.473596+00:00,XAU_USD,4271.275,none,none,0,883.1502,0.0,-1,no signal,16.202960709577145,52.223809395337106,4269.956839996585,4293.199700850285,4281.935,4264.515
2026-09-24T22:33:06.956297+00:00,EUR_USD,1.13778,none,none,0,883.1502,0.0,-1,no signal,10.426442757624788,53.63130779895479,1.1375710208871652,1.139597108914111,1.1381,1.13709
2026-09-24T22:33:07.320119+00:00,GBP_USD,1.3216,none,none,0,883.1502,0.0,-1,no signal,16.823188136696796,47.1580598641666,1.32216222593761,1.325811858559612,1.3221,1.32114
2026-09-24T22:44:40.701302+00:00,XAU_USD,4271.275,none,none,0,883.1502,0.0,-1,no signal,16.202960709577145,52.223809395337106,4269.956839996585,4293.199700850285,4281.935,4264.515
2026-09-24T22:44:40.857601+00:00,EUR_USD,1.13778,none,none,0,883.1502,0.0,-1,no signal,10.426442757624788,53.63130779895479,1.1375710208871652,1.139597108914111,1.1381,1.13709
2026-09-24T22:44:41.076797+00:00,GBP_USD,1.3216,none,none,0,883.1502,0.0,-1,no signal,16.823188136696796,47.1580598641666,1.32216222593761,1.325811858559612,1.3221,1.32114
2026-09-24T22:55:46.994935+00:00,XAU_USD,4271.13,none,none,0,883.1502,0.0,-1,no signal,15.75001128755231,52.063741333174995,4270.0028462817,4293.013414179253,4281.935,4264.515
2026-09-24T22:55:48.005200+00:00,EUR_USD,1.13772,none,none,0,883.1502,0.0,-1,no signal,9.838096166540517,52.63836536674161,1.1375768632052516,1.1395782270520287,1.1381,1.13709
2026-09-24T22:55:49.238011+00:00,GBP_USD,1.32159,none,none,0,883.1502,0.0,-1,no signal,16.52140878663373,47.0318276408385,1.3221397857057895,1.3257731165998463,1.3221,1.32114
2026-09-24T23:09:31.227532+00:00,XAU_USD,4272.51,none,none,0,883.1502,0.0,-1,no signal,15.567333438547912,53.523774616681706,4270.101166090291,4292.984128277617,4277.13,4264.515
2026-09-24T23:09:31.541247+00:00,EUR_USD,1.13773,none,none,0,883.1502,0.0,-1,no signal,9.323421155177792,52.79522998675919,1.137582868569281,1.1395583395491746,1.1381,1.13709
2026-09-24T23:09:31.965377+00:00,GBP_USD,1.32156,none,none,0,883.1502,0.0,-1,no signal,16.129416474012015,46.628579452452044,1.322117049011017,1.3257298339653412,1.3221,1.32114
2026-09-24T23:23:27.474213+00:00,XAU_USD,4273.325,none,none,0,883.1502,0.0,-1,no signal,15.560366601447722,54.40697696624941,4270.227590907208,4292.65400669574,4276.015,4264.515
2026-09-24T23:23:27.733961+00:00,EUR_USD,1.13772,none,none,0,883.1502,0.0,-1,no signal,8.845508644626676,52.607587410291146,1.1375882462724465,1.139540047613362,1.1381,1.13709
2026-09-24T23:23:27.885587+00:00,GBP_USD,1.32152,none,none,0,883.1502,0.0,-1,no signal,15.859125398395467,46.06150238016353,1.3220936353245456,1.3256886936621268,1.32209,1.32114
2026-09-24T23:35:44.550742+00:00,XAU_USD,4271.95,none,none,0,883.1502,0.0,-1,no signal,15.431544044317473,52.591160727940164,4270.295136388893,4292.534084754734,4276.015,4264.515
2026-09-24T23:35:46.985181+00:00,EUR_USD,1.13772,none,none,0,883.1502,0.0,-1,no signal,8.356603343363462,52.607587410291146,1.1375934130853347,1.1395220737944898,1.1381,1.13709
2026-09-24T23:35:47.355313+00:00,GBP_USD,1.32155,none,none,0,883.1502,0.0,-1,no signal,15.847204572999745,46.58617635026102,1.3220723162919747,1.3256467640386984,1.32206,1.32114
2026-09-24T23:45:51.556420+00:00,XAU_USD,4274.505,none,none,0,883.1502,0.0,-1,no signal,15.49295962139935,55.559215469382586,4270.460229064967,4292.308380255531,4276.015,4264.515
2026-09-24T23:45:54.262129+00:00,EUR_USD,1.1377,none,none,0,883.1502,0.0,-1,no signal,7.954590085942917,52.17743850820516,1.1375975929648328,1.139505508944726,1.1381,1.13709
2026-09-24T23:45:54.606743+00:00,GBP_USD,1.32144,none,none,0,883.1502,0.0,-1,no signal,15.266640812893204,44.86297946982358,1.3220475195750714,1.3256062667663537,1.32206,1.32114
2026-09-24T23:55:22.828160+00:00,XAU_USD,4274.505,none,none,0,883.1502,0.0,-1,no signal,15.49295962139935,55.559215469382586,4270.460229064967,4292.308380255531,4276.015,4264.515
2026-09-24T23:55:23.112394+00:00,EUR_USD,1.1377,none,none,0,883.1502,0.0,-1,no signal,7.954590085942917,52.17743850820516,1.1375975929648328,1.139505508944726,1.1381,1.13709
2026-09-24T23:55:23.302890+00:00,GBP_USD,1.32144,none,none,0,883.1502,0.0,-1,no signal,15.266640812893204,44.86297946982358,1.3220475195750714,1.3256062667663537,1.32206,1.32114
2026-09-25T00:13:39.252661+00:00,XAU_USD,4265.14,none,none,0,883.1502,0.0,-1,no signal,14.53143111409414,44.54988858091137,4270.251592632104,4292.041416777525,4276.04,4264.515
2026-09-25T00:13:41.442146+00:00,EUR_USD,1.13737,none,none,0,883.1502,0.0,-1,no signal,8.297810942117488,45.5582321043056,1.1375886677506546,1.1394846684223952,1.1381,1.13758
2026-09-25T00:13:41.965893+00:00,GBP_USD,1.32094,sell,sell,-18051,883.1502,0.0,-1,sell order FILLED (margin-capped size),15.835414065434207,37.98511945423797,1.3220040874352998,1.3255611973275643,1.32206,1.32126
2026-09-25T00:36:44.455430+00:00,XAU_USD,4270.575,none,none,0,882.1842,0.0,-1,no signal,12.99260752500201,50.97769209071238,4270.120097620523,4291.575336566492,4276.04,4264.315
2026-09-25T00:36:44.705253+00:00,EUR_USD,1.13726,none,none,0,882.1842,0.0,-1,no signal,9.685432157439452,43.49441901550317,1.1375656560053446,1.1394419461818932,1.13802,1.1373
2026-09-25T00:36:44.895025+00:00,GBP_USD,1.32126,none,none,0,882.1842,-18051.0,-1,no signal,16.85398249217853,44.12986831374728,1.3219404667176817,1.325475026267031,1.32198,1.32091
2026-09-25T00:51:22.045399+00:00,XAU_USD,4271.49,none,none,0,880.5284,0.0,-1,no signal,12.300877482140697,52.00374719992077,4270.173819293043,4291.409135082778,4276.04,4264.315
2026-09-25T00:51:22.863978+00:00,EUR_USD,1.13715,none,none,0,880.3904,0.0,-1,no signal,10.896990019002214,41.40660294006978,1.1375493557690488,1.1394166227560962,1.13802,1.13716
2026-09-25T00:51:23.947927+00:00,GBP_USD,1.32114,none,none,0,880.3904,-18051.0,-1,no signal,17.309374196199144,42.37546758803452,1.3219090758652372,1.325429441739972,1.32198,1.32091
2026-09-25T01:02:21.877597+00:00,XAU_USD,4278.66,none,none,0,875.7007,0.0,-1,no signal,13.171932316661588,59.208644800552555,4270.506610682576,4291.248115002191,4276.04,4264.315
2026-09-25T01:02:23.174172+00:00,EUR_USD,1.13752,none,none,0,875.7007,0.0,-1,no signal,10.634512696223426,50.085748776862985,1.1375482045627623,1.1393988397489152,1.13802,1.13702
2026-09-25T01:02:23.602299+00:00,GBP_USD,1.32144,none,none,0,875.7007,0.0,-1,no signal,16.63084891589644,47.9469068525088,1.3218906807336097,1.325390834663299,1.32198,1.32091
2026-09-25T01:18:19.352998+00:00,XAU_USD,4290.01,buy,buy,3,875.7007,0.0,-1,buy order FILLED,15.100939835999586,67.52039692525231,4271.271449467175,4291.197106856151,4281.175,4264.315
2026-09-25T01:18:19.575894+00:00,EUR_USD,1.1382,none,none,0,874.4632,0.0,-1,no signal,11.197074969045975,61.40164541069016,1.1375737651681226,1.1393868429413794,1.13802,1.137
2026-09-25T01:18:20.101700+00:00,GBP_USD,1.32233,buy,buy,7929,874.4632,0.0,-1,buy order FILLED (margin-capped size),16.890400855869746,60.231323964681465,1.3219079089401562,1.3253604466508124,1.32198,1.32091
2026-09-25T01:30:42.548399+00:00,XAU_USD,4293.68,buy,none,0,874.196,3.0,-1,"computed 0 units — insufficient margin (available=124.03, needed for 4 units)",17.23403712730886,69.6722819770128,4272.150216139888,4291.174582913016,4290.64,4264.315
2026-09-25T01:30:44.890447+00:00,EUR_USD,1.13776,none,none,0,874.0387,0.0,-1,no signal,11.71945422238119,53.02494330632137,1.1375810684946703,1.139370042965092,1.13824,1.137
2026-09-25T01:30:47.372329+00:00,GBP_USD,1.32184,none,none,0,872.9559,0.0,-1,no signal,17.13141337155926,52.83791930813662,1.3219052458450846,1.325327390891538,1.32238,1.32091
2026-09-25T01:43:22.666022+00:00,XAU_USD,4293.68,buy,none,0,880.9779,3.0,-1,already in matching position,17.23403712730886,69.6722819770128,4272.150216139888,4291.174582913016,4290.64,4264.315
2026-09-25T01:43:22.846600+00:00,EUR_USD,1.13776,none,none,0,880.9779,0.0,-1,no signal,11.71945422238119,53.02494330632137,1.1375810684946703,1.139370042965092,1.13824,1.137
2026-09-25T01:43:23.160883+00:00,GBP_USD,1.32184,none,none,0,881.2026,0.0,-1,no signal,17.13141337155926,52.83791930813662,1.3219052458450846,1.325327390891538,1.32238,1.32091
2026-09-25T01:53:56.689369+00:00,XAU_USD,4292.665,none,none,0,862.3496,3.0,-1,no signal,19.354581771711324,68.32404392559249,4272.954717484328,4291.242188667248,4294.32,4264.315
2026-09-25T01:53:57.131668+00:00,EUR_USD,1.13754,none,none,0,862.1662,0.0,-1,no signal,11.536749185845757,49.396316425012486,1.1375794579661518,1.1393540113044323,1.13824,1.137
2026-09-25T01:53:57.306657+00:00,GBP_USD,1.32151,none,none,0,862.3726,0.0,-1,no signal,16.543165111063203,48.51843962536755,1.3218897460073373,1.325287229180489,1.32238,1.32091
2026-09-25T02:05:40.827527+00:00,XAU_USD,4287.82,none,none,0,873.6977,3.0,-1,no signal,20.153622200348316,62.142361107051784,4273.537669731822,4291.182616858124,4295.895,4264.315
2026-09-25T02:05:42.311696+00:00,EUR_USD,1.13756,none,none,0,873.4729,0.0,-1,no signal,10.988925533584368,49.73308867581962,1.1375786949080353,1.1393341868850484,1.13824,1.137
2026-09-25T02:05:44.454237+00:00,GBP_USD,1.32149,none,none,0,873.4729,0.0,-1,no signal,15.44517960538623,48.260936672203115,1.321874069693581,1.325250262451338,1.32238,1.32091
2026-09-25T02:20:46.822882+00:00,XAU_USD,4290.21,none,none,0,873.0233,3.0,-1,no signal,21.17810941556203,63.87851246476702,4274.191486621345,4291.224659977779,4295.895,4264.315
2026-09-25T02:20:47.061047+00:00,EUR_USD,1.13782,none,none,0,872.866,0.0,-1,no signal,11.365414176600035,54.017352226014964,1.1375881578532037,1.1393203453175476,1.13824,1.137
2026-09-25T02:20:47.256967+00:00,GBP_USD,1.32175,none,none,0,872.9334,0.0,-1,no signal,15.322316072462076,51.83939035455499,1.3218692042157014,1.3252163867226439,1.32238,1.32091
2026-09-25T02:34:46.519619+00:00,XAU_USD,4288.095,none,none,0,863.2001,3.0,-1,no signal,22.129418972546198,61.20360821652177,4274.736722449188,4291.222373900002,4295.895,4264.315
2026-09-25T02:34:46.672014+00:00,EUR_USD,1.13766,none,none,0,863.0166,0.0,-1,no signal,11.71501077368602,51.12936230897969,1.1375909751922504,1.139303688360987,1.13824,1.137
2026-09-25T02:34:46.917180+00:00,GBP_USD,1.32175,none,none,0,863.0166,0.0,-1,no signal,15.208228506175331,51.83939035455501,1.3218645295401266,1.3251804661823554,1.32238,1.32091
2026-09-25T02:47:12.878419+00:00,XAU_USD,4285.965,none,none,0,854.5556,3.0,-1,no signal,21.793855292487287,58.54474919198178,4275.177047054915,4291.156995389425,4295.895,4264.315
2026-09-25T02:47:13.491199+00:00,EUR_USD,1.13771,none,none,0,855.6102,0.0,-1,no signal,11.791658406871429,51.99313687942604,1.1375956428314278,1.139286741904317,1.13824,1.137
2026-09-25T02:47:14.195351+00:00,GBP_USD,1.32178,none,none,0,855.679,0.0,-1,no signal,14.813740838240411,52.281047250377206,1.3218612146568636,1.325148740366216,1.32238,1.32091
2026-09-25T02:57:55.450798+00:00,XAU_USD,4285.965,none,none,0,844.2361,0.0,-1,no signal,21.793855292487287,58.54474919198178,4275.177047054915,4291.156995389425,4295.895,4264.315
2026-09-25T02:57:55.835302+00:00,EUR_USD,1.13771,none,none,0,844.2361,0.0,-1,no signal,11.791658406871429,51.99313687942604,1.1375956428314278,1.139286741904317,1.13824,1.137
2026-09-25T02:57:56.427699+00:00,GBP_USD,1.32178,none,none,0,844.2361,0.0,-1,no signal,14.813740838240411,52.281047250377206,1.3218612146568636,1.325148740366216,1.32238,1.32091
2026-09-25T03:13:40.870344+00:00,XAU_USD,4283.935,none,none,0,844.2361,0.0,-1,no signal,20.643168006845734,56.04577218750873,4275.520496189031,4291.0820042632995,4295.895,4264.315
2026-09-25T03:13:41.072756+00:00,EUR_USD,1.13721,none,none,0,844.2361,0.0,-1,no signal,11.151917691647121,43.67911887678749,1.1375805195833077,1.1392666222362862,1.13824,1.137
2026-09-25T03:13:41.287763+00:00,GBP_USD,1.32133,none,none,0,844.2361,0.0,-1,no signal,13.890617191725953,45.535474252635105,1.3218403827095144,1.3251106748958215,1.32238,1.32091
2026-09-25T03:28:43.487046+00:00,XAU_USD,4282.605,none,none,0,844.2361,0.0,-1,no signal,19.57467267017857,54.407180245761204,4275.798319851591,4290.945798955207,4295.895,4264.315
2026-09-25T03:28:43.697728+00:00,EUR_USD,1.13694,none,none,0,844.2361,0.0,-1,no signal,11.22617994503929,39.96290708759657,1.1375554011683617,1.1392437439815326,1.13824,1.137
2026-09-25T03:28:43.932890+00:00,GBP_USD,1.3211,none,none,0,844.2361,0.0,-1,no signal,13.207982507312897,42.51602829475367,1.3218113480935614,1.3250711079520026,1.32238,1.32093
2026-09-25T03:44:09.752121+00:00,XAU_USD,4278.16,none,none,0,844.2361,0.0,-1,no signal,18.49026389812841,49.227094283324,4275.8909347645595,4290.8350801251745,4295.895,4264.825
2026-09-25T03:44:10.165509+00:00,EUR_USD,1.13694,none,none,0,844.2361,0.0,-1,no signal,11.34674257638732,39.96290708759657,1.137531267789296,1.139221093371106,1.13824,1.13692
2026-09-25T03:44:10.486417+00:00,GBP_USD,1.32114,none,none,0,844.2361,0.0,-1,no signal,12.574107443215054,43.22117685292947,1.3217850207171724,1.3250314480194731,1.32238,1.32097
2026-09-25T03:56:18.795803+00:00,XAU_USD,4273.65,none,none,0,844.2361,0.0,-1,no signal,18.14918472052102,44.588435350913365,4275.80305496893,4290.6610899351745,4295.895,4267.215
2026-09-25T03:56:19.109257+00:00,EUR_USD,1.13691,none,none,0,844.2361,0.0,-1,no signal,11.61976354322761,39.529520969125905,1.1375069043467072,1.139198505740054,1.13824,1.1369
2026-09-25T03:56:19.623537+00:00,GBP_USD,1.32114,none,none,0,844.2361,0.0,-1,no signal,12.152194470745131,43.22117685292947,1.321759725787344,1.324993543789436,1.32238,1.321
2026-09-25T04:10:58.049494+00:00,XAU_USD,4269.94,sell,sell,-3,844.2361,0.0,-1,sell order FILLED (margin-capped size),18.36450955132825,41.1530729298137,4275.573131241641,4290.44531434792,4295.895,4270.41
2026-09-25T04:10:58.256572+00:00,EUR_USD,1.1369,none,none,0,843.0895,0.0,-1,no signal,11.760161958029492,39.37623038142637,1.1374831041759483,1.1391746822827633,1.13824,1.13684
2026-09-25T04:10:58.384602+00:00,GBP_USD,1.32115,none,none,0,844.2132,0.0,-1,no signal,11.6942807623303,43.422404531396545,1.321735814971919,1.3249545509806622,1.32238,1.321
2026-09-25T04:27:53.537478+00:00,XAU_USD,4268.335,sell,none,0,841.3923,-3.0,-1,already in matching position,18.75438472122902,39.7270628486456,4275.289282957592,4290.225107058634,4295.895,4269.655
2026-09-25T04:27:53.743063+00:00,EUR_USD,1.13701,none,none,0,841.3923,0.0,-1,no signal,11.43681785372723,42.03884514871277,1.1374645510707955,1.1391524626174225,1.13824,1.13684
2026-09-25T04:27:53.918121+00:00,GBP_USD,1.32117,none,none,0,841.3923,0.0,-1,no signal,10.931806455769223,43.85101024475876,1.3217136261492555,1.3249161451650104,1.32238,1.32102
2026-09-25T04:44:05.415763+00:00,XAU_USD,4271.345,none,none,0,838.1131,-3.0,-1,no signal,19.17764257301084,43.66929041221438,4275.134605196358,4290.042995844217,4295.895,4268.155
2026-09-25T04:44:05.689818+00:00,EUR_USD,1.13695,none,none,0,838.1131,0.0,-1,no signal,11.136569756875126,40.981548129551896,1.1374443725973453,1.1391302753512442,1.13821,1.13684
2026-09-25T04:44:05.991250+00:00,GBP_USD,1.32121,none,none,0,838.1131,0.0,-1,no signal,10.22379459967678,44.75245911917993,1.3216938761038017,1.3248780431300236,1.32236,1.32102
2026-09-25T04:56:33.530070+00:00,XAU_USD,4272.1,none,none,0,853.2051,-3.0,-1,no signal,19.210409958957054,44.64725612336731,4275.015601078219,4289.887392707759,4295.895,4267.685
2026-09-25T04:56:34.199245+00:00,EUR_USD,1.13701,none,none,0,853.295,0.0,-1,no signal,10.96349252504454,42.53791610527036,1.1374273383785047,1.1391112877523295,1.13792,1.13684
2026-09-25T04:56:34.386556+00:00,GBP_USD,1.32126,none,none,0,853.4299,0.0,-1,no signal,9.74203164206516,45.92120701028971,1.3216768613556382,1.3248452412301692,1.32192,1.32102
2026-09-25T05:11:12.858641+00:00,XAU_USD,4263.095,sell,none,0,872.2613,-3.0,-1,already in matching position,20.19848407080131,36.506418642673445,4274.548126508032,4289.563228208125,4295.33,4267.685
2026-09-25T05:11:13.125685+00:00,EUR_USD,1.13704,none,none,0,872.1706,0.0,-1,no signal,10.342533374289761,43.342436494032235,1.1374121486382143,1.1390908140315785,1.13792,1.13684
2026-09-25T05:11:13.424244+00:00,GBP_USD,1.32131,none,none,0,871.0467,0.0,-1,no signal,9.542602205910361,47.12578928728005,1.3216624746354244,1.3248088397318487,1.32192,1.32102
2026-09-25T05:26:29.062383+00:00,XAU_USD,4257.22,sell,none,0,862.6424,-3.0,-1,already in matching position,21.751074357227708,32.360689582680436,4273.868592126418,4289.213571031574,4295.33,4262.76
2026-09-25T05:26:29.328977+00:00,EUR_USD,1.13736,none,none,0,862.6424,0.0,-1,no signal,10.235099329095004,51.192227241425165,1.1374101035934503,1.1390731836785233,1.13792,1.13684
2026-09-25T05:26:30.530641+00:00,GBP_USD,1.32158,none,none,0,862.2379,0.0,-1,no signal,10.078588423092235,53.189410119868114,1.321659240335846,1.3247762355966182,1.32192,1.32102
2026-09-25T05:41:20.688348+00:00,XAU_USD,4264.305,none,none,0,832.7513,-3.0,-1,no signal,22.931443537078735,41.05430537280862,4273.493549296623,4288.961573270938,4292.61,4256.355
2026-09-25T05:41:21.023318+00:00,EUR_USD,1.13726,none,none,0,832.7513,0.0,-1,no signal,10.543317921318774,48.91163786661278,1.1374042171782774,1.1390559586956612,1.13786,1.13684
2026-09-25T05:41:21.392832+00:00,GBP_USD,1.32157,none,none,0,832.7513,0.0,-1,no signal,10.93132057840752,52.94722233241749,1.3216557407154959,1.3247464424231232,1.32192,1.32102
2026-09-25T05:53:35.291607+00:00,XAU_USD,4274.555,none,none,0,845.8314,-3.0,-1,no signal,22.11215130079429,50.888771026093906,4273.535174821262,4288.840035530849,4288.725,4256.355
2026-09-25T05:53:35.634654+00:00,EUR_USD,1.13753,none,none,0,845.8539,0.0,-1,no signal,11.123518192611938,54.770500326232415,1.1374091498380814,1.1390411833499376,1.13774,1.13684
2026-09-25T05:53:36.700098+00:00,GBP_USD,1.32184,none,none,0,845.9887,0.0,-1,no signal,12.383223262802389,58.44848494116905,1.3216629665691269,1.3247154129297551,1.32183,1.32102
2026-09-25T06:07:15.756912+00:00,XAU_USD,4266.82,none,none,0,846.8645,-3.0,-1,no signal,21.307906419801913,44.81272361248859,4273.2718346076745,4288.542941027803,4286.495,4256.355
2026-09-25T06:07:16.063549+00:00,EUR_USD,1.13754,none,none,0,846.8645,0.0,-1,no signal,11.887578069042592,54.97644568974408,1.1374142812167445,1.139025497610212,1.13772,1.13684
2026-09-25T06:07:16.697353+00:00,GBP_USD,1.32179,none,none,0,846.7521,0.0,-1,no signal,13.731418612597617,57.1167088645227,1.3216679482723626,1.3246865085048347,1.322,1.32102
2026-09-25T06:28:42.907367+00:00,XAU_USD,4274.78,none,none,0,822.313,0.0,-1,no signal,20.561107601737543,51.2619126423952,4273.330978352617,4288.418926565792,4286.45,4256.355
2026-09-25T06:28:43.122991+00:00,EUR_USD,1.13817,none,none,0,822.313,0.0,-1,no signal,13.995584154207474,65.6026928416469,1.1374439172475461,1.13901725741144,1.13764,1.13684
2026-09-25T06:28:43.452361+00:00,GBP_USD,1.3225,buy,buy,16788,822.313,0.0,-1,buy order FILLED (margin-capped size),16.319376624149516,68.19790627620831,1.3217005777518565,1.3246646841474887,1.322,1.32102
2026-09-25T06:49:20.360743+00:00,XAU_USD,4276.98,none,none,0,820.2619,0.0,-1,no signal,18.11483429394288,53.01226668012721,4273.535078435975,4288.157116434128,4281.655,4256.355
2026-09-25T06:49:20.507117+00:00,EUR_USD,1.13847,none,none,0,820.2619,0.0,-1,no signal,19.053340447704233,69.32492386457912,1.1375224395663492,1.1390072555028223,1.13866,1.13684
2026-09-25T06:49:20.653715+00:00,GBP_USD,1.32258,none,none,0,820.2619,16788.0,-1,no signal,21.029677445776194,66.6783869443378,1.321774604837606,1.3246256616957104,1.32296,1.32102
2026-09-25T07:01:26.848702+00:00,XAU_USD,4275.82,none,none,0,818.082,0.0,-1,no signal,17.021130090193417,51.94704023855469,4273.624683201521,4288.029050859109,4281.655,4256.355
2026-09-25T07:01:27.146878+00:00,EUR_USD,1.13858,none,none,0,818.3385,0.0,-1,no signal,21.878671620114726,70.67110419126314,1.13756391252466,1.1390034125271762,1.13866,1.13684
2026-09-25T07:01:27.675801+00:00,GBP_USD,1.32248,none,none,0,818.3385,16788.0,-1,no signal,22.7754283002986,64.1841820977109,1.3218022673931225,1.3246047201509805,1.32296,1.32102
2026-09-25T07:20:24.324416+00:00,XAU_USD,4275.155,none,none,0,811.1541,0.0,-1,no signal,16.415795361666714,51.310508269763,4273.684695622638,4287.89346493092,4281.655,4256.355
2026-09-25T07:20:24.815894+00:00,EUR_USD,1.13826,none,none,0,811.1541,0.0,-1,no signal,23.155480907828373,62.12918906855572,1.1375912100722847,1.1389946543113052,1.13901,1.13684
2026-09-25T07:20:28.128645+00:00,GBP_USD,1.32214,none,none,0,811.1541,0.0,-1,no signal,22.624687192387704,56.45218957319795,1.3218155118086288,1.3245787664422508,1.32296,1.32104
2026-09-25T07:35:04.809982+00:00,XAU_USD,4273.945,none,none,0,811.1541,0.0,-1,no signal,15.506719861672511,50.10738653543904,4273.694903638884,4287.759267867596,4281.655,4256.355
2026-09-25T07:35:06.440355+00:00,EUR_USD,1.13803,none,none,0,811.1541,0.0,-1,no signal,23.807446400191974,56.813859373069846,1.137608417520516,1.1389853279762032,1.13901,1.13686
2026-09-25T07:35:06.622143+00:00,GBP_USD,1.32206,none,none,0,811.1541,0.0,-1,no signal,22.48471330647044,54.78001612479945,1.3218250995815461,1.3245559498654844,1.32296,1.32108
2026-09-25T07:48:32.345888+00:00,XAU_USD,4276.795,none,none,0,811.1541,0.0,-1,no signal,15.146336905466505,52.908251947889596,4273.8164760509235,4287.66837507037,4281.655,4256.355
2026-09-25T07:48:32.704103+00:00,EUR_USD,1.13856,none,none,0,811.1541,0.0,-1,no signal,24.789456814763405,64.37693614708775,1.1376457344813513,1.1389838180096346,1.13901,1.13686
2026-09-25T07:48:33.039238+00:00,GBP_USD,1.32246,none,none,0,811.1541,0.0,-1,no signal,22.827256028642005,61.00037758528709,1.3218499976381985,1.3245383612260582,1.32296,1.32112
2026-09-25T07:58:47.255713+00:00,XAU_USD,4276.795,none,none,0,811.1541,0.0,-1,no signal,15.146336905466505,52.908251947889596,4273.8164760509235,4287.66837507037,4281.655,4256.355
2026-09-25T07:58:47.586607+00:00,EUR_USD,1.13856,none,none,0,811.1541,0.0,-1,no signal,24.789456814763405,64.37693614708775,1.1376457344813513,1.1389838180096346,1.13901,1.13686
2026-09-25T07:58:47.892313+00:00,GBP_USD,1.32246,none,none,0,811.1541,0.0,-1,no signal,22.827256028642005,61.00037758528709,1.3218499976381985,1.3245383612260582,1.32296,1.32112
2026-09-25T08:17:08.030591+00:00,XAU_USD,4281.785,none,none,0,811.1541,0.0,-1,no signal,14.64245718426752,57.54301682725797,4274.3527177999085,4287.531125310524,4281.97,4256.355
2026-09-25T08:17:08.254123+00:00,EUR_USD,1.13926,buy,buy,19224,811.1541,0.0,-1,buy order FILLED (margin-capped size),28.16751674609818,71.61768260656248,1.1377615718920306,1.138988888950672,1.13906,1.13698
2026-09-25T08:17:11.916708+00:00,GBP_USD,1.3239,buy,buy,5288,810.1275,0.0,-1,buy order FILLED (margin-capped size),26.210757607744362,74.90989109947866,1.3219797479167563,1.3245210842256467,1.32318,1.32122
2026-09-25T08:34:19.519075+00:00,XAU_USD,4284.29,none,none,0,806.1066,0.0,-1,no signal,14.625347702011773,59.777837320789004,4274.742415141236,4287.499351684135,4282.44,4256.895
2026-09-25T08:34:19.704182+00:00,EUR_USD,1.13892,none,none,0,806.1066,19224.0,-1,no signal,29.911287200911573,64.4161853763159,1.1378070004458194,1.1389899048338488,1.13928,1.13716
2026-09-25T08:34:20.120217+00:00,GBP_USD,1.32356,none,none,0,806.1066,5288.0,-1,no signal,28.277762843251896,68.47647374150088,1.322041718587158,1.324513018382456,1.32399,1.32145
2026-09-25T08:48:52.830949+00:00,XAU_USD,4292.32,buy,buy,1,806.4433,0.0,-1,buy order FILLED (margin-capped size),15.706646568163052,65.96283320404814,4275.431732195828,4287.551469616759,4284.865,4263.25
2026-09-25T08:48:53.351687+00:00,EUR_USD,1.13893,none,none,0,806.239,19224.0,-1,no signal,31.18709012826879,64.52915970702826,1.1378510396445145,1.138990874003594,1.13937,1.13717
2026-09-25T08:48:53.697923+00:00,GBP_USD,1.32358,none,none,0,806.0923,0.0,-1,no signal,29.336370317451895,68.64704927672405,1.3221020433488742,1.324505095693753,1.32411,1.32148
2026-09-25T08:59:45.832256+00:00,XAU_USD,4292.32,buy,none,0,807.1457,1.0,-1,"computed 0 units — insufficient margin (available=93.92, needed for 3 units)",15.706646568163052,65.96283320404814,4275.431732195828,4287.551469616759,4284.865,4263.25
2026-09-25T08:59:45.955807+00:00,EUR_USD,1.13893,none,none,0,807.1457,19224.0,-1,no signal,31.18709012826879,64.52915970702826,1.1378510396445145,1.138990874003594,1.13937,1.13717
2026-09-25T08:59:46.197739+00:00,GBP_USD,1.32358,none,none,0,807.1457,0.0,-1,no signal,29.336370317451895,68.64704927672405,1.3221020433488742,1.324505095693753,1.32411,1.32148
2026-09-25T09:18:45.135224+00:00,XAU_USD,4294.14,none,none,0,810.4657,1.0,-1,no signal,18.74655718253214,67.23121485220395,4276.842394847689,4287.670405136033,4297.45,4266.23
2026-09-25T09:18:46.720319+00:00,EUR_USD,1.13936,none,none,0,810.4525,19224.0,-1,no signal,33.944871121005406,69.1887316941191,1.137961040440366,1.1389952534221117,1.1394,1.1375
2026-09-25T09:18:47.812447+00:00,GBP_USD,1.32373,none,none,0,810.6111,0.0,-1,no signal,31.069567612572044,67.83889927413202,1.3222125282888513,1.324484218534795,1.32411,1.32172
2026-09-25T09:34:25.808019+00:00,XAU_USD,4290.77,none,none,0,807.9239,1.0,-1,no signal,19.347522869908694,62.38989687277355,4277.3885754461,4287.714619450607,4297.965,4271.135
2026-09-25T09:34:26.214778+00:00,EUR_USD,1.13886,none,none,0,807.7024,19224.0,-1,no signal,35.02392982627468,59.02355781572676,1.1379962937559158,1.1389922743253587,1.13943,1.13783
2026-09-25T09:34:27.877691+00:00,GBP_USD,1.32314,none,none,0,807.7249,0.0,-1,no signal,31.824511560911425,58.120368316305814,1.3222488997280117,1.324469277988248,1.32411,1.32174
2026-09-25T09:48:10.006640+00:00,XAU_USD,4294.675,none,none,0,800.6328,1.0,-1,no signal,20.010798997322876,65.49089933683695,4278.066474465469,4287.838762370237,4297.965,4271.135
2026-09-25T09:48:11.053910+00:00,EUR_USD,1.13893,none,none,0,800.6328,19224.0,-1,no signal,35.935019708407616,59.91155456629319,1.1380329096866502,1.1389903616578478,1.13944,1.13783
2026-09-25T09:48:11.467497+00:00,GBP_USD,1.32376,none,none,0,800.4907,0.0,-1,no signal,32.674693352815446,63.962841537278315,1.3223081585618657,1.324461131634789,1.32411,1.32174
2026-09-25T09:58:38.793755+00:00,XAU_USD,4294.675,none,none,0,808.1255,1.0,-1,no signal,20.010798997322876,65.49089933683695,4278.066474465469,4287.838762370237,4297.965,4271.135
2026-09-25T09:58:39.914289+00:00,EUR_USD,1.13893,none,none,0,808.1778,19224.0,-1,no signal,35.935019708407616,59.91155456629319,1.1380329096866502,1.1389903616578478,1.13944,1.13783
2026-09-25T09:58:41.172756+00:00,GBP_USD,1.32376,none,none,0,808.0133,0.0,-1,no signal,32.674693352815446,63.962841537278315,1.3223081585618657,1.324461131634789,1.32411,1.32174
2026-09-25T10:16:21.640786+00:00,XAU_USD,4307.27,buy,none,0,827.1768,1.0,-1,"computed 0 units — insufficient margin (available=114.33, needed for 3 units)",22.578083868913634,73.61515793516529,4279.848410310039,4288.13243122799,4297.965,4271.135
2026-09-25T10:16:22.345591+00:00,EUR_USD,1.1399,buy,none,0,827.1618,19224.0,-1,already in matching position,37.124283562489964,70.14758024639794,1.1381478416594435,1.1389990704477682,1.13944,1.13783
2026-09-25T10:16:22.563689+00:00,GBP_USD,1.32486,buy,buy,2329,827.1992,0.0,-1,buy order FILLED (margin-capped size),35.4085769921995,71.86991685804588,1.3224749898902148,1.3244581043260635,1.32426,1.32174
2026-09-25T10:32:34.574471+00:00,XAU_USD,4308.28,buy,none,0,823.6388,1.0,-1,"computed 0 units — insufficient margin (available=33.07, needed for 3 units)",24.49862486109813,74.14174720717054,4280.963374606203,4288.315720960843,4308.225,4271.135
2026-09-25T10:32:35.565275+00:00,EUR_USD,1.13974,none,none,0,823.6687,19224.0,-1,no signal,38.3405665688855,67.05824098955551,1.138210279240699,1.1390041290514163,1.13993,1.13783
2026-09-25T10:32:35.925263+00:00,GBP_USD,1.32446,none,none,0,823.9153,2329.0,-1,no signal,37.010169226722525,66.07221876609773,1.3225528334237393,1.324457510704157,1.32506,1.32186
2026-09-25T10:46:53.352823+00:00,XAU_USD,4305.445,none,none,0,821.1874,1.0,-1,no signal,25.960141881547816,69.92327087700028,4281.923438351288,4288.499363988391,4309.555,4271.135
2026-09-25T10:46:53.715498+00:00,EUR_USD,1.13976,none,none,0,821.2051,19224.0,-1,no signal,38.53205762627535,67.25238645951902,1.1382710526043653,1.1390134195545707,1.14008,1.13802
2026-09-25T10:46:54.031209+00:00,GBP_USD,1.32467,none,none,0,821.1303,2329.0,-1,no signal,37.858129815551564,67.55213966956555,1.3226358595652474,1.324463640200588,1.32506,1.32206
2026-09-25T10:57:21.285462+00:00,XAU_USD,4305.445,none,none,0,828.5882,1.0,-1,no signal,25.960141881547816,69.92327087700028,4281.923438351288,4288.499363988391,4309.555,4271.135
2026-09-25T10:57:21.670196+00:00,EUR_USD,1.13976,none,none,0,828.6303,19224.0,-1,no signal,38.53205762627535,67.25238645951902,1.1382710526043653,1.1390134195545707,1.14008,1.13802
2026-09-25T10:57:22.969280+00:00,GBP_USD,1.32467,none,none,0,828.5855,2329.0,-1,no signal,37.858129815551564,67.55213966956555,1.3226358595652474,1.324463640200588,1.32506,1.32206
2026-09-25T11:13:24.579647+00:00,XAU_USD,4310.94,buy,buy,3,843.7222,0.0,-1,buy order FILLED,27.567635962212798,73.1161572522279,4283.061342733476,4288.7347674780085,4309.555,4274.96
2026-09-25T11:13:24.793571+00:00,EUR_USD,1.13977,none,none,0,842.5562,0.0,-1,no signal,38.804317056764226,67.35598145585368,1.138329834855431,1.1390217643639855,1.14008,1.13854
2026-09-25T11:13:26.042482+00:00,GBP_USD,1.3244,none,none,0,842.5562,2329.0,-1,no signal,38.67866235839693,63.70460096045498,1.3227050415441504,1.3244664096555054,1.32506,1.32246
2026-09-25T11:29:01.899609+00:00,XAU_USD,4312.56,buy,none,0,823.9445,3.0,-1,already in matching position,29.40046928236587,73.99271371999218,4284.218152795474,4288.8863248498365,4311.705,4274.96
2026-09-25T11:29:02.738869+00:00,EUR_USD,1.1408,buy,buy,6150,824.0466,0.0,-1,buy order FILLED (margin-capped size),40.23881195022493,75.83532150480075,1.1384267040769154,1.1390398665738006,1.14008,1.13867
2026-09-25T11:29:03.012219+00:00,GBP_USD,1.32538,buy,none,0,823.2133,2329.0,-1,already in matching position,40.12808720401599,70.3137584410148,1.322809941875624,1.3244750917838066,1.32506,1.32284
2026-09-25T11:44:09.965215+00:00,XAU_USD,4304.76,none,none,0,810.7341,0.0,-1,no signal,29.933307008858897,63.29223398953125,4285.023715433119,4289.051179328465,4315.795,4278.905
2026-09-25T11:44:10.108633+00:00,EUR_USD,1.1406,none,none,0,810.7341,6150.0,-1,no signal,41.667379370698164,71.92838630768733,1.1385119313681236,1.1390557305585594,1.14088,1.13867
2026-09-25T11:44:10.235906+00:00,GBP_USD,1.3253,none,none,0,810.7341,2329.0,-1,no signal,41.72527694127105,69.20589505576407,1.322907591213428,1.3244820068032754,1.32546,1.32308
2026-09-25T11:55:32.330798+00:00,XAU_USD,4301.695,none,none,0,811.0675,0.0,-1,no signal,29.45560257927892,59.6422665363402,4285.677491302691,4289.19036106401,4315.795,4283.88
2026-09-25T11:55:32.575530+00:00,EUR_USD,1.14046,none,none,0,811.0501,6150.0,-1,no signal,41.98612381715219,69.23932785807898,1.1385883262154912,1.1390667090209667,1.14099,1.13867
2026-09-25T11:55:32.785000+00:00,GBP_USD,1.32535,none,none,0,811.0501,2329.0,-1,no signal,42.564207122935066,69.52903953527223,1.3230033719496217,1.3244889422061286,1.32579,1.32308
2026-09-25T12:12:34.832991+00:00,XAU_USD,4302.98,none,none,0,809.2769,0.0,-1,no signal,29.01201989466892,60.6664069846451,4286.356021060939,4289.344789016855,4315.795,4289.61
2026-09-25T12:12:35.103979+00:00,EUR_USD,1.14023,none,none,0,809.2769,6150.0,-1,no signal,42.11970992446292,64.94374836885666,1.1386527055795894,1.139078284055584,1.14102,1.13867
2026-09-25T12:12:35.328401+00:00,GBP_USD,1.32506,none,none,0,809.3881,2329.0,-1,no signal,42.80896471658216,65.25207028617177,1.3230840240298796,1.3244941479965273,1.32596,1.32308
2026-09-25T12:34:38.080446+00:00,XAU_USD,4306.635,none,none,0,809.2319,0.0,-1,no signal,27.870420438575298,62.40183333148078,4287.663466564046,4289.5791956727535,4315.795,4289.61
2026-09-25T12:34:38.417015+00:00,EUR_USD,1.14056,none,none,0,809.2319,0.0,-1,no signal,41.588254048533486,66.6099785403091,1.138779394886571,1.1391066505195888,1.14102,1.13867
2026-09-25T12:34:39.784253+00:00,GBP_USD,1.32558,none,none,0,809.2319,2329.0,-1,no signal,43.40335702352791,68.22857184706936,1.323251081005693,1.3245092702295036,1.32596,1.32311
2026-09-25T12:52:01.556401+00:00,XAU_USD,4301.75,none,none,0,809.7362,0.0,-1,no signal,27.586823714542003,56.782600383386885,4288.215879635719,4289.686789521113,4315.795,4290.26
2026-09-25T12:52:01.712789+00:00,EUR_USD,1.14009,none,none,0,809.7362,0.0,-1,no signal,41.509970663244815,58.979545276562135,1.1388307911662996,1.139118885028869,1.14102,1.13867
2026-09-25T12:52:01.900165+00:00,GBP_USD,1.32523,none,none,0,809.7536,2329.0,-1,no signal,43.91074300441779,63.31316953237357,1.3233286856730135,1.3245192318764178,1.32596,1.32311
2026-09-25T13:04:34.206991+00:00,XAU_USD,4298.24,none,none,0,809.5102,0.0,-1,no signal,27.58039463684621,53.083736070717485,4288.608982387069,4289.74634188554,4315.795,4291.05
2026-09-25T13:04:34.804871+00:00,EUR_USD,1.14014,none,none,0,809.5102,0.0,-1,no signal,41.104216928958714,59.51092453028056,1.1388821326878633,1.1391248260403168,1.14102,1.13867
2026-09-25T13:04:35.287701+00:00,GBP_USD,1.32571,none,none,0,809.5102,2329.0,-1,no signal,44.550704653509825,66.84132587647795,1.3234220705484963,1.3245308081001987,1.32596,1.32335
2026-09-25T13:23:23.565340+00:00,XAU_USD,4292.715,none,none,0,809.5623,0.0,-1,no signal,26.500708236275067,47.80493053410699,4288.7700027210685,4289.888645943567,4315.795,4294.015
2026-09-25T13:23:23.888930+00:00,EUR_USD,1.14052,none,none,0,809.4928,0.0,-1,no signal,41.1846584092898,63.39221262537182,1.138946362777872,1.1391365987000104,1.14102,1.13912
2026-09-25T13:23:24.191018+00:00,GBP_USD,1.32586,none,none,0,809.4928,2329.0,-1,no signal,45.68920414838661,67.88085418632463,1.3235176756242553,1.3245415839529098,1.32596,1.32406
2026-09-25T13:38:15.087754+00:00,XAU_USD,4278.425,sell,sell,-3,809.6841,0.0,-1,sell order FILLED,25.79189882425241,37.435732900129665,4288.364316343413,4289.785910774957,4315.795,4291.715
2026-09-25T13:38:15.475775+00:00,EUR_USD,1.1398,none,none,0,808.7295,0.0,-1,no signal,40.41968854899881,53.0212001421559,1.1389798387479662,1.1391451052147887,1.14102,1.13948
2026-09-25T13:38:18.364410+00:00,GBP_USD,1.325,none,none,0,809.2324,2329.0,-1,no signal,45.39640539020459,56.872267129920616,1.323575805992659,1.3245484591363192,1.32638,1.32422
2026-09-25T13:52:21.516822+00:00,XAU_USD,4279.03,none,none,0,812.5514,-3.0,-1,no signal,25.619633508022254,38.04841153527466,4287.998264717033,4289.662758033015,4315.795,4277.855
2026-09-25T13:52:21.687045+00:00,EUR_USD,1.14027,none,none,0,812.8976,0.0,-1,no signal,39.709359393014324,57.866921964631494,1.13903043330657,1.1391553454443186,1.14102,1.13948
2026-09-25T13:52:21.905720+00:00,GBP_USD,1.32556,none,none,0,812.8976,2329.0,-1,no signal,44.80064065586985,61.276161939144146,1.3236536175217388,1.324556550658907,1.32638,1.32422
2026-09-25T14:04:04.316076+00:00,XAU_USD,4275.75,none,none,0,846.952,-3.0,-1,no signal,25.459672857237095,35.99063129922928,4287.517940613068,4289.532557141303,4315.795,4273.43
2026-09-25T14:04:05.433142+00:00,EUR_USD,1.1402,none,none,0,847.3282,0.0,-1,no signal,39.13965313995134,56.92515031491647,1.1390762986672893,1.1391663525013458,1.14102,1.1395
2026-09-25T14:04:07.269256+00:00,GBP_USD,1.32532,none,none,0,846.9595,2329.0,-1,no signal,44.45686298877703,58.518255208044536,1.3237189658538127,1.3245628541472807,1.32638,1.3243
2026-09-25T14:23:33.791113+00:00,XAU_USD,4267.585,sell,none,0,842.4031,-3.0,-1,already in matching position,26.929507412028663,31.433218739498386,4286.736256681239,4289.358000144966,4315.795,4273.43
2026-09-25T14:23:34.151421+00:00,EUR_USD,1.14037,none,none,0,842.0891,0.0,-1,no signal,37.53810047561681,58.683768258166516,1.1391270320536135,1.1391806429230789,1.14102,1.13968
2026-09-25T14:23:34.479270+00:00,GBP_USD,1.32496,none,none,0,841.3088,2329.0,-1,no signal,41.772354908857984,54.55205121738068,1.3237676338597384,1.3245674183316412,1.32638,1.32436
2026-09-25T14:39:03.182763+00:00,XAU_USD,4266.075,none,none,0,833.1291,-3.0,-1,no signal,28.29435378433509,30.659992877222336,4285.92601132607,4289.141844771533,4314.355,4254.58
2026-09-25T14:39:04.817194+00:00,EUR_USD,1.13974,none,none,0,833.331,0.0,-1,no signal,36.094873355338976,50.46162120276208,1.1391510700118672,1.1391848475888393,1.14102,1.13963
2026-09-25T14:39:06.156172+00:00,GBP_USD,1.3241,none,none,0,833.089,2329.0,-1,no signal,39.2062261920889,46.45230230688222,1.323780667826858,1.3245654215017497,1.32638,1.32411
2026-09-25T14:53:44.808028+00:00,XAU_USD,4273.275,none,none,0,824.1561,-3.0,-1,no signal,29.13972258553745,38.4364440000415,4285.429893231928,4288.97467637334,4309.49,4254.58
2026-09-25T14:53:45.246132+00:00,EUR_USD,1.1398,none,none,0,823.8647,0.0,-1,no signal,34.52777431115418,51.1634124397728,1.1391765182466531,1.139190832400724,1.14102,1.13963
2026-09-25T14:53:45.718076+00:00,GBP_USD,1.32428,none,none,0,824.7083,2329.0,-1,no signal,36.61414523715293,48.18635910696336,1.3238002494804926,1.3245619009486589,1.32638,1.32407
2026-09-25T15:06:36.081643+00:00,XAU_USD,4279.265,none,none,0,814.6448,-3.0,-1,no signal,28.72975930317531,44.05750626441088,4285.188132711265,4288.872448238355,4309.49,4254.58
2026-09-25T15:06:38.042268+00:00,EUR_USD,1.14022,none,none,0,814.6897,0.0,-1,no signal,33.852944303739875,55.875650185767846,1.1392174390996612,1.139200868712904,1.14086,1.13963
2026-09-25T15:06:38.743842+00:00,GBP_USD,1.32452,none,none,0,814.1063,0.0,-1,no signal,35.09234155409481,50.48860192030557,1.3238284749903342,1.3245591701940895,1.32638,1.32396
2026-09-25T15:24:28.226075+00:00,XAU_USD,4280.23,none,none,0,820.344,-3.0,-1,no signal,28.07583144975776,44.929866779085366,4284.993696161203,4288.8718612662415,4309.49,4254.58
2026-09-25T15:24:28.564496+00:00,EUR_USD,1.1397,none,none,0,820.2318,0.0,-1,no signal,32.76199118415427,49.5064824037462,1.1392363630543338,1.139198825650436,1.14086,1.13963
2026-09-25T15:24:31.052561+00:00,GBP_USD,1.32364,sell,sell,-6857,820.2318,0.0,-1,sell order FILLED (margin-capped size),33.096161795796675,42.952428961087776,1.3238210838117603,1.3245421299794786,1.32638,1.32396
2026-09-25T15:38:37.492994+00:00,XAU_USD,4279.83,none,none,0,819.3949,-3.0,-1,no signal,27.629119991433356,44.619272093464,4284.791198273052,4288.783559815892,4309.49,4254.58
2026-09-25T15:38:37.684884+00:00,EUR_USD,1.13968,none,none,0,819.6716,0.0,-1,no signal,31.61565086698377,49.27384055038182,1.139253760581829,1.1392042939930578,1.14086,1.13956
2026-09-25T15:38:38.021341+00:00,GBP_USD,1.32403,none,none,0,819.6716,-6857.0,-1,no signal,31.242566305948408,46.74622949240549,1.3238292766040984,1.3245390757732343,1.32638,1.32328
2026-09-25T15:51:03.649966+00:00,XAU_USD,4275.06,none,none,0,835.4414,-3.0,-1,no signal,26.544815701044406,40.98108204297389,4284.409582679151,4288.725404976682,4309.045,4254.58
2026-09-25T15:51:04.054460+00:00,EUR_USD,1.1391,sell,sell,-2930,835.4414,0.0,-1,sell order FILLED (margin-capped size),29.57266935317361,42.967865592259905,1.1392477307547264,1.1392020993270302,1.14072,1.13952
2026-09-25T15:51:04.398566+00:00,GBP_USD,1.32336,none,none,0,835.2174,-6857.0,-1,no signal,29.059752034322297,41.62487165591087,1.3238108736005723,1.3245291130751757,1.32638,1.32328
2026-09-25T16:00:33.963431+00:00,XAU_USD,4291.285,none,none,0,780.7954,0.0,-1,no signal,24.789034476388444,54.55487481632488,4284.679206895108,4288.774079934768,4309.045,4254.58
2026-09-25T16:00:34.913300+00:00,EUR_USD,1.14001,none,none,0,780.7954,0.0,-1,no signal,28.666229167718875,53.10778796437636,1.139277623664701,1.1392050341035782,1.14072,1.13904
2026-09-25T16:00:36.321554+00:00,GBP_USD,1.3248,none,none,0,780.7954,0.0,-1,no signal,27.627067847942918,53.43317574652817,1.3238496628695118,1.32452663637753,1.32638,1.32328
2026-09-25T16:20:06.195026+00:00,XAU_USD,4290.375,none,none,0,780.7954,0.0,-1,no signal,23.89792160508738,53.807405459219304,4284.902571338574,4288.815393560621,4299.395,4254.58
2026-09-25T16:20:08.055828+00:00,EUR_USD,1.14072,none,none,0,780.7954,0.0,-1,no signal,27.74866438579642,59.20246343301473,1.13933418744123,1.1392158890545798,1.14072,1.1386
2026-09-25T16:20:08.619398+00:00,GBP_USD,1.32595,none,none,0,780.7954,0.0,-1,no signal,27.024776262069132,60.3339614561947,1.3239320290299728,1.324535967378785,1.32638,1.32293
2026-09-25T16:35:50.334336+00:00,XAU_USD,4292.135,none,none,0,780.7954,0.0,-1,no signal,22.758259539702102,55.08905125771171,4285.18619598626,4288.83028812879,4300.395,4254.58
2026-09-25T16:35:50.534098+00:00,EUR_USD,1.13983,none,none,0,780.7954,0.0,-1,no signal,25.84477427479582,50.365564081198784,1.1393536310714563,1.139223496795179,1.14112,1.1386
2026-09-25T16:35:52.571216+00:00,GBP_USD,1.32521,none,none,0,780.7954,0.0,-1,no signal,26.354039579127452,54.715107549682955,1.3239821455389649,1.324543831085889,1.32627,1.32293
2026-09-25T16:50:26.102923+00:00,XAU_USD,4287.215,none,none,0,780.7954,0.0,-1,no signal,21.210364934052627,50.84228966702816,4285.265756921804,4288.794582084491,4300.395,4254.58
2026-09-25T16:50:26.306646+00:00,EUR_USD,1.1395,none,none,0,780.7954,0.0,-1,no signal,24.491888119061908,47.53248149433208,1.1393593710292886,1.139225771694145,1.14112,1.1386
2026-09-25T16:50:29.934062+00:00,GBP_USD,1.32451,none,none,0,780.7954,0.0,-1,no signal,24.948488072440007,49.97398795763079,1.32400284571318,1.3245411806284613,1.32627,1.32293
2026-09-25T16:59:43.691911+00:00,XAU_USD,4287.215,none,none,0,780.7954,0.0,-1,no signal,21.210364934052627,50.84228966702816,4285.265756921804,4288.794582084491,4300.395,4254.58
2026-09-25T16:59:44.132743+00:00,EUR_USD,1.1395,none,none,0,780.7954,0.0,-1,no signal,24.491888119061908,47.53248149433208,1.1393593710292886,1.139225771694145,1.14112,1.1386
2026-09-25T16:59:44.823281+00:00,GBP_USD,1.32451,none,none,0,780.7954,0.0,-1,no signal,24.948488072440007,49.97398795763079,1.32400284571318,1.3245411806284613,1.32627,1.32293
2026-09-25T17:16:50.186431+00:00,XAU_USD,4291.365,none,none,0,780.7954,0.0,-1,no signal,18.88479507658526,54.236983876214104,4285.552953627455,4288.818225955386,4300.395,4254.58
2026-09-25T17:16:50.532058+00:00,EUR_USD,1.13902,none,none,0,780.7954,0.0,-1,no signal,22.47733733318414,43.55342993420897,1.1393419415007866,1.1392266339210793,1.14112,1.1386
2026-09-25T17:16:51.049557+00:00,GBP_USD,1.32425,none,none,0,780.7954,0.0,-1,no signal,21.647337654634676,48.29989402552488,1.3240218502717152,1.3245345135283135,1.32627,1.32293
2026-09-25T17:31:34.660936+00:00,XAU_USD,4286.48,none,none,0,780.7954,0.0,-1,no signal,18.02796499021794,49.89692960068084,4285.58930838683,4288.793905191352,4300.395,4259.93
2026-09-25T17:31:35.023740+00:00,EUR_USD,1.13894,none,none,0,780.7954,0.0,-1,no signal,21.80739992020076,42.88418564841355,1.1393261790899756,1.1392269123177488,1.14112,1.1386
2026-09-25T17:31:36.210690+00:00,GBP_USD,1.32414,none,none,0,780.7954,0.0,-1,no signal,20.164423239936802,47.51882359133813,1.3240264835956774,1.3245346712494648,1.32627,1.32293
2026-09-25T17:46:21.409334+00:00,XAU_USD,4285.745,none,none,0,780.7954,0.0,-1,no signal,17.003293956028493,49.25824561814349,4285.595413933944,4288.743389870144,4300.395,4262.71
2026-09-25T17:46:23.397218+00:00,EUR_USD,1.13916,none,none,0,780.7954,0.0,-1,no signal,20.735199418169138,45.370231020207015,1.1393196622621902,1.1392239326938352,1.14112,1.1386
2026-09-25T17:46:24.487139+00:00,GBP_USD,1.32464,none,none,0,780.7954,0.0,-1,no signal,19.39915932104413,51.368495589601274,1.3240505430612937,1.324531840229283,1.32627,1.32293
2026-09-25T17:57:13.426725+00:00,XAU_USD,4285.745,none,none,0,780.7954,0.0,-1,no signal,17.003293956028493,49.25824561814349,4285.595413933944,4288.743389870144,4300.395,4262.71
2026-09-25T17:57:13.609794+00:00,EUR_USD,1.13916,none,none,0,780.7954,0.0,-1,no signal,20.735199418169138,45.370231020207015,1.1393196622621902,1.1392239326938352,1.14112,1.1386
2026-09-25T17:57:13.878922+00:00,GBP_USD,1.32464,none,none,0,780.7954,0.0,-1,no signal,19.39915932104413,51.368495589601274,1.3240505430612937,1.324531840229283,1.32627,1.32293
2026-09-25T18:15:06.149682+00:00,XAU_USD,4284.87,none,none,0,780.7954,0.0,-1,no signal,15.168296338679026,48.6465912709591,4285.483305973015,4288.627474326573,4300.395,4270.06
2026-09-25T18:15:09.755323+00:00,EUR_USD,1.13924,none,none,0,780.7954,0.0,-1,no signal,18.727335051631947,46.49464199606443,1.1393082618572903,1.1392220428421345,1.14112,1.1386
2026-09-25T18:15:15.028910+00:00,GBP_USD,1.32454,none,none,0,780.7954,0.0,-1,no signal,18.028712200986327,50.69643842371557,1.324075368662941,1.32453139992867,1.32627,1.32293
2026-09-25T18:32:27.442595+00:00,XAU_USD,4287.565,none,none,0,780.7954,0.0,-1,no signal,14.468487099446653,51.30288708369093,4285.5649410443875,4288.653447341336,4300.395,4270.06
2026-09-25T18:32:27.583774+00:00,EUR_USD,1.13945,none,none,0,780.7954,0.0,-1,no signal,17.662548711503028,49.026113888532635,1.1393138202147368,1.1392208403279998,1.14112,1.1386
2026-09-25T18:32:27.741529+00:00,GBP_USD,1.32482,none,none,0,780.7954,0.0,-1,no signal,18.099680704756754,52.842528302945446,1.3241045698903047,1.3245293716964965,1.32627,1.32293
2026-09-25T18:47:25.756197+00:00,XAU_USD,4291.79,none,none,0,780.7954,0.0,-1,no signal,14.346018052037843,55.21401416000327,4285.809061008128,4288.699594632903,4300.395,4270.06
2026-09-25T18:47:26.872828+00:00,EUR_USD,1.13988,none,none,0,780.7954,0.0,-1,no signal,17.54439591254472,53.84180374076406,1.1393360233447472,1.1392311420905263,1.14112,1.1386
2026-09-25T18:47:27.212701+00:00,GBP_USD,1.32518,none,none,0,780.7954,0.0,-1,no signal,18.61448552824265,55.52313404573366,1.3241467436221939,1.3245425148838261,1.32627,1.32293
2026-09-25T18:59:04.593227+00:00,XAU_USD,4291.79,none,none,0,780.7954,0.0,-1,no signal,14.346018052037843,55.21401416000327,4285.809061008128,4288.699594632903,4300.395,4270.06
2026-09-25T18:59:04.889045+00:00,EUR_USD,1.13988,none,none,0,780.7954,0.0,-1,no signal,17.54439591254472,53.84180374076406,1.1393360233447472,1.1392311420905263,1.14112,1.1386
2026-09-25T18:59:05.171853+00:00,GBP_USD,1.32518,none,none,0,780.7954,0.0,-1,no signal,18.61448552824265,55.52313404573366,1.3241467436221939,1.3245425148838261,1.32627,1.32293
2026-09-25T19:14:50.609637+00:00,XAU_USD,4294.91,none,none,0,780.7954,0.0,-1,no signal,14.494626418529785,57.902848157189624,4286.165960562464,4288.716950570039,4300.395,4270.06
2026-09-25T19:14:50.955832+00:00,EUR_USD,1.13994,none,none,0,780.7954,0.0,-1,no signal,17.6547849090734,54.48791157564797,1.1393597087032201,1.139236426003871,1.14112,1.1386
2026-09-25T19:14:51.314136+00:00,GBP_USD,1.32516,none,none,0,780.7954,0.0,-1,no signal,19.092518578622403,55.334945107210565,1.324186479166208,1.3245479784761856,1.32627,1.32293
2026-09-25T19:28:12.194664+00:00,XAU_USD,4296.82,none,none,0,780.7954,0.0,-1,no signal,14.261862373818545,59.50564967316057,4286.583766006554,4288.721085439586,4300.395,4279.4
2026-09-25T19:28:12.623681+00:00,EUR_USD,1.14002,none,none,0,780.7954,0.0,-1,no signal,17.256484231702302,55.384646200896995,1.1393856024799718,1.1392455157825345,1.14112,1.13874
2026-09-25T19:28:13.390706+00:00,GBP_USD,1.32538,none,none,0,780.7954,0.0,-1,no signal,19.129297665767506,57.05907081192567,1.3242332839063067,1.3245610891181787,1.32627,1.32386
2026-09-25T19:41:22.103488+00:00,XAU_USD,4288.875,none,none,0,780.7954,0.0,-1,no signal,13.930529555056888,50.83528249522095,4286.6736183200655,4288.722753035381,4297.315,4279.4
2026-09-25T19:41:22.442902+00:00,EUR_USD,1.13976,none,none,0,780.7954,0.0,-1,no signal,16.88663360271488,51.811649324229364,1.139400284735295,1.1392494781136273,1.14071,1.13874
2026-09-25T19:41:22.635254+00:00,GBP_USD,1.32503,none,none,0,780.7954,0.0,-1,no signal,19.163449675259386,53.51955699883639,1.3242645276756926,1.3245689534273977,1.32594,1.32386
2026-09-25T19:52:58.302070+00:00,XAU_USD,4292.685,none,none,0,780.7954,0.0,-1,no signal,13.600183699124404,54.27592812597847,4286.909358783559,4288.779532101117,4297.315,4279.4
2026-09-25T19:52:59.189194+00:00,EUR_USD,1.13977,none,none,0,780.7954,0.0,-1,no signal,16.739954481382266,51.940070816667706,1.139414783373833,1.1392569032117708,1.14009,1.13874
2026-09-25T19:53:00.054305+00:00,GBP_USD,1.32534,none,none,0,780.7954,0.0,-1,no signal,19.071782844686567,56.11613921318795,1.3243067030620723,1.324580164330973,1.32542,1.32386
2026-09-25T20:03:58.259949+00:00,XAU_USD,4291.175,none,none,0,780.7954,0.0,-1,no signal,13.314414622512109,52.70177036109109,4287.076638836182,4288.819019980031,4297.315,4279.555
2026-09-25T20:03:58.876934+00:00,EUR_USD,1.13953,none,none,0,780.7954,0.0,-1,no signal,16.0583601929451,48.59299721272952,1.1394193016733047,1.1392609136152316,1.14013,1.13874
2026-09-25T20:03:59.068523+00:00,GBP_USD,1.32494,none,none,0,780.7954,0.0,-1,no signal,18.908819271058665,52.07378862940332,1.3243315382379486,1.3245895974134752,1.32547,1.32386
2026-09-25T20:19:46.148299+00:00,XAU_USD,4290.66,none,none,0,780.7954,0.0,-1,no signal,13.049057622800683,52.146276497830904,4287.217162803275,4288.836963893201,4297.315,4279.555
2026-09-25T20:19:46.535029+00:00,EUR_USD,1.13935,none,none,0,780.7954,0.0,-1,no signal,14.964412836336514,46.188930166724155,1.1394165839601131,1.1392601667553635,1.14013,1.13874
2026-09-25T20:19:47.588504+00:00,GBP_USD,1.32466,none,none,0,780.7954,0.0,-1,no signal,18.048205323264074,49.391642799923765,1.324344419090464,1.3245874396764974,1.32547,1.32403
2026-09-25T20:34:07.547777+00:00,XAU_USD,4287.45,none,none,0,780.7954,0.0,-1,no signal,12.1831182430069,48.70062697806397,4287.226293674653,4288.8260895714875,4297.315,4279.555
2026-09-25T20:34:07.901982+00:00,EUR_USD,1.13924,none,none,0,780.7954,0.0,-1,no signal,14.231879297963033,44.73246344077983,1.1394096590987606,1.1392594216606118,1.14013,1.13874
2026-09-25T20:34:08.238803+00:00,GBP_USD,1.32444,none,none,0,780.7954,0.0,-1,no signal,16.759526496112166,47.32892787697063,1.3243481673615327,1.3245863128841138,1.32547,1.32403
2026-09-25T20:47:50.440160+00:00,XAU_USD,4284.85,none,none,0,780.7954,0.0,-1,no signal,11.670367067014254,46.046640265904784,4287.133105700923,4288.829502475295,4297.315,4279.555
2026-09-25T20:47:50.892436+00:00,EUR_USD,1.13934,none,none,0,780.7954,0.0,-1,no signal,13.3812827939829,46.38754853867525,1.1394069273705532,1.1392638983411376,1.14013,1.13874
2026-09-25T20:47:51.380079+00:00,GBP_USD,1.32464,none,none,0,780.7954,0.0,-1,no signal,15.789832105107878,49.3978617327342,1.3243596117799472,1.3245907261517216,1.32547,1.32403
2026-09-25T20:58:07.819463+00:00,XAU_USD,4284.85,none,none,0,780.7954,0.0,-1,no signal,11.670367067014254,46.046640265904784,4287.133105700923,4288.829502475295,4297.315,4279.555
2026-09-25T20:58:08.002313+00:00,EUR_USD,1.13934,none,none,0,780.7954,0.0,-1,no signal,13.3812827939829,46.38754853867525,1.1394069273705532,1.1392638983411376,1.14013,1.13874
2026-09-25T20:58:08.284466+00:00,GBP_USD,1.32464,none,none,0,780.7954,0.0,-1,no signal,15.789832105107878,49.3978617327342,1.3243596117799472,1.3245907261517216,1.32547,1.32403
2026-09-25T21:15:08.584028+00:00,XAU_USD,4284.97,none,none,0,780.7954,0.0,-1,no signal,11.292210273362786,46.19238755817378,4287.048278026377,4288.79109946559,4297.315,4282.12
2026-09-25T21:15:08.785576+00:00,EUR_USD,1.13911,none,none,0,780.7954,0.0,-1,no signal,13.069748241188922,43.18431381431516,1.1393952831599432,1.1392623670143602,1.14013,1.13896
2026-09-25T21:15:09.133469+00:00,GBP_USD,1.32455,none,none,0,780.7954,0.0,-1,no signal,14.749684666797767,48.475098367813,1.3243670779846552,1.3245903209163812,1.32547,1.3241
2026-09-25T21:29:39.337121+00:00,XAU_USD,4284.97,none,none,0,780.7954,0.0,-1,no signal,11.292210273362786,46.19238755817378,4287.048278026377,4288.79109946559,4297.315,4282.12
2026-09-25T21:29:39.529504+00:00,EUR_USD,1.13911,none,none,0,780.7954,0.0,-1,no signal,13.069748241188922,43.18431381431516,1.1393952831599432,1.1392623670143602,1.14013,1.13896
2026-09-25T21:29:39.837225+00:00,GBP_USD,1.32455,none,none,0,780.7954,0.0,-1,no signal,14.749684666797767,48.475098367813,1.3243670779846552,1.3245903209163812,1.32547,1.3241
2026-09-25T21:44:27.466201+00:00,XAU_USD,4284.97,none,none,0,780.7954,0.0,-1,no signal,11.292210273362786,46.19238755817378,4287.048278026377,4288.79109946559,4297.315,4282.12
2026-09-25T21:44:27.732306+00:00,EUR_USD,1.13911,none,none,0,780.7954,0.0,-1,no signal,13.069748241188922,43.18431381431516,1.1393952831599432,1.1392623670143602,1.14013,1.13896
2026-09-25T21:44:27.901463+00:00,GBP_USD,1.32455,none,none,0,780.7954,0.0,-1,no signal,14.749684666797767,48.475098367813,1.3243670779846552,1.3245903209163812,1.32547,1.3241
2026-09-25T21:55:37.973436+00:00,XAU_USD,4284.97,none,none,0,780.7954,0.0,-1,no signal,11.292210273362786,46.19238755817378,4287.048278026377,4288.79109946559,4297.315,4282.12
2026-09-25T21:55:38.278824+00:00,EUR_USD,1.13911,none,none,0,780.7954,0.0,-1,no signal,13.069748241188922,43.18431381431516,1.1393952831599432,1.1392623670143602,1.14013,1.13896
2026-09-25T21:55:38.698439+00:00,GBP_USD,1.32455,none,none,0,780.7954,0.0,-1,no signal,14.749684666797767,48.475098367813,1.3243670779846552,1.3245903209163812,1.32547,1.3241
2026-09-25T22:09:30.027991+00:00,XAU_USD,4284.97,none,none,0,780.7954,0.0,-1,no signal,11.292210273362786,46.19238755817378,4287.048278026377,4288.79109946559,4297.315,4282.12
2026-09-25T22:09:30.523188+00:00,EUR_USD,1.13911,none,none,0,780.7954,0.0,-1,no signal,13.069748241188922,43.18431381431516,1.1393952831599432,1.1392623670143602,1.14013,1.13896
2026-09-25T22:09:30.875174+00:00,GBP_USD,1.32455,none,none,0,780.7954,0.0,-1,no signal,14.749684666797767,48.475098367813,1.3243670779846552,1.3245903209163812,1.32547,1.3241
2026-09-25T22:24:51.317370+00:00,XAU_USD,4284.97,none,none,0,780.7954,0.0,-1,no signal,11.292210273362786,46.19238755817378,4287.048278026377,4288.79109946559,4297.315,4282.12
2026-09-25T22:24:51.630989+00:00,EUR_USD,1.13911,none,none,0,780.7954,0.0,-1,no signal,13.069748241188922,43.18431381431516,1.1393952831599432,1.1392623670143602,1.14013,1.13896
2026-09-25T22:24:51.960942+00:00,GBP_USD,1.32455,none,none,0,780.7954,0.0,-1,no signal,14.749684666797767,48.475098367813,1.3243670779846552,1.3245903209163812,1.32547,1.3241
2026-09-25T22:38:20.645339+00:00,XAU_USD,4284.97,none,none,0,780.7954,0.0,-1,no signal,11.292210273362786,46.19238755817378,4287.048278026377,4288.79109946559,4297.315,4282.12
2026-09-25T22:38:21.754351+00:00,EUR_USD,1.13911,none,none,0,780.7954,0.0,-1,no signal,13.069748241188922,43.18431381431516,1.1393952831599432,1.1392623670143602,1.14013,1.13896
2026-09-25T22:38:21.987799+00:00,GBP_USD,1.32455,none,none,0,780.7954,0.0,-1,no signal,14.749684666797767,48.475098367813,1.3243670779846552,1.3245903209163812,1.32547,1.3241
2026-09-25T22:50:31.460093+00:00,XAU_USD,4284.97,none,none,0,780.7954,0.0,-1,no signal,11.292210273362786,46.19238755817378,4287.048278026377,4288.79109946559,4297.315,4282.12
2026-09-25T22:50:31.662600+00:00,EUR_USD,1.13911,none,none,0,780.7954,0.0,-1,no signal,13.069748241188922,43.18431381431516,1.1393952831599432,1.1392623670143602,1.14013,1.13896
2026-09-25T22:50:32.067956+00:00,GBP_USD,1.32455,none,none,0,780.7954,0.0,-1,no signal,14.749684666797767,48.475098367813,1.3243670779846552,1.3245903209163812,1.32547,1.3241
2026-09-25T22:59:55.253897+00:00,XAU_USD,4284.97,none,none,0,780.7954,0.0,-1,no signal,11.292210273362786,46.19238755817378,4287.048278026377,4288.79109946559,4297.315,4282.12
2026-09-25T22:59:55.608722+00:00,EUR_USD,1.13911,none,none,0,780.7954,0.0,-1,no signal,13.069748241188922,43.18431381431516,1.1393952831599432,1.1392623670143602,1.14013,1.13896
2026-09-25T22:59:55.966221+00:00,GBP_USD,1.32455,none,none,0,780.7954,0.0,-1,no signal,14.749684666797767,48.475098367813,1.3243670779846552,1.3245903209163812,1.32547,1.3241
2026-09-25T23:15:56.880460+00:00,XAU_USD,4284.97,none,none,0,780.7954,0.0,-1,no signal,11.292210273362786,46.19238755817378,4287.048278026377,4288.79109946559,4297.315,4282.12
2026-09-25T23:15:57.043806+00:00,EUR_USD,1.13911,none,none,0,780.7954,0.0,-1,no signal,13.069748241188922,43.18431381431516,1.1393952831599432,1.1392623670143602,1.14013,1.13896
2026-09-25T23:15:57.237892+00:00,GBP_USD,1.32455,none,none,0,780.7954,0.0,-1,no signal,14.749684666797767,48.475098367813,1.3243670779846552,1.3245903209163812,1.32547,1.3241
2026-09-25T23:28:44.987136+00:00,XAU_USD,4284.97,none,none,0,780.7954,0.0,-1,no signal,11.292210273362786,46.19238755817378,4287.048278026377,4288.79109946559,4297.315,4282.12
2026-09-25T23:28:45.421137+00:00,EUR_USD,1.13911,none,none,0,780.7954,0.0,-1,no signal,13.069748241188922,43.18431381431516,1.1393952831599432,1.1392623670143602,1.14013,1.13896
2026-09-25T23:28:45.767495+00:00,GBP_USD,1.32455,none,none,0,780.7954,0.0,-1,no signal,14.749684666797767,48.475098367813,1.3243670779846552,1.3245903209163812,1.32547,1.3241
2026-09-25T23:41:44.968502+00:00,XAU_USD,4284.97,none,none,0,780.7954,0.0,-1,no signal,11.292210273362786,46.19238755817378,4287.048278026377,4288.79109946559,4297.315,4282.12
2026-09-25T23:41:45.747786+00:00,EUR_USD,1.13911,none,none,0,780.7954,0.0,-1,no signal,13.069748241188922,43.18431381431516,1.1393952831599432,1.1392623670143602,1.14013,1.13896
2026-09-25T23:41:46.125848+00:00,GBP_USD,1.32455,none,none,0,780.7954,0.0,-1,no signal,14.749684666797767,48.475098367813,1.3243670779846552,1.3245903209163812,1.32547,1.3241
2026-09-25T23:52:01.663200+00:00,XAU_USD,4284.97,none,none,0,780.7954,0.0,-1,no signal,11.292210273362786,46.19238755817378,4287.048278026377,4288.79109946559,4297.315,4282.12
2026-09-25T23:52:01.853918+00:00,EUR_USD,1.13911,none,none,0,780.7954,0.0,-1,no signal,13.069748241188922,43.18431381431516,1.1393952831599432,1.1392623670143602,1.14013,1.13896
2026-09-25T23:52:02.571277+00:00,GBP_USD,1.32455,none,none,0,780.7954,0.0,-1,no signal,14.749684666797767,48.475098367813,1.3243670779846552,1.3245903209163812,1.32547,1.3241
2026-09-26T00:03:05.178785+00:00,XAU_USD,4284.97,none,none,0,780.7954,0.0,-1,no signal,11.292210273362786,46.19238755817378,4287.048278026377,4288.79109946559,4297.315,4282.12
2026-09-26T00:03:05.860953+00:00,EUR_USD,1.13911,none,none,0,780.7954,0.0,-1,no signal,13.069748241188922,43.18431381431516,1.1393952831599432,1.1392623670143602,1.14013,1.13896
2026-09-26T00:03:06.218833+00:00,GBP_USD,1.32455,none,none,0,780.7954,0.0,-1,no signal,14.749684666797767,48.475098367813,1.3243670779846552,1.3245903209163812,1.32547,1.3241
2026-09-26T00:26:20.928667+00:00,XAU_USD,4284.97,none,none,0,780.7954,0.0,-1,no signal,11.292210273362786,46.19238755817378,4287.048278026377,4288.79109946559,4297.315,4282.12
2026-09-26T00:26:21.158305+00:00,EUR_USD,1.13911,none,none,0,780.7954,0.0,-1,no signal,13.069748241188922,43.18431381431516,1.1393952831599432,1.1392623670143602,1.14013,1.13896
2026-09-26T00:26:21.365385+00:00,GBP_USD,1.32455,none,none,0,780.7954,0.0,-1,no signal,14.749684666797767,48.475098367813,1.3243670779846552,1.3245903209163812,1.32547,1.3241
2026-09-26T00:45:04.667013+00:00,XAU_USD,4284.97,none,none,0,780.7954,0.0,-1,no signal,11.292210273362786,46.19238755817378,4287.048278026377,4288.79109946559,4297.315,4282.12
2026-09-26T00:45:04.899928+00:00,EUR_USD,1.13911,none,none,0,780.7954,0.0,-1,no signal,13.069748241188922,43.18431381431516,1.1393952831599432,1.1392623670143602,1.14013,1.13896
2026-09-26T00:45:05.066464+00:00,GBP_USD,1.32455,none,none,0,780.7954,0.0,-1,no signal,14.749684666797767,48.475098367813,1.3243670779846552,1.3245903209163812,1.32547,1.3241
2026-09-26T00:57:31.456922+00:00,XAU_USD,4284.97,none,none,0,780.7954,0.0,-1,no signal,11.292210273362786,46.19238755817378,4287.048278026377,4288.79109946559,4297.315,4282.12
2026-09-26T00:57:31.872816+00:00,EUR_USD,1.13911,none,none,0,780.7954,0.0,-1,no signal,13.069748241188922,43.18431381431516,1.1393952831599432,1.1392623670143602,1.14013,1.13896
2026-09-26T00:57:32.316933+00:00,GBP_USD,1.32455,none,none,0,780.7954,0.0,-1,no signal,14.749684666797767,48.475098367813,1.3243670779846552,1.3245903209163812,1.32547,1.3241
2026-09-26T01:11:45.064923+00:00,XAU_USD,4284.97,none,none,0,780.7954,0.0,-1,no signal,11.292210273362786,46.19238755817378,4287.048278026377,4288.79109946559,4297.315,4282.12
2026-09-26T01:11:45.245178+00:00,EUR_USD,1.13911,none,none,0,780.7954,0.0,-1,no signal,13.069748241188922,43.18431381431516,1.1393952831599432,1.1392623670143602,1.14013,1.13896
2026-09-26T01:11:45.433756+00:00,GBP_USD,1.32455,none,none,0,780.7954,0.0,-1,no signal,14.749684666797767,48.475098367813,1.3243670779846552,1.3245903209163812,1.32547,1.3241
2026-09-26T01:26:09.704337+00:00,XAU_USD,4284.97,none,none,0,780.7954,0.0,-1,no signal,11.292210273362786,46.19238755817378,4287.048278026377,4288.79109946559,4297.315,4282.12
2026-09-26T01:26:10.089579+00:00,EUR_USD,1.13911,none,none,0,780.7954,0.0,-1,no signal,13.069748241188922,43.18431381431516,1.1393952831599432,1.1392623670143602,1.14013,1.13896
2026-09-26T01:26:10.272523+00:00,GBP_USD,1.32455,none,none,0,780.7954,0.0,-1,no signal,14.749684666797767,48.475098367813,1.3243670779846552,1.3245903209163812,1.32547,1.3241
2026-09-26T01:39:30.179448+00:00,XAU_USD,4284.97,none,none,0,780.7954,0.0,-1,no signal,11.292210273362786,46.19238755817378,4287.048278026377,4288.79109946559,4297.315,4282.12
2026-09-26T01:39:30.806463+00:00,EUR_USD,1.13911,none,none,0,780.7954,0.0,-1,no signal,13.069748241188922,43.18431381431516,1.1393952831599432,1.1392623670143602,1.14013,1.13896
2026-09-26T01:39:31.147837+00:00,GBP_USD,1.32455,none,none,0,780.7954,0.0,-1,no signal,14.749684666797767,48.475098367813,1.3243670779846552,1.3245903209163812,1.32547,1.3241
2026-09-26T01:51:23.194733+00:00,XAU_USD,4284.97,none,none,0,780.7954,0.0,-1,no signal,11.292210273362786,46.19238755817378,4287.048278026377,4288.79109946559,4297.315,4282.12
2026-09-26T01:51:23.739733+00:00,EUR_USD,1.13911,none,none,0,780.7954,0.0,-1,no signal,13.069748241188922,43.18431381431516,1.1393952831599432,1.1392623670143602,1.14013,1.13896
2026-09-26T01:51:24.250813+00:00,GBP_USD,1.32455,none,none,0,780.7954,0.0,-1,no signal,14.749684666797767,48.475098367813,1.3243670779846552,1.3245903209163812,1.32547,1.3241
2026-09-26T02:01:06.280000+00:00,XAU_USD,4284.97,none,none,0,780.7954,0.0,-1,no signal,11.292210273362786,46.19238755817378,4287.048278026377,4288.79109946559,4297.315,4282.12
2026-09-26T02:01:06.776043+00:00,EUR_USD,1.13911,none,none,0,780.7954,0.0,-1,no signal,13.069748241188922,43.18431381431516,1.1393952831599432,1.1392623670143602,1.14013,1.13896
2026-09-26T02:01:07.087964+00:00,GBP_USD,1.32455,none,none,0,780.7954,0.0,-1,no signal,14.749684666797767,48.475098367813,1.3243670779846552,1.3245903209163812,1.32547,1.3241
2026-09-26T02:18:21.185243+00:00,XAU_USD,4284.97,none,none,0,780.7954,0.0,-1,no signal,11.292210273362786,46.19238755817378,4287.048278026377,4288.79109946559,4297.315,4282.12
2026-09-26T02:18:21.393162+00:00,EUR_USD,1.13911,none,none,0,780.7954,0.0,-1,no signal,13.069748241188922,43.18431381431516,1.1393952831599432,1.1392623670143602,1.14013,1.13896
2026-09-26T02:18:21.619793+00:00,GBP_USD,1.32455,none,none,0,780.7954,0.0,-1,no signal,14.749684666797767,48.475098367813,1.3243670779846552,1.3245903209163812,1.32547,1.3241
2026-09-26T02:32:31.251221+00:00,XAU_USD,4284.97,none,none,0,780.7954,0.0,-1,no signal,11.292210273362786,46.19238755817378,4287.048278026377,4288.79109946559,4297.315,4282.12
2026-09-26T02:32:31.714807+00:00,EUR_USD,1.13911,none,none,0,780.7954,0.0,-1,no signal,13.069748241188922,43.18431381431516,1.1393952831599432,1.1392623670143602,1.14013,1.13896
2026-09-26T02:32:32.151666+00:00,GBP_USD,1.32455,none,none,0,780.7954,0.0,-1,no signal,14.749684666797767,48.475098367813,1.3243670779846552,1.3245903209163812,1.32547,1.3241
2026-09-26T02:45:17.898329+00:00,XAU_USD,4284.97,none,none,0,780.7954,0.0,-1,no signal,11.292210273362786,46.19238755817378,4287.048278026377,4288.79109946559,4297.315,4282.12
2026-09-26T02:45:18.096434+00:00,EUR_USD,1.13911,none,none,0,780.7954,0.0,-1,no signal,13.069748241188922,43.18431381431516,1.1393952831599432,1.1392623670143602,1.14013,1.13896
2026-09-26T02:45:18.645869+00:00,GBP_USD,1.32455,none,none,0,780.7954,0.0,-1,no signal,14.749684666797767,48.475098367813,1.3243670779846552,1.3245903209163812,1.32547,1.3241
2026-09-26T02:56:24.925894+00:00,XAU_USD,4284.97,none,none,0,780.7954,0.0,-1,no signal,11.292210273362786,46.19238755817378,4287.048278026377,4288.79109946559,4297.315,4282.12
2026-09-26T02:56:25.106471+00:00,EUR_USD,1.13911,none,none,0,780.7954,0.0,-1,no signal,13.069748241188922,43.18431381431516,1.1393952831599432,1.1392623670143602,1.14013,1.13896
2026-09-26T02:56:25.456964+00:00,GBP_USD,1.32455,none,none,0,780.7954,0.0,-1,no signal,14.749684666797767,48.475098367813,1.3243670779846552,1.3245903209163812,1.32547,1.3241
2026-09-26T03:11:05.265160+00:00,XAU_USD,4284.97,none,none,0,780.7954,0.0,-1,no signal,11.292210273362786,46.19238755817378,4287.048278026377,4288.79109946559,4297.315,4282.12
2026-09-26T03:11:05.565284+00:00,EUR_USD,1.13911,none,none,0,780.7954,0.0,-1,no signal,13.069748241188922,43.18431381431516,1.1393952831599432,1.1392623670143602,1.14013,1.13896
2026-09-26T03:11:05.947652+00:00,GBP_USD,1.32455,none,none,0,780.7954,0.0,-1,no signal,14.749684666797767,48.475098367813,1.3243670779846552,1.3245903209163812,1.32547,1.3241
2026-09-26T03:26:30.720682+00:00,XAU_USD,4284.97,none,none,0,780.7954,0.0,-1,no signal,11.292210273362786,46.19238755817378,4287.048278026377,4288.79109946559,4297.315,4282.12
2026-09-26T03:26:30.977551+00:00,EUR_USD,1.13911,none,none,0,780.7954,0.0,-1,no signal,13.069748241188922,43.18431381431516,1.1393952831599432,1.1392623670143602,1.14013,1.13896
2026-09-26T03:26:31.188403+00:00,GBP_USD,1.32455,none,none,0,780.7954,0.0,-1,no signal,14.749684666797767,48.475098367813,1.3243670779846552,1.3245903209163812,1.32547,1.3241
2026-09-26T03:41:08.046436+00:00,XAU_USD,4284.97,none,none,0,780.7954,0.0,-1,no signal,11.292210273362786,46.19238755817378,4287.048278026377,4288.79109946559,4297.315,4282.12
2026-09-26T03:41:08.239915+00:00,EUR_USD,1.13911,none,none,0,780.7954,0.0,-1,no signal,13.069748241188922,43.18431381431516,1.1393952831599432,1.1392623670143602,1.14013,1.13896
2026-09-26T03:41:08.521070+00:00,GBP_USD,1.32455,none,none,0,780.7954,0.0,-1,no signal,14.749684666797767,48.475098367813,1.3243670779846552,1.3245903209163812,1.32547,1.3241
2026-09-26T03:52:23.507489+00:00,XAU_USD,4284.97,none,none,0,780.7954,0.0,-1,no signal,11.292210273362786,46.19238755817378,4287.048278026377,4288.79109946559,4297.315,4282.12
2026-09-26T03:52:23.728247+00:00,EUR_USD,1.13911,none,none,0,780.7954,0.0,-1,no signal,13.069748241188922,43.18431381431516,1.1393952831599432,1.1392623670143602,1.14013,1.13896
2026-09-26T03:52:23.996157+00:00,GBP_USD,1.32455,none,none,0,780.7954,0.0,-1,no signal,14.749684666797767,48.475098367813,1.3243670779846552,1.3245903209163812,1.32547,1.3241
2026-09-26T04:03:17.178700+00:00,XAU_USD,4284.97,none,none,0,780.7954,0.0,-1,no signal,11.292210273362786,46.19238755817378,4287.048278026377,4288.79109946559,4297.315,4282.12
2026-09-26T04:03:17.337559+00:00,EUR_USD,1.13911,none,none,0,780.7954,0.0,-1,no signal,13.069748241188922,43.18431381431516,1.1393952831599432,1.1392623670143602,1.14013,1.13896
2026-09-26T04:03:18.349078+00:00,GBP_USD,1.32455,none,none,0,780.7954,0.0,-1,no signal,14.749684666797767,48.475098367813,1.3243670779846552,1.3245903209163812,1.32547,1.3241
2026-09-26T04:20:31.644366+00:00,XAU_USD,4284.97,none,none,0,780.7954,0.0,-1,no signal,11.292210273362786,46.19238755817378,4287.048278026377,4288.79109946559,4297.315,4282.12
2026-09-26T04:20:31.991941+00:00,EUR_USD,1.13911,none,none,0,780.7954,0.0,-1,no signal,13.069748241188922,43.18431381431516,1.1393952831599432,1.1392623670143602,1.14013,1.13896
2026-09-26T04:20:32.374196+00:00,GBP_USD,1.32455,none,none,0,780.7954,0.0,-1,no signal,14.749684666797767,48.475098367813,1.3243670779846552,1.3245903209163812,1.32547,1.3241
2026-09-26T04:34:41.308443+00:00,XAU_USD,4284.97,none,none,0,780.7954,0.0,-1,no signal,11.292210273362786,46.19238755817378,4287.048278026377,4288.79109946559,4297.315,4282.12
2026-09-26T04:34:41.492883+00:00,EUR_USD,1.13911,none,none,0,780.7954,0.0,-1,no signal,13.069748241188922,43.18431381431516,1.1393952831599432,1.1392623670143602,1.14013,1.13896
2026-09-26T04:34:41.817426+00:00,GBP_USD,1.32455,none,none,0,780.7954,0.0,-1,no signal,14.749684666797767,48.475098367813,1.3243670779846552,1.3245903209163812,1.32547,1.3241
2026-09-26T04:47:09.305072+00:00,XAU_USD,4284.97,none,none,0,780.7954,0.0,-1,no signal,11.292210273362786,46.19238755817378,4287.048278026377,4288.79109946559,4297.315,4282.12
2026-09-26T04:47:09.496240+00:00,EUR_USD,1.13911,none,none,0,780.7954,0.0,-1,no signal,13.069748241188922,43.18431381431516,1.1393952831599432,1.1392623670143602,1.14013,1.13896
2026-09-26T04:47:09.714203+00:00,GBP_USD,1.32455,none,none,0,780.7954,0.0,-1,no signal,14.749684666797767,48.475098367813,1.3243670779846552,1.3245903209163812,1.32547,1.3241
2026-09-26T04:56:49.159447+00:00,XAU_USD,4284.97,none,none,0,780.7954,0.0,-1,no signal,11.292210273362786,46.19238755817378,4287.048278026377,4288.79109946559,4297.315,4282.12
2026-09-26T04:56:49.557942+00:00,EUR_USD,1.13911,none,none,0,780.7954,0.0,-1,no signal,13.069748241188922,43.18431381431516,1.1393952831599432,1.1392623670143602,1.14013,1.13896
2026-09-26T04:56:49.938147+00:00,GBP_USD,1.32455,none,none,0,780.7954,0.0,-1,no signal,14.749684666797767,48.475098367813,1.3243670779846552,1.3245903209163812,1.32547,1.3241
2026-09-26T05:11:21.997922+00:00,XAU_USD,4284.97,none,none,0,780.7954,0.0,-1,no signal,11.292210273362786,46.19238755817378,4287.048278026377,4288.79109946559,4297.315,4282.12
2026-09-26T05:11:22.885834+00:00,EUR_USD,1.13911,none,none,0,780.7954,0.0,-1,no signal,13.069748241188922,43.18431381431516,1.1393952831599432,1.1392623670143602,1.14013,1.13896
2026-09-26T05:11:23.383557+00:00,GBP_USD,1.32455,none,none,0,780.7954,0.0,-1,no signal,14.749684666797767,48.475098367813,1.3243670779846552,1.3245903209163812,1.32547,1.3241
2026-09-26T05:25:47.654973+00:00,XAU_USD,4284.97,none,none,0,780.7954,0.0,-1,no signal,11.292210273362786,46.19238755817378,4287.048278026377,4288.79109946559,4297.315,4282.12
2026-09-26T05:25:48.057437+00:00,EUR_USD,1.13911,none,none,0,780.7954,0.0,-1,no signal,13.069748241188922,43.18431381431516,1.1393952831599432,1.1392623670143602,1.14013,1.13896
2026-09-26T05:25:48.403341+00:00,GBP_USD,1.32455,none,none,0,780.7954,0.0,-1,no signal,14.749684666797767,48.475098367813,1.3243670779846552,1.3245903209163812,1.32547,1.3241
2026-09-26T05:39:18.454837+00:00,XAU_USD,4284.97,none,none,0,780.7954,0.0,-1,no signal,11.292210273362786,46.19238755817378,4287.048278026377,4288.79109946559,4297.315,4282.12
2026-09-26T05:39:18.642131+00:00,EUR_USD,1.13911,none,none,0,780.7954,0.0,-1,no signal,13.069748241188922,43.18431381431516,1.1393952831599432,1.1392623670143602,1.14013,1.13896
2026-09-26T05:39:18.956438+00:00,GBP_USD,1.32455,none,none,0,780.7954,0.0,-1,no signal,14.749684666797767,48.475098367813,1.3243670779846552,1.3245903209163812,1.32547,1.3241
2026-09-26T05:50:37.987033+00:00,XAU_USD,4284.97,none,none,0,780.7954,0.0,-1,no signal,11.292210273362786,46.19238755817378,4287.048278026377,4288.79109946559,4297.315,4282.12
2026-09-26T05:50:38.234222+00:00,EUR_USD,1.13911,none,none,0,780.7954,0.0,-1,no signal,13.069748241188922,43.18431381431516,1.1393952831599432,1.1392623670143602,1.14013,1.13896
2026-09-26T05:50:38.421071+00:00,GBP_USD,1.32455,none,none,0,780.7954,0.0,-1,no signal,14.749684666797767,48.475098367813,1.3243670779846552,1.3245903209163812,1.32547,1.3241
2026-09-26T06:00:27.521855+00:00,XAU_USD,4284.97,none,none,0,780.7954,0.0,-1,no signal,11.292210273362786,46.19238755817378,4287.048278026377,4288.79109946559,4297.315,4282.12
2026-09-26T06:00:27.692153+00:00,EUR_USD,1.13911,none,none,0,780.7954,0.0,-1,no signal,13.069748241188922,43.18431381431516,1.1393952831599432,1.1392623670143602,1.14013,1.13896
2026-09-26T06:00:27.843013+00:00,GBP_USD,1.32455,none,none,0,780.7954,0.0,-1,no signal,14.749684666797767,48.475098367813,1.3243670779846552,1.3245903209163812,1.32547,1.3241
2026-09-26T06:22:42.174647+00:00,XAU_USD,4284.97,none,none,0,780.7954,0.0,-1,no signal,11.292210273362786,46.19238755817378,4287.048278026377,4288.79109946559,4297.315,4282.12
2026-09-26T06:22:43.071162+00:00,EUR_USD,1.13911,none,none,0,780.7954,0.0,-1,no signal,13.069748241188922,43.18431381431516,1.1393952831599432,1.1392623670143602,1.14013,1.13896
2026-09-26T06:22:43.456175+00:00,GBP_USD,1.32455,none,none,0,780.7954,0.0,-1,no signal,14.749684666797767,48.475098367813,1.3243670779846552,1.3245903209163812,1.32547,1.3241
2026-09-26T06:40:20.912442+00:00,XAU_USD,4284.97,none,none,0,780.7954,0.0,-1,no signal,11.292210273362786,46.19238755817378,4287.048278026377,4288.79109946559,4297.315,4282.12
2026-09-26T06:40:21.816664+00:00,EUR_USD,1.13911,none,none,0,780.7954,0.0,-1,no signal,13.069748241188922,43.18431381431516,1.1393952831599432,1.1392623670143602,1.14013,1.13896
2026-09-26T06:40:22.150815+00:00,GBP_USD,1.32455,none,none,0,780.7954,0.0,-1,no signal,14.749684666797767,48.475098367813,1.3243670779846552,1.3245903209163812,1.32547,1.3241
2026-09-26T06:54:24.711220+00:00,XAU_USD,4284.97,none,none,0,780.7954,0.0,-1,no signal,11.292210273362786,46.19238755817378,4287.048278026377,4288.79109946559,4297.315,4282.12
2026-09-26T06:54:25.058507+00:00,EUR_USD,1.13911,none,none,0,780.7954,0.0,-1,no signal,13.069748241188922,43.18431381431516,1.1393952831599432,1.1392623670143602,1.14013,1.13896
2026-09-26T06:54:25.556782+00:00,GBP_USD,1.32455,none,none,0,780.7954,0.0,-1,no signal,14.749684666797767,48.475098367813,1.3243670779846552,1.3245903209163812,1.32547,1.3241
2026-09-26T07:07:10.115569+00:00,XAU_USD,4284.97,none,none,0,780.7954,0.0,-1,no signal,11.292210273362786,46.19238755817378,4287.048278026377,4288.79109946559,4297.315,4282.12
2026-09-26T07:07:10.483712+00:00,EUR_USD,1.13911,none,none,0,780.7954,0.0,-1,no signal,13.069748241188922,43.18431381431516,1.1393952831599432,1.1392623670143602,1.14013,1.13896
2026-09-26T07:07:10.841763+00:00,GBP_USD,1.32455,none,none,0,780.7954,0.0,-1,no signal,14.749684666797767,48.475098367813,1.3243670779846552,1.3245903209163812,1.32547,1.3241
2026-09-26T07:22:07.516855+00:00,XAU_USD,4284.97,none,none,0,780.7954,0.0,-1,no signal,11.292210273362786,46.19238755817378,4287.048278026377,4288.79109946559,4297.315,4282.12
2026-09-26T07:22:07.844019+00:00,EUR_USD,1.13911,none,none,0,780.7954,0.0,-1,no signal,13.069748241188922,43.18431381431516,1.1393952831599432,1.1392623670143602,1.14013,1.13896
2026-09-26T07:22:08.046305+00:00,GBP_USD,1.32455,none,none,0,780.7954,0.0,-1,no signal,14.749684666797767,48.475098367813,1.3243670779846552,1.3245903209163812,1.32547,1.3241
2026-09-26T07:34:19.004156+00:00,XAU_USD,4284.97,none,none,0,780.7954,0.0,-1,no signal,11.292210273362786,46.19238755817378,4287.048278026377,4288.79109946559,4297.315,4282.12
2026-09-26T07:34:19.215827+00:00,EUR_USD,1.13911,none,none,0,780.7954,0.0,-1,no signal,13.069748241188922,43.18431381431516,1.1393952831599432,1.1392623670143602,1.14013,1.13896
2026-09-26T07:34:19.461003+00:00,GBP_USD,1.32455,none,none,0,780.7954,0.0,-1,no signal,14.749684666797767,48.475098367813,1.3243670779846552,1.3245903209163812,1.32547,1.3241
2026-09-26T07:46:12.358677+00:00,XAU_USD,4284.97,none,none,0,780.7954,0.0,-1,no signal,11.292210273362786,46.19238755817378,4287.048278026377,4288.79109946559,4297.315,4282.12
2026-09-26T07:46:12.514556+00:00,EUR_USD,1.13911,none,none,0,780.7954,0.0,-1,no signal,13.069748241188922,43.18431381431516,1.1393952831599432,1.1392623670143602,1.14013,1.13896
2026-09-26T07:46:12.652484+00:00,GBP_USD,1.32455,none,none,0,780.7954,0.0,-1,no signal,14.749684666797767,48.475098367813,1.3243670779846552,1.3245903209163812,1.32547,1.3241
2026-09-26T07:56:07.814246+00:00,XAU_USD,4284.97,none,none,0,780.7954,0.0,-1,no signal,11.292210273362786,46.19238755817378,4287.048278026377,4288.79109946559,4297.315,4282.12
2026-09-26T07:56:08.021024+00:00,EUR_USD,1.13911,none,none,0,780.7954,0.0,-1,no signal,13.069748241188922,43.18431381431516,1.1393952831599432,1.1392623670143602,1.14013,1.13896
2026-09-26T07:56:08.283187+00:00,GBP_USD,1.32455,none,none,0,780.7954,0.0,-1,no signal,14.749684666797767,48.475098367813,1.3243670779846552,1.3245903209163812,1.32547,1.3241
2026-09-26T08:11:02.836161+00:00,XAU_USD,4284.97,none,none,0,780.7954,0.0,-1,no signal,11.292210273362786,46.19238755817378,4287.048278026377,4288.79109946559,4297.315,4282.12
2026-09-26T08:11:03.745907+00:00,EUR_USD,1.13911,none,none,0,780.7954,0.0,-1,no signal,13.069748241188922,43.18431381431516,1.1393952831599432,1.1392623670143602,1.14013,1.13896
2026-09-26T08:11:04.202655+00:00,GBP_USD,1.32455,none,none,0,780.7954,0.0,-1,no signal,14.749684666797767,48.475098367813,1.3243670779846552,1.3245903209163812,1.32547,1.3241
2026-09-26T08:27:38.380922+00:00,XAU_USD,4284.97,none,none,0,780.7954,0.0,-1,no signal,11.292210273362786,46.19238755817378,4287.048278026377,4288.79109946559,4297.315,4282.12
2026-09-26T08:27:38.735731+00:00,EUR_USD,1.13911,none,none,0,780.7954,0.0,-1,no signal,13.069748241188922,43.18431381431516,1.1393952831599432,1.1392623670143602,1.14013,1.13896
2026-09-26T08:27:39.197360+00:00,GBP_USD,1.32455,none,none,0,780.7954,0.0,-1,no signal,14.749684666797767,48.475098367813,1.3243670779846552,1.3245903209163812,1.32547,1.3241
2026-09-26T08:42:07.455931+00:00,XAU_USD,4284.97,none,none,0,780.7954,0.0,-1,no signal,11.292210273362786,46.19238755817378,4287.048278026377,4288.79109946559,4297.315,4282.12
2026-09-26T08:42:07.805240+00:00,EUR_USD,1.13911,none,none,0,780.7954,0.0,-1,no signal,13.069748241188922,43.18431381431516,1.1393952831599432,1.1392623670143602,1.14013,1.13896
2026-09-26T08:42:08.348063+00:00,GBP_USD,1.32455,none,none,0,780.7954,0.0,-1,no signal,14.749684666797767,48.475098367813,1.3243670779846552,1.3245903209163812,1.32547,1.3241
2026-09-26T08:53:17.525851+00:00,XAU_USD,4284.97,none,none,0,780.7954,0.0,-1,no signal,11.292210273362786,46.19238755817378,4287.048278026377,4288.79109946559,4297.315,4282.12
2026-09-26T08:53:17.842971+00:00,EUR_USD,1.13911,none,none,0,780.7954,0.0,-1,no signal,13.069748241188922,43.18431381431516,1.1393952831599432,1.1392623670143602,1.14013,1.13896
2026-09-26T08:53:18.420205+00:00,GBP_USD,1.32455,none,none,0,780.7954,0.0,-1,no signal,14.749684666797767,48.475098367813,1.3243670779846552,1.3245903209163812,1.32547,1.3241
2026-09-26T09:04:48.101292+00:00,XAU_USD,4284.97,none,none,0,780.7954,0.0,-1,no signal,11.292210273362786,46.19238755817378,4287.048278026377,4288.79109946559,4297.315,4282.12
2026-09-26T09:04:48.524379+00:00,EUR_USD,1.13911,none,none,0,780.7954,0.0,-1,no signal,13.069748241188922,43.18431381431516,1.1393952831599432,1.1392623670143602,1.14013,1.13896
2026-09-26T09:04:49.553356+00:00,GBP_USD,1.32455,none,none,0,780.7954,0.0,-1,no signal,14.749684666797767,48.475098367813,1.3243670779846552,1.3245903209163812,1.32547,1.3241
2026-09-26T09:20:47.468585+00:00,XAU_USD,4284.97,none,none,0,780.7954,0.0,-1,no signal,11.292210273362786,46.19238755817378,4287.048278026377,4288.79109946559,4297.315,4282.12
2026-09-26T09:20:48.298482+00:00,EUR_USD,1.13911,none,none,0,780.7954,0.0,-1,no signal,13.069748241188922,43.18431381431516,1.1393952831599432,1.1392623670143602,1.14013,1.13896
2026-09-26T09:20:48.576180+00:00,GBP_USD,1.32455,none,none,0,780.7954,0.0,-1,no signal,14.749684666797767,48.475098367813,1.3243670779846552,1.3245903209163812,1.32547,1.3241
2026-09-26T09:33:23.364199+00:00,XAU_USD,4284.97,none,none,0,780.7954,0.0,-1,no signal,11.292210273362786,46.19238755817378,4287.048278026377,4288.79109946559,4297.315,4282.12
2026-09-26T09:33:23.553475+00:00,EUR_USD,1.13911,none,none,0,780.7954,0.0,-1,no signal,13.069748241188922,43.18431381431516,1.1393952831599432,1.1392623670143602,1.14013,1.13896
2026-09-26T09:33:23.982609+00:00,GBP_USD,1.32455,none,none,0,780.7954,0.0,-1,no signal,14.749684666797767,48.475098367813,1.3243670779846552,1.3245903209163812,1.32547,1.3241
2026-09-26T09:45:13.327555+00:00,XAU_USD,4284.97,none,none,0,780.7954,0.0,-1,no signal,11.292210273362786,46.19238755817378,4287.048278026377,4288.79109946559,4297.315,4282.12
2026-09-26T09:45:14.704242+00:00,EUR_USD,1.13911,none,none,0,780.7954,0.0,-1,no signal,13.069748241188922,43.18431381431516,1.1393952831599432,1.1392623670143602,1.14013,1.13896
2026-09-26T09:45:16.188867+00:00,GBP_USD,1.32455,none,none,0,780.7954,0.0,-1,no signal,14.749684666797767,48.475098367813,1.3243670779846552,1.3245903209163812,1.32547,1.3241
2026-09-26T09:54:43.212069+00:00,XAU_USD,4284.97,none,none,0,780.7954,0.0,-1,no signal,11.292210273362786,46.19238755817378,4287.048278026377,4288.79109946559,4297.315,4282.12
2026-09-26T09:54:43.519655+00:00,EUR_USD,1.13911,none,none,0,780.7954,0.0,-1,no signal,13.069748241188922,43.18431381431516,1.1393952831599432,1.1392623670143602,1.14013,1.13896
2026-09-26T09:54:44.140541+00:00,GBP_USD,1.32455,none,none,0,780.7954,0.0,-1,no signal,14.749684666797767,48.475098367813,1.3243670779846552,1.3245903209163812,1.32547,1.3241
2026-09-26T10:07:43.053493+00:00,XAU_USD,4284.97,none,none,0,780.7954,0.0,-1,no signal,11.292210273362786,46.19238755817378,4287.048278026377,4288.79109946559,4297.315,4282.12
2026-09-26T10:07:43.793912+00:00,EUR_USD,1.13911,none,none,0,780.7954,0.0,-1,no signal,13.069748241188922,43.18431381431516,1.1393952831599432,1.1392623670143602,1.14013,1.13896
2026-09-26T10:07:43.951929+00:00,GBP_USD,1.32455,none,none,0,780.7954,0.0,-1,no signal,14.749684666797767,48.475098367813,1.3243670779846552,1.3245903209163812,1.32547,1.3241
2026-09-26T10:22:07.713784+00:00,XAU_USD,4284.97,none,none,0,780.7954,0.0,-1,no signal,11.292210273362786,46.19238755817378,4287.048278026377,4288.79109946559,4297.315,4282.12
2026-09-26T10:22:08.058444+00:00,EUR_USD,1.13911,none,none,0,780.7954,0.0,-1,no signal,13.069748241188922,43.18431381431516,1.1393952831599432,1.1392623670143602,1.14013,1.13896
2026-09-26T10:22:08.843506+00:00,GBP_USD,1.32455,none,none,0,780.7954,0.0,-1,no signal,14.749684666797767,48.475098367813,1.3243670779846552,1.3245903209163812,1.32547,1.3241
2026-09-26T10:34:43.749644+00:00,XAU_USD,4284.97,none,none,0,780.7954,0.0,-1,no signal,11.292210273362786,46.19238755817378,4287.048278026377,4288.79109946559,4297.315,4282.12
2026-09-26T10:34:43.961326+00:00,EUR_USD,1.13911,none,none,0,780.7954,0.0,-1,no signal,13.069748241188922,43.18431381431516,1.1393952831599432,1.1392623670143602,1.14013,1.13896
2026-09-26T10:34:44.246802+00:00,GBP_USD,1.32455,none,none,0,780.7954,0.0,-1,no signal,14.749684666797767,48.475098367813,1.3243670779846552,1.3245903209163812,1.32547,1.3241
2026-09-26T10:45:51.366653+00:00,XAU_USD,4284.97,none,none,0,780.7954,0.0,-1,no signal,11.292210273362786,46.19238755817378,4287.048278026377,4288.79109946559,4297.315,4282.12
2026-09-26T10:45:51.539341+00:00,EUR_USD,1.13911,none,none,0,780.7954,0.0,-1,no signal,13.069748241188922,43.18431381431516,1.1393952831599432,1.1392623670143602,1.14013,1.13896
2026-09-26T10:45:51.719365+00:00,GBP_USD,1.32455,none,none,0,780.7954,0.0,-1,no signal,14.749684666797767,48.475098367813,1.3243670779846552,1.3245903209163812,1.32547,1.3241
2026-09-26T10:55:37.491348+00:00,XAU_USD,4284.97,none,none,0,780.7954,0.0,-1,no signal,11.292210273362786,46.19238755817378,4287.048278026377,4288.79109946559,4297.315,4282.12
2026-09-26T10:55:37.719353+00:00,EUR_USD,1.13911,none,none,0,780.7954,0.0,-1,no signal,13.069748241188922,43.18431381431516,1.1393952831599432,1.1392623670143602,1.14013,1.13896
2026-09-26T10:55:38.894619+00:00,GBP_USD,1.32455,none,none,0,780.7954,0.0,-1,no signal,14.749684666797767,48.475098367813,1.3243670779846552,1.3245903209163812,1.32547,1.3241
2026-09-26T11:09:11.564545+00:00,XAU_USD,4284.97,none,none,0,780.7954,0.0,-1,no signal,11.292210273362786,46.19238755817378,4287.048278026377,4288.79109946559,4297.315,4282.12
2026-09-26T11:09:11.835836+00:00,EUR_USD,1.13911,none,none,0,780.7954,0.0,-1,no signal,13.069748241188922,43.18431381431516,1.1393952831599432,1.1392623670143602,1.14013,1.13896
2026-09-26T11:09:12.094073+00:00,GBP_USD,1.32455,none,none,0,780.7954,0.0,-1,no signal,14.749684666797767,48.475098367813,1.3243670779846552,1.3245903209163812,1.32547,1.3241
2026-09-26T11:23:18.456452+00:00,XAU_USD,4284.97,none,none,0,780.7954,0.0,-1,no signal,11.292210273362786,46.19238755817378,4287.048278026377,4288.79109946559,4297.315,4282.12
2026-09-26T11:23:18.786444+00:00,EUR_USD,1.13911,none,none,0,780.7954,0.0,-1,no signal,13.069748241188922,43.18431381431516,1.1393952831599432,1.1392623670143602,1.14013,1.13896
2026-09-26T11:23:19.144419+00:00,GBP_USD,1.32455,none,none,0,780.7954,0.0,-1,no signal,14.749684666797767,48.475098367813,1.3243670779846552,1.3245903209163812,1.32547,1.3241
2026-09-26T11:35:48.222117+00:00,XAU_USD,4284.97,none,none,0,780.7954,0.0,-1,no signal,11.292210273362786,46.19238755817378,4287.048278026377,4288.79109946559,4297.315,4282.12
2026-09-26T11:35:48.639429+00:00,EUR_USD,1.13911,none,none,0,780.7954,0.0,-1,no signal,13.069748241188922,43.18431381431516,1.1393952831599432,1.1392623670143602,1.14013,1.13896
2026-09-26T11:35:49.050378+00:00,GBP_USD,1.32455,none,none,0,780.7954,0.0,-1,no signal,14.749684666797767,48.475098367813,1.3243670779846552,1.3245903209163812,1.32547,1.3241
2026-09-26T11:45:56.886104+00:00,XAU_USD,4284.97,none,none,0,780.7954,0.0,-1,no signal,11.292210273362786,46.19238755817378,4287.048278026377,4288.79109946559,4297.315,4282.12
2026-09-26T11:45:57.813813+00:00,EUR_USD,1.13911,none,none,0,780.7954,0.0,-1,no signal,13.069748241188922,43.18431381431516,1.1393952831599432,1.1392623670143602,1.14013,1.13896
2026-09-26T11:45:58.052938+00:00,GBP_USD,1.32455,none,none,0,780.7954,0.0,-1,no signal,14.749684666797767,48.475098367813,1.3243670779846552,1.3245903209163812,1.32547,1.3241
2026-09-26T11:55:40.435164+00:00,XAU_USD,4284.97,none,none,0,780.7954,0.0,-1,no signal,11.292210273362786,46.19238755817378,4287.048278026377,4288.79109946559,4297.315,4282.12
2026-09-26T11:55:40.595651+00:00,EUR_USD,1.13911,none,none,0,780.7954,0.0,-1,no signal,13.069748241188922,43.18431381431516,1.1393952831599432,1.1392623670143602,1.14013,1.13896
2026-09-26T11:55:41.013668+00:00,GBP_USD,1.32455,none,none,0,780.7954,0.0,-1,no signal,14.749684666797767,48.475098367813,1.3243670779846552,1.3245903209163812,1.32547,1.3241
2026-09-26T12:11:52.058170+00:00,XAU_USD,4284.97,none,none,0,780.7954,0.0,-1,no signal,11.292210273362786,46.19238755817378,4287.048278026377,4288.79109946559,4297.315,4282.12
2026-09-26T12:11:52.455705+00:00,EUR_USD,1.13911,none,none,0,780.7954,0.0,-1,no signal,13.069748241188922,43.18431381431516,1.1393952831599432,1.1392623670143602,1.14013,1.13896
2026-09-26T12:11:52.643690+00:00,GBP_USD,1.32455,none,none,0,780.7954,0.0,-1,no signal,14.749684666797767,48.475098367813,1.3243670779846552,1.3245903209163812,1.32547,1.3241
2026-09-26T12:31:12.814758+00:00,XAU_USD,4284.97,none,none,0,780.7954,0.0,-1,no signal,11.292210273362786,46.19238755817378,4287.048278026377,4288.79109946559,4297.315,4282.12
2026-09-26T12:31:12.950716+00:00,EUR_USD,1.13911,none,none,0,780.7954,0.0,-1,no signal,13.069748241188922,43.18431381431516,1.1393952831599432,1.1392623670143602,1.14013,1.13896
2026-09-26T12:31:13.131219+00:00,GBP_USD,1.32455,none,none,0,780.7954,0.0,-1,no signal,14.749684666797767,48.475098367813,1.3243670779846552,1.3245903209163812,1.32547,1.3241
2026-09-26T12:47:51.865707+00:00,XAU_USD,4284.97,none,none,0,780.7954,0.0,-1,no signal,11.292210273362786,46.19238755817378,4287.048278026377,4288.79109946559,4297.315,4282.12
2026-09-26T12:47:52.195871+00:00,EUR_USD,1.13911,none,none,0,780.7954,0.0,-1,no signal,13.069748241188922,43.18431381431516,1.1393952831599432,1.1392623670143602,1.14013,1.13896
2026-09-26T12:47:52.641855+00:00,GBP_USD,1.32455,none,none,0,780.7954,0.0,-1,no signal,14.749684666797767,48.475098367813,1.3243670779846552,1.3245903209163812,1.32547,1.3241
2026-09-26T12:58:29.316818+00:00,XAU_USD,4284.97,none,none,0,780.7954,0.0,-1,no signal,11.292210273362786,46.19238755817378,4287.048278026377,4288.79109946559,4297.315,4282.12
2026-09-26T12:58:30.002864+00:00,EUR_USD,1.13911,none,none,0,780.7954,0.0,-1,no signal,13.069748241188922,43.18431381431516,1.1393952831599432,1.1392623670143602,1.14013,1.13896
2026-09-26T12:58:30.225887+00:00,GBP_USD,1.32455,none,none,0,780.7954,0.0,-1,no signal,14.749684666797767,48.475098367813,1.3243670779846552,1.3245903209163812,1.32547,1.3241
2026-09-26T13:14:22.284868+00:00,XAU_USD,4284.97,none,none,0,780.7954,0.0,-1,no signal,11.292210273362786,46.19238755817378,4287.048278026377,4288.79109946559,4297.315,4282.12
2026-09-26T13:14:22.866464+00:00,EUR_USD,1.13911,none,none,0,780.7954,0.0,-1,no signal,13.069748241188922,43.18431381431516,1.1393952831599432,1.1392623670143602,1.14013,1.13896
2026-09-26T13:14:23.207847+00:00,GBP_USD,1.32455,none,none,0,780.7954,0.0,-1,no signal,14.749684666797767,48.475098367813,1.3243670779846552,1.3245903209163812,1.32547,1.3241
2026-09-26T13:27:23.837988+00:00,XAU_USD,4284.97,none,none,0,780.7954,0.0,-1,no signal,11.292210273362786,46.19238755817378,4287.048278026377,4288.79109946559,4297.315,4282.12
2026-09-26T13:27:24.170216+00:00,EUR_USD,1.13911,none,none,0,780.7954,0.0,-1,no signal,13.069748241188922,43.18431381431516,1.1393952831599432,1.1392623670143602,1.14013,1.13896
2026-09-26T13:27:24.918961+00:00,GBP_USD,1.32455,none,none,0,780.7954,0.0,-1,no signal,14.749684666797767,48.475098367813,1.3243670779846552,1.3245903209163812,1.32547,1.3241
2026-09-26T13:40:17.144202+00:00,XAU_USD,4284.97,none,none,0,780.7954,0.0,-1,no signal,11.292210273362786,46.19238755817378,4287.048278026377,4288.79109946559,4297.315,4282.12
2026-09-26T13:40:17.837218+00:00,EUR_USD,1.13911,none,none,0,780.7954,0.0,-1,no signal,13.069748241188922,43.18431381431516,1.1393952831599432,1.1392623670143602,1.14013,1.13896
2026-09-26T13:40:18.467208+00:00,GBP_USD,1.32455,none,none,0,780.7954,0.0,-1,no signal,14.749684666797767,48.475098367813,1.3243670779846552,1.3245903209163812,1.32547,1.3241
2026-09-26T13:50:24.042044+00:00,XAU_USD,4284.97,none,none,0,780.7954,0.0,-1,no signal,11.292210273362786,46.19238755817378,4287.048278026377,4288.79109946559,4297.315,4282.12
2026-09-26T13:50:24.553016+00:00,EUR_USD,1.13911,none,none,0,780.7954,0.0,-1,no signal,13.069748241188922,43.18431381431516,1.1393952831599432,1.1392623670143602,1.14013,1.13896
2026-09-26T13:50:25.796964+00:00,GBP_USD,1.32455,none,none,0,780.7954,0.0,-1,no signal,14.749684666797767,48.475098367813,1.3243670779846552,1.3245903209163812,1.32547,1.3241
2026-09-26T13:59:46.526368+00:00,XAU_USD,4284.97,none,none,0,780.7954,0.0,-1,no signal,11.292210273362786,46.19238755817378,4287.048278026377,4288.79109946559,4297.315,4282.12
2026-09-26T13:59:46.867070+00:00,EUR_USD,1.13911,none,none,0,780.7954,0.0,-1,no signal,13.069748241188922,43.18431381431516,1.1393952831599432,1.1392623670143602,1.14013,1.13896
2026-09-26T13:59:47.152039+00:00,GBP_USD,1.32455,none,none,0,780.7954,0.0,-1,no signal,14.749684666797767,48.475098367813,1.3243670779846552,1.3245903209163812,1.32547,1.3241
2026-09-26T14:16:49.665754+00:00,XAU_USD,4284.97,none,none,0,780.7954,0.0,-1,no signal,11.292210273362786,46.19238755817378,4287.048278026377,4288.79109946559,4297.315,4282.12
2026-09-26T14:16:49.952121+00:00,EUR_USD,1.13911,none,none,0,780.7954,0.0,-1,no signal,13.069748241188922,43.18431381431516,1.1393952831599432,1.1392623670143602,1.14013,1.13896
2026-09-26T14:16:50.267822+00:00,GBP_USD,1.32455,none,none,0,780.7954,0.0,-1,no signal,14.749684666797767,48.475098367813,1.3243670779846552,1.3245903209163812,1.32547,1.3241
2026-09-26T14:31:19.670806+00:00,XAU_USD,4284.97,none,none,0,780.7954,0.0,-1,no signal,11.292210273362786,46.19238755817378,4287.048278026377,4288.79109946559,4297.315,4282.12
2026-09-26T14:31:20.298560+00:00,EUR_USD,1.13911,none,none,0,780.7954,0.0,-1,no signal,13.069748241188922,43.18431381431516,1.1393952831599432,1.1392623670143602,1.14013,1.13896
2026-09-26T14:31:20.700127+00:00,GBP_USD,1.32455,none,none,0,780.7954,0.0,-1,no signal,14.749684666797767,48.475098367813,1.3243670779846552,1.3245903209163812,1.32547,1.3241
2026-09-26T14:44:15.467951+00:00,XAU_USD,4284.97,none,none,0,780.7954,0.0,-1,no signal,11.292210273362786,46.19238755817378,4287.048278026377,4288.79109946559,4297.315,4282.12
2026-09-26T14:44:16.436072+00:00,EUR_USD,1.13911,none,none,0,780.7954,0.0,-1,no signal,13.069748241188922,43.18431381431516,1.1393952831599432,1.1392623670143602,1.14013,1.13896
2026-09-26T14:44:16.744916+00:00,GBP_USD,1.32455,none,none,0,780.7954,0.0,-1,no signal,14.749684666797767,48.475098367813,1.3243670779846552,1.3245903209163812,1.32547,1.3241
2026-09-26T14:54:18.372544+00:00,XAU_USD,4284.97,none,none,0,780.7954,0.0,-1,no signal,11.292210273362786,46.19238755817378,4287.048278026377,4288.79109946559,4297.315,4282.12
2026-09-26T14:54:18.586615+00:00,EUR_USD,1.13911,none,none,0,780.7954,0.0,-1,no signal,13.069748241188922,43.18431381431516,1.1393952831599432,1.1392623670143602,1.14013,1.13896
2026-09-26T14:54:18.790408+00:00,GBP_USD,1.32455,none,none,0,780.7954,0.0,-1,no signal,14.749684666797767,48.475098367813,1.3243670779846552,1.3245903209163812,1.32547,1.3241
2026-09-26T15:06:45.826641+00:00,XAU_USD,4284.97,none,none,0,780.7954,0.0,-1,no signal,11.292210273362786,46.19238755817378,4287.048278026377,4288.79109946559,4297.315,4282.12
2026-09-26T15:06:46.039413+00:00,EUR_USD,1.13911,none,none,0,780.7954,0.0,-1,no signal,13.069748241188922,43.18431381431516,1.1393952831599432,1.1392623670143602,1.14013,1.13896
2026-09-26T15:06:46.223159+00:00,GBP_USD,1.32455,none,none,0,780.7954,0.0,-1,no signal,14.749684666797767,48.475098367813,1.3243670779846552,1.3245903209163812,1.32547,1.3241
2026-09-26T15:21:59.996218+00:00,XAU_USD,4284.97,none,none,0,780.7954,0.0,-1,no signal,11.292210273362786,46.19238755817378,4287.048278026377,4288.79109946559,4297.315,4282.12
2026-09-26T15:22:00.553636+00:00,EUR_USD,1.13911,none,none,0,780.7954,0.0,-1,no signal,13.069748241188922,43.18431381431516,1.1393952831599432,1.1392623670143602,1.14013,1.13896
2026-09-26T15:22:01.326574+00:00,GBP_USD,1.32455,none,none,0,780.7954,0.0,-1,no signal,14.749684666797767,48.475098367813,1.3243670779846552,1.3245903209163812,1.32547,1.3241
2026-09-26T15:36:17.445919+00:00,XAU_USD,4284.97,none,none,0,780.7954,0.0,-1,no signal,11.292210273362786,46.19238755817378,4287.048278026377,4288.79109946559,4297.315,4282.12
2026-09-26T15:36:17.935014+00:00,EUR_USD,1.13911,none,none,0,780.7954,0.0,-1,no signal,13.069748241188922,43.18431381431516,1.1393952831599432,1.1392623670143602,1.14013,1.13896
2026-09-26T15:36:18.358968+00:00,GBP_USD,1.32455,none,none,0,780.7954,0.0,-1,no signal,14.749684666797767,48.475098367813,1.3243670779846552,1.3245903209163812,1.32547,1.3241
2026-09-26T15:48:07.582847+00:00,XAU_USD,4284.97,none,none,0,780.7954,0.0,-1,no signal,11.292210273362786,46.19238755817378,4287.048278026377,4288.79109946559,4297.315,4282.12
2026-09-26T15:48:07.907479+00:00,EUR_USD,1.13911,none,none,0,780.7954,0.0,-1,no signal,13.069748241188922,43.18431381431516,1.1393952831599432,1.1392623670143602,1.14013,1.13896
2026-09-26T15:48:08.311232+00:00,GBP_USD,1.32455,none,none,0,780.7954,0.0,-1,no signal,14.749684666797767,48.475098367813,1.3243670779846552,1.3245903209163812,1.32547,1.3241
2026-09-26T15:57:53.584347+00:00,XAU_USD,4284.97,none,none,0,780.7954,0.0,-1,no signal,11.292210273362786,46.19238755817378,4287.048278026377,4288.79109946559,4297.315,4282.12
2026-09-26T15:57:54.131616+00:00,EUR_USD,1.13911,none,none,0,780.7954,0.0,-1,no signal,13.069748241188922,43.18431381431516,1.1393952831599432,1.1392623670143602,1.14013,1.13896
2026-09-26T15:57:54.477448+00:00,GBP_USD,1.32455,none,none,0,780.7954,0.0,-1,no signal,14.749684666797767,48.475098367813,1.3243670779846552,1.3245903209163812,1.32547,1.3241
2026-09-26T16:14:15.926617+00:00,XAU_USD,4284.97,none,none,0,780.7954,0.0,-1,no signal,11.292210273362786,46.19238755817378,4287.048278026377,4288.79109946559,4297.315,4282.12
2026-09-26T16:14:16.115130+00:00,EUR_USD,1.13911,none,none,0,780.7954,0.0,-1,no signal,13.069748241188922,43.18431381431516,1.1393952831599432,1.1392623670143602,1.14013,1.13896
2026-09-26T16:14:16.337180+00:00,GBP_USD,1.32455,none,none,0,780.7954,0.0,-1,no signal,14.749684666797767,48.475098367813,1.3243670779846552,1.3245903209163812,1.32547,1.3241
2026-09-26T16:29:42.911289+00:00,XAU_USD,4284.97,none,none,0,780.7954,0.0,-1,no signal,11.292210273362786,46.19238755817378,4287.048278026377,4288.79109946559,4297.315,4282.12
2026-09-26T16:29:43.114739+00:00,EUR_USD,1.13911,none,none,0,780.7954,0.0,-1,no signal,13.069748241188922,43.18431381431516,1.1393952831599432,1.1392623670143602,1.14013,1.13896
2026-09-26T16:29:43.287110+00:00,GBP_USD,1.32455,none,none,0,780.7954,0.0,-1,no signal,14.749684666797767,48.475098367813,1.3243670779846552,1.3245903209163812,1.32547,1.3241
2026-09-26T16:43:57.896302+00:00,XAU_USD,4284.97,none,none,0,780.7954,0.0,-1,no signal,11.292210273362786,46.19238755817378,4287.048278026377,4288.79109946559,4297.315,4282.12
2026-09-26T16:43:58.041268+00:00,EUR_USD,1.13911,none,none,0,780.7954,0.0,-1,no signal,13.069748241188922,43.18431381431516,1.1393952831599432,1.1392623670143602,1.14013,1.13896
2026-09-26T16:43:58.200686+00:00,GBP_USD,1.32455,none,none,0,780.7954,0.0,-1,no signal,14.749684666797767,48.475098367813,1.3243670779846552,1.3245903209163812,1.32547,1.3241
2026-09-26T16:54:50.232020+00:00,XAU_USD,4284.97,none,none,0,780.7954,0.0,-1,no signal,11.292210273362786,46.19238755817378,4287.048278026377,4288.79109946559,4297.315,4282.12
2026-09-26T16:54:50.602188+00:00,EUR_USD,1.13911,none,none,0,780.7954,0.0,-1,no signal,13.069748241188922,43.18431381431516,1.1393952831599432,1.1392623670143602,1.14013,1.13896
2026-09-26T16:54:51.008377+00:00,GBP_USD,1.32455,none,none,0,780.7954,0.0,-1,no signal,14.749684666797767,48.475098367813,1.3243670779846552,1.3245903209163812,1.32547,1.3241
2026-09-26T17:07:37.826186+00:00,XAU_USD,4284.97,none,none,0,780.7954,0.0,-1,no signal,11.292210273362786,46.19238755817378,4287.048278026377,4288.79109946559,4297.315,4282.12
2026-09-26T17:07:38.281755+00:00,EUR_USD,1.13911,none,none,0,780.7954,0.0,-1,no signal,13.069748241188922,43.18431381431516,1.1393952831599432,1.1392623670143602,1.14013,1.13896
2026-09-26T17:07:38.656424+00:00,GBP_USD,1.32455,none,none,0,780.7954,0.0,-1,no signal,14.749684666797767,48.475098367813,1.3243670779846552,1.3245903209163812,1.32547,1.3241
2026-09-26T17:21:40.181360+00:00,XAU_USD,4284.97,none,none,0,780.7954,0.0,-1,no signal,11.292210273362786,46.19238755817378,4287.048278026377,4288.79109946559,4297.315,4282.12
2026-09-26T17:21:42.910664+00:00,EUR_USD,1.13911,none,none,0,780.7954,0.0,-1,no signal,13.069748241188922,43.18431381431516,1.1393952831599432,1.1392623670143602,1.14013,1.13896
2026-09-26T17:21:43.398724+00:00,GBP_USD,1.32455,none,none,0,780.7954,0.0,-1,no signal,14.749684666797767,48.475098367813,1.3243670779846552,1.3245903209163812,1.32547,1.3241
2026-09-26T17:34:34.880864+00:00,XAU_USD,4284.97,none,none,0,780.7954,0.0,-1,no signal,11.292210273362786,46.19238755817378,4287.048278026377,4288.79109946559,4297.315,4282.12
2026-09-26T17:34:35.197695+00:00,EUR_USD,1.13911,none,none,0,780.7954,0.0,-1,no signal,13.069748241188922,43.18431381431516,1.1393952831599432,1.1392623670143602,1.14013,1.13896
2026-09-26T17:34:36.890697+00:00,GBP_USD,1.32455,none,none,0,780.7954,0.0,-1,no signal,14.749684666797767,48.475098367813,1.3243670779846552,1.3245903209163812,1.32547,1.3241
2026-09-26T17:46:08.249320+00:00,XAU_USD,4284.97,none,none,0,780.7954,0.0,-1,no signal,11.292210273362786,46.19238755817378,4287.048278026377,4288.79109946559,4297.315,4282.12
2026-09-26T17:46:08.636424+00:00,EUR_USD,1.13911,none,none,0,780.7954,0.0,-1,no signal,13.069748241188922,43.18431381431516,1.1393952831599432,1.1392623670143602,1.14013,1.13896
2026-09-26T17:46:09.040200+00:00,GBP_USD,1.32455,none,none,0,780.7954,0.0,-1,no signal,14.749684666797767,48.475098367813,1.3243670779846552,1.3245903209163812,1.32547,1.3241
2026-09-26T17:55:34.759826+00:00,XAU_USD,4284.97,none,none,0,780.7954,0.0,-1,no signal,11.292210273362786,46.19238755817378,4287.048278026377,4288.79109946559,4297.315,4282.12
2026-09-26T17:55:35.026086+00:00,EUR_USD,1.13911,none,none,0,780.7954,0.0,-1,no signal,13.069748241188922,43.18431381431516,1.1393952831599432,1.1392623670143602,1.14013,1.13896
2026-09-26T17:55:35.396937+00:00,GBP_USD,1.32455,none,none,0,780.7954,0.0,-1,no signal,14.749684666797767,48.475098367813,1.3243670779846552,1.3245903209163812,1.32547,1.3241
2026-09-26T18:11:11.945395+00:00,XAU_USD,4284.97,none,none,0,780.7954,0.0,-1,no signal,11.292210273362786,46.19238755817378,4287.048278026377,4288.79109946559,4297.315,4282.12
2026-09-26T18:11:12.301830+00:00,EUR_USD,1.13911,none,none,0,780.7954,0.0,-1,no signal,13.069748241188922,43.18431381431516,1.1393952831599432,1.1392623670143602,1.14013,1.13896
2026-09-26T18:11:13.364453+00:00,GBP_USD,1.32455,none,none,0,780.7954,0.0,-1,no signal,14.749684666797767,48.475098367813,1.3243670779846552,1.3245903209163812,1.32547,1.3241
2026-09-26T18:29:16.973091+00:00,XAU_USD,4284.97,none,none,0,780.7954,0.0,-1,no signal,11.292210273362786,46.19238755817378,4287.048278026377,4288.79109946559,4297.315,4282.12
2026-09-26T18:29:17.474471+00:00,EUR_USD,1.13911,none,none,0,780.7954,0.0,-1,no signal,13.069748241188922,43.18431381431516,1.1393952831599432,1.1392623670143602,1.14013,1.13896
2026-09-26T18:29:18.015832+00:00,GBP_USD,1.32455,none,none,0,780.7954,0.0,-1,no signal,14.749684666797767,48.475098367813,1.3243670779846552,1.3245903209163812,1.32547,1.3241
2026-09-26T18:45:47.828991+00:00,XAU_USD,4284.97,none,none,0,780.7954,0.0,-1,no signal,11.292210273362786,46.19238755817378,4287.048278026377,4288.79109946559,4297.315,4282.12
2026-09-26T18:45:48.203300+00:00,EUR_USD,1.13911,none,none,0,780.7954,0.0,-1,no signal,13.069748241188922,43.18431381431516,1.1393952831599432,1.1392623670143602,1.14013,1.13896
2026-09-26T18:45:48.795158+00:00,GBP_USD,1.32455,none,none,0,780.7954,0.0,-1,no signal,14.749684666797767,48.475098367813,1.3243670779846552,1.3245903209163812,1.32547,1.3241
2026-09-26T18:57:09.856097+00:00,XAU_USD,4284.97,none,none,0,780.7954,0.0,-1,no signal,11.292210273362786,46.19238755817378,4287.048278026377,4288.79109946559,4297.315,4282.12
2026-09-26T18:57:10.073714+00:00,EUR_USD,1.13911,none,none,0,780.7954,0.0,-1,no signal,13.069748241188922,43.18431381431516,1.1393952831599432,1.1392623670143602,1.14013,1.13896
2026-09-26T18:57:10.340308+00:00,GBP_USD,1.32455,none,none,0,780.7954,0.0,-1,no signal,14.749684666797767,48.475098367813,1.3243670779846552,1.3245903209163812,1.32547,1.3241
2026-09-26T19:11:11.730014+00:00,XAU_USD,4284.97,none,none,0,780.7954,0.0,-1,no signal,11.292210273362786,46.19238755817378,4287.048278026377,4288.79109946559,4297.315,4282.12
2026-09-26T19:11:12.461381+00:00,EUR_USD,1.13911,none,none,0,780.7954,0.0,-1,no signal,13.069748241188922,43.18431381431516,1.1393952831599432,1.1392623670143602,1.14013,1.13896
2026-09-26T19:11:12.912493+00:00,GBP_USD,1.32455,none,none,0,780.7954,0.0,-1,no signal,14.749684666797767,48.475098367813,1.3243670779846552,1.3245903209163812,1.32547,1.3241
2026-09-26T19:24:21.569577+00:00,XAU_USD,4284.97,none,none,0,780.7954,0.0,-1,no signal,11.292210273362786,46.19238755817378,4287.048278026377,4288.79109946559,4297.315,4282.12
2026-09-26T19:24:21.995092+00:00,EUR_USD,1.13911,none,none,0,780.7954,0.0,-1,no signal,13.069748241188922,43.18431381431516,1.1393952831599432,1.1392623670143602,1.14013,1.13896
2026-09-26T19:24:22.187858+00:00,GBP_USD,1.32455,none,none,0,780.7954,0.0,-1,no signal,14.749684666797767,48.475098367813,1.3243670779846552,1.3245903209163812,1.32547,1.3241
2026-09-26T19:35:37.728058+00:00,XAU_USD,4284.97,none,none,0,780.7954,0.0,-1,no signal,11.292210273362786,46.19238755817378,4287.048278026377,4288.79109946559,4297.315,4282.12
2026-09-26T19:35:38.371506+00:00,EUR_USD,1.13911,none,none,0,780.7954,0.0,-1,no signal,13.069748241188922,43.18431381431516,1.1393952831599432,1.1392623670143602,1.14013,1.13896
2026-09-26T19:35:38.827768+00:00,GBP_USD,1.32455,none,none,0,780.7954,0.0,-1,no signal,14.749684666797767,48.475098367813,1.3243670779846552,1.3245903209163812,1.32547,1.3241
2026-09-26T19:45:07.786411+00:00,XAU_USD,4284.97,none,none,0,780.7954,0.0,-1,no signal,11.292210273362786,46.19238755817378,4287.048278026377,4288.79109946559,4297.315,4282.12
2026-09-26T19:45:08.068564+00:00,EUR_USD,1.13911,none,none,0,780.7954,0.0,-1,no signal,13.069748241188922,43.18431381431516,1.1393952831599432,1.1392623670143602,1.14013,1.13896
2026-09-26T19:45:09.269166+00:00,GBP_USD,1.32455,none,none,0,780.7954,0.0,-1,no signal,14.749684666797767,48.475098367813,1.3243670779846552,1.3245903209163812,1.32547,1.3241
2026-09-26T19:54:28.212412+00:00,XAU_USD,4284.97,none,none,0,780.7954,0.0,-1,no signal,11.292210273362786,46.19238755817378,4287.048278026377,4288.79109946559,4297.315,4282.12
2026-09-26T19:54:28.667165+00:00,EUR_USD,1.13911,none,none,0,780.7954,0.0,-1,no signal,13.069748241188922,43.18431381431516,1.1393952831599432,1.1392623670143602,1.14013,1.13896
2026-09-26T19:54:29.021036+00:00,GBP_USD,1.32455,none,none,0,780.7954,0.0,-1,no signal,14.749684666797767,48.475098367813,1.3243670779846552,1.3245903209163812,1.32547,1.3241
2026-09-26T20:06:50.310411+00:00,XAU_USD,4284.97,none,none,0,780.7954,0.0,-1,no signal,11.292210273362786,46.19238755817378,4287.048278026377,4288.79109946559,4297.315,4282.12
2026-09-26T20:06:50.485249+00:00,EUR_USD,1.13911,none,none,0,780.7954,0.0,-1,no signal,13.069748241188922,43.18431381431516,1.1393952831599432,1.1392623670143602,1.14013,1.13896
2026-09-26T20:06:51.183752+00:00,GBP_USD,1.32455,none,none,0,780.7954,0.0,-1,no signal,14.749684666797767,48.475098367813,1.3243670779846552,1.3245903209163812,1.32547,1.3241
2026-09-26T20:21:30.655250+00:00,XAU_USD,4284.97,none,none,0,780.7954,0.0,-1,no signal,11.292210273362786,46.19238755817378,4287.048278026377,4288.79109946559,4297.315,4282.12
2026-09-26T20:21:31.520597+00:00,EUR_USD,1.13911,none,none,0,780.7954,0.0,-1,no signal,13.069748241188922,43.18431381431516,1.1393952831599432,1.1392623670143602,1.14013,1.13896
2026-09-26T20:21:31.892106+00:00,GBP_USD,1.32455,none,none,0,780.7954,0.0,-1,no signal,14.749684666797767,48.475098367813,1.3243670779846552,1.3245903209163812,1.32547,1.3241
2026-09-26T20:34:16.811203+00:00,XAU_USD,4284.97,none,none,0,780.7954,0.0,-1,no signal,11.292210273362786,46.19238755817378,4287.048278026377,4288.79109946559,4297.315,4282.12
2026-09-26T20:34:17.553985+00:00,EUR_USD,1.13911,none,none,0,780.7954,0.0,-1,no signal,13.069748241188922,43.18431381431516,1.1393952831599432,1.1392623670143602,1.14013,1.13896
2026-09-26T20:34:18.112339+00:00,GBP_USD,1.32455,none,none,0,780.7954,0.0,-1,no signal,14.749684666797767,48.475098367813,1.3243670779846552,1.3245903209163812,1.32547,1.3241
2026-09-26T20:46:21.161587+00:00,XAU_USD,4284.97,none,none,0,780.7954,0.0,-1,no signal,11.292210273362786,46.19238755817378,4287.048278026377,4288.79109946559,4297.315,4282.12
2026-09-26T20:46:21.598039+00:00,EUR_USD,1.13911,none,none,0,780.7954,0.0,-1,no signal,13.069748241188922,43.18431381431516,1.1393952831599432,1.1392623670143602,1.14013,1.13896
2026-09-26T20:46:22.087348+00:00,GBP_USD,1.32455,none,none,0,780.7954,0.0,-1,no signal,14.749684666797767,48.475098367813,1.3243670779846552,1.3245903209163812,1.32547,1.3241
2026-09-26T20:55:44.885365+00:00,XAU_USD,4284.97,none,none,0,780.7954,0.0,-1,no signal,11.292210273362786,46.19238755817378,4287.048278026377,4288.79109946559,4297.315,4282.12
2026-09-26T20:55:45.068265+00:00,EUR_USD,1.13911,none,none,0,780.7954,0.0,-1,no signal,13.069748241188922,43.18431381431516,1.1393952831599432,1.1392623670143602,1.14013,1.13896
2026-09-26T20:55:45.377788+00:00,GBP_USD,1.32455,none,none,0,780.7954,0.0,-1,no signal,14.749684666797767,48.475098367813,1.3243670779846552,1.3245903209163812,1.32547,1.3241
2026-09-26T21:09:38.580028+00:00,XAU_USD,4284.97,none,none,0,780.7954,0.0,-1,no signal,11.292210273362786,46.19238755817378,4287.048278026377,4288.79109946559,4297.315,4282.12
2026-09-26T21:09:38.993593+00:00,EUR_USD,1.13911,none,none,0,780.7954,0.0,-1,no signal,13.069748241188922,43.18431381431516,1.1393952831599432,1.1392623670143602,1.14013,1.13896
2026-09-26T21:09:39.356769+00:00,GBP_USD,1.32455,none,none,0,780.7954,0.0,-1,no signal,14.749684666797767,48.475098367813,1.3243670779846552,1.3245903209163812,1.32547,1.3241
2026-09-26T21:24:45.177547+00:00,XAU_USD,4284.97,none,none,0,780.7954,0.0,-1,no signal,11.292210273362786,46.19238755817378,4287.048278026377,4288.79109946559,4297.315,4282.12
2026-09-26T21:24:45.407106+00:00,EUR_USD,1.13911,none,none,0,780.7954,0.0,-1,no signal,13.069748241188922,43.18431381431516,1.1393952831599432,1.1392623670143602,1.14013,1.13896
2026-09-26T21:24:45.626413+00:00,GBP_USD,1.32455,none,none,0,780.7954,0.0,-1,no signal,14.749684666797767,48.475098367813,1.3243670779846552,1.3245903209163812,1.32547,1.3241
2026-09-26T21:37:38.819846+00:00,XAU_USD,4284.97,none,none,0,780.7954,0.0,-1,no signal,11.292210273362786,46.19238755817378,4287.048278026377,4288.79109946559,4297.315,4282.12
2026-09-26T21:37:39.949750+00:00,EUR_USD,1.13911,none,none,0,780.7954,0.0,-1,no signal,13.069748241188922,43.18431381431516,1.1393952831599432,1.1392623670143602,1.14013,1.13896
2026-09-26T21:37:40.328314+00:00,GBP_USD,1.32455,none,none,0,780.7954,0.0,-1,no signal,14.749684666797767,48.475098367813,1.3243670779846552,1.3245903209163812,1.32547,1.3241
2026-09-26T21:47:25.735541+00:00,XAU_USD,4284.97,none,none,0,780.7954,0.0,-1,no signal,11.292210273362786,46.19238755817378,4287.048278026377,4288.79109946559,4297.315,4282.12
2026-09-26T21:47:26.206518+00:00,EUR_USD,1.13911,none,none,0,780.7954,0.0,-1,no signal,13.069748241188922,43.18431381431516,1.1393952831599432,1.1392623670143602,1.14013,1.13896
2026-09-26T21:47:26.532623+00:00,GBP_USD,1.32455,none,none,0,780.7954,0.0,-1,no signal,14.749684666797767,48.475098367813,1.3243670779846552,1.3245903209163812,1.32547,1.3241
2026-09-26T21:56:40.626606+00:00,XAU_USD,4284.97,none,none,0,780.7954,0.0,-1,no signal,11.292210273362786,46.19238755817378,4287.048278026377,4288.79109946559,4297.315,4282.12
2026-09-26T21:56:41.174779+00:00,EUR_USD,1.13911,none,none,0,780.7954,0.0,-1,no signal,13.069748241188922,43.18431381431516,1.1393952831599432,1.1392623670143602,1.14013,1.13896
2026-09-26T21:56:41.408020+00:00,GBP_USD,1.32455,none,none,0,780.7954,0.0,-1,no signal,14.749684666797767,48.475098367813,1.3243670779846552,1.3245903209163812,1.32547,1.3241
2026-09-26T22:11:32.334180+00:00,XAU_USD,4284.97,none,none,0,780.7954,0.0,-1,no signal,11.292210273362786,46.19238755817378,4287.048278026377,4288.79109946559,4297.315,4282.12
2026-09-26T22:11:32.752780+00:00,EUR_USD,1.13911,none,none,0,780.7954,0.0,-1,no signal,13.069748241188922,43.18431381431516,1.1393952831599432,1.1392623670143602,1.14013,1.13896
2026-09-26T22:11:33.167676+00:00,GBP_USD,1.32455,none,none,0,780.7954,0.0,-1,no signal,14.749684666797767,48.475098367813,1.3243670779846552,1.3245903209163812,1.32547,1.3241
2026-09-26T22:26:10.139246+00:00,XAU_USD,4284.97,none,none,0,780.7954,0.0,-1,no signal,11.292210273362786,46.19238755817378,4287.048278026377,4288.79109946559,4297.315,4282.12
2026-09-26T22:26:10.545780+00:00,EUR_USD,1.13911,none,none,0,780.7954,0.0,-1,no signal,13.069748241188922,43.18431381431516,1.1393952831599432,1.1392623670143602,1.14013,1.13896
2026-09-26T22:26:11.015180+00:00,GBP_USD,1.32455,none,none,0,780.7954,0.0,-1,no signal,14.749684666797767,48.475098367813,1.3243670779846552,1.3245903209163812,1.32547,1.3241
2026-09-26T22:39:59.013906+00:00,XAU_USD,4284.97,none,none,0,780.7954,0.0,-1,no signal,11.292210273362786,46.19238755817378,4287.048278026377,4288.79109946559,4297.315,4282.12
2026-09-26T22:39:59.876499+00:00,EUR_USD,1.13911,none,none,0,780.7954,0.0,-1,no signal,13.069748241188922,43.18431381431516,1.1393952831599432,1.1392623670143602,1.14013,1.13896
2026-09-26T22:40:00.042041+00:00,GBP_USD,1.32455,none,none,0,780.7954,0.0,-1,no signal,14.749684666797767,48.475098367813,1.3243670779846552,1.3245903209163812,1.32547,1.3241
2026-09-26T22:51:20.587015+00:00,XAU_USD,4284.97,none,none,0,780.7954,0.0,-1,no signal,11.292210273362786,46.19238755817378,4287.048278026377,4288.79109946559,4297.315,4282.12
2026-09-26T22:51:20.970565+00:00,EUR_USD,1.13911,none,none,0,780.7954,0.0,-1,no signal,13.069748241188922,43.18431381431516,1.1393952831599432,1.1392623670143602,1.14013,1.13896
2026-09-26T22:51:21.492896+00:00,GBP_USD,1.32455,none,none,0,780.7954,0.0,-1,no signal,14.749684666797767,48.475098367813,1.3243670779846552,1.3245903209163812,1.32547,1.3241
2026-09-26T23:01:14.206487+00:00,XAU_USD,4284.97,none,none,0,780.7954,0.0,-1,no signal,11.292210273362786,46.19238755817378,4287.048278026377,4288.79109946559,4297.315,4282.12
2026-09-26T23:01:15.346151+00:00,EUR_USD,1.13911,none,none,0,780.7954,0.0,-1,no signal,13.069748241188922,43.18431381431516,1.1393952831599432,1.1392623670143602,1.14013,1.13896
2026-09-26T23:01:15.987544+00:00,GBP_USD,1.32455,none,none,0,780.7954,0.0,-1,no signal,14.749684666797767,48.475098367813,1.3243670779846552,1.3245903209163812,1.32547,1.3241
2026-09-26T23:16:54.082950+00:00,XAU_USD,4284.97,none,none,0,780.7954,0.0,-1,no signal,11.292210273362786,46.19238755817378,4287.048278026377,4288.79109946559,4297.315,4282.12
2026-09-26T23:16:54.786033+00:00,EUR_USD,1.13911,none,none,0,780.7954,0.0,-1,no signal,13.069748241188922,43.18431381431516,1.1393952831599432,1.1392623670143602,1.14013,1.13896
2026-09-26T23:16:55.310149+00:00,GBP_USD,1.32455,none,none,0,780.7954,0.0,-1,no signal,14.749684666797767,48.475098367813,1.3243670779846552,1.3245903209163812,1.32547,1.3241
2026-09-26T23:29:50.770566+00:00,XAU_USD,4284.97,none,none,0,780.7954,0.0,-1,no signal,11.292210273362786,46.19238755817378,4287.048278026377,4288.79109946559,4297.315,4282.12
2026-09-26T23:29:50.977525+00:00,EUR_USD,1.13911,none,none,0,780.7954,0.0,-1,no signal,13.069748241188922,43.18431381431516,1.1393952831599432,1.1392623670143602,1.14013,1.13896
2026-09-26T23:29:51.151727+00:00,GBP_USD,1.32455,none,none,0,780.7954,0.0,-1,no signal,14.749684666797767,48.475098367813,1.3243670779846552,1.3245903209163812,1.32547,1.3241
2026-09-26T23:42:05.480821+00:00,XAU_USD,4284.97,none,none,0,780.7954,0.0,-1,no signal,11.292210273362786,46.19238755817378,4287.048278026377,4288.79109946559,4297.315,4282.12
2026-09-26T23:42:06.139362+00:00,EUR_USD,1.13911,none,none,0,780.7954,0.0,-1,no signal,13.069748241188922,43.18431381431516,1.1393952831599432,1.1392623670143602,1.14013,1.13896
2026-09-26T23:42:06.421795+00:00,GBP_USD,1.32455,none,none,0,780.7954,0.0,-1,no signal,14.749684666797767,48.475098367813,1.3243670779846552,1.3245903209163812,1.32547,1.3241
2026-09-26T23:52:49.821947+00:00,XAU_USD,4284.97,none,none,0,780.7954,0.0,-1,no signal,11.292210273362786,46.19238755817378,4287.048278026377,4288.79109946559,4297.315,4282.12
2026-09-26T23:52:50.203712+00:00,EUR_USD,1.13911,none,none,0,780.7954,0.0,-1,no signal,13.069748241188922,43.18431381431516,1.1393952831599432,1.1392623670143602,1.14013,1.13896
2026-09-26T23:52:50.399986+00:00,GBP_USD,1.32455,none,none,0,780.7954,0.0,-1,no signal,14.749684666797767,48.475098367813,1.3243670779846552,1.3245903209163812,1.32547,1.3241
2026-09-27T00:05:57.061014+00:00,XAU_USD,4284.97,none,none,0,780.7954,0.0,-1,no signal,11.292210273362786,46.19238755817378,4287.048278026377,4288.79109946559,4297.315,4282.12
2026-09-27T00:05:57.253833+00:00,EUR_USD,1.13911,none,none,0,780.7954,0.0,-1,no signal,13.069748241188922,43.18431381431516,1.1393952831599432,1.1392623670143602,1.14013,1.13896
2026-09-27T00:05:57.492345+00:00,GBP_USD,1.32455,none,none,0,780.7954,0.0,-1,no signal,14.749684666797767,48.475098367813,1.3243670779846552,1.3245903209163812,1.32547,1.3241
2026-09-27T00:30:32.216177+00:00,XAU_USD,4284.97,none,none,0,780.7954,0.0,-1,no signal,11.292210273362786,46.19238755817378,4287.048278026377,4288.79109946559,4297.315,4282.12
2026-09-27T00:30:32.441805+00:00,EUR_USD,1.13911,none,none,0,780.7954,0.0,-1,no signal,13.069748241188922,43.18431381431516,1.1393952831599432,1.1392623670143602,1.14013,1.13896
2026-09-27T00:30:32.676391+00:00,GBP_USD,1.32455,none,none,0,780.7954,0.0,-1,no signal,14.749684666797767,48.475098367813,1.3243670779846552,1.3245903209163812,1.32547,1.3241
2026-09-27T00:49:43.301728+00:00,XAU_USD,4284.97,none,none,0,780.7954,0.0,-1,no signal,11.292210273362786,46.19238755817378,4287.048278026377,4288.79109946559,4297.315,4282.12
2026-09-27T00:49:43.781338+00:00,EUR_USD,1.13911,none,none,0,780.7954,0.0,-1,no signal,13.069748241188922,43.18431381431516,1.1393952831599432,1.1392623670143602,1.14013,1.13896
2026-09-27T00:49:44.155975+00:00,GBP_USD,1.32455,none,none,0,780.7954,0.0,-1,no signal,14.749684666797767,48.475098367813,1.3243670779846552,1.3245903209163812,1.32547,1.3241
2026-09-27T01:00:55.947749+00:00,XAU_USD,4284.97,none,none,0,780.7954,0.0,-1,no signal,11.292210273362786,46.19238755817378,4287.048278026377,4288.79109946559,4297.315,4282.12
2026-09-27T01:00:56.278964+00:00,EUR_USD,1.13911,none,none,0,780.7954,0.0,-1,no signal,13.069748241188922,43.18431381431516,1.1393952831599432,1.1392623670143602,1.14013,1.13896
2026-09-27T01:00:56.620013+00:00,GBP_USD,1.32455,none,none,0,780.7954,0.0,-1,no signal,14.749684666797767,48.475098367813,1.3243670779846552,1.3245903209163812,1.32547,1.3241
2026-09-27T01:17:31.060515+00:00,XAU_USD,4284.97,none,none,0,780.7954,0.0,-1,no signal,11.292210273362786,46.19238755817378,4287.048278026377,4288.79109946559,4297.315,4282.12
2026-09-27T01:17:31.278414+00:00,EUR_USD,1.13911,none,none,0,780.7954,0.0,-1,no signal,13.069748241188922,43.18431381431516,1.1393952831599432,1.1392623670143602,1.14013,1.13896
2026-09-27T01:17:31.443410+00:00,GBP_USD,1.32455,none,none,0,780.7954,0.0,-1,no signal,14.749684666797767,48.475098367813,1.3243670779846552,1.3245903209163812,1.32547,1.3241
2026-09-27T01:31:38.072204+00:00,XAU_USD,4284.97,none,none,0,780.7954,0.0,-1,no signal,11.292210273362786,46.19238755817378,4287.048278026377,4288.79109946559,4297.315,4282.12
2026-09-27T01:31:38.254925+00:00,EUR_USD,1.13911,none,none,0,780.7954,0.0,-1,no signal,13.069748241188922,43.18431381431516,1.1393952831599432,1.1392623670143602,1.14013,1.13896
2026-09-27T01:31:38.440501+00:00,GBP_USD,1.32455,none,none,0,780.7954,0.0,-1,no signal,14.749684666797767,48.475098367813,1.3243670779846552,1.3245903209163812,1.32547,1.3241
2026-09-27T01:44:56.382344+00:00,XAU_USD,4284.97,none,none,0,780.7954,0.0,-1,no signal,11.292210273362786,46.19238755817378,4287.048278026377,4288.79109946559,4297.315,4282.12
2026-09-27T01:44:56.725562+00:00,EUR_USD,1.13911,none,none,0,780.7954,0.0,-1,no signal,13.069748241188922,43.18431381431516,1.1393952831599432,1.1392623670143602,1.14013,1.13896
2026-09-27T01:44:57.092433+00:00,GBP_USD,1.32455,none,none,0,780.7954,0.0,-1,no signal,14.749684666797767,48.475098367813,1.3243670779846552,1.3245903209163812,1.32547,1.3241
2026-09-27T01:55:46.738325+00:00,XAU_USD,4284.97,none,none,0,780.7954,0.0,-1,no signal,11.292210273362786,46.19238755817378,4287.048278026377,4288.79109946559,4297.315,4282.12
2026-09-27T01:55:47.161502+00:00,EUR_USD,1.13911,none,none,0,780.7954,0.0,-1,no signal,13.069748241188922,43.18431381431516,1.1393952831599432,1.1392623670143602,1.14013,1.13896
2026-09-27T01:55:47.451664+00:00,GBP_USD,1.32455,none,none,0,780.7954,0.0,-1,no signal,14.749684666797767,48.475098367813,1.3243670779846552,1.3245903209163812,1.32547,1.3241
2026-09-27T02:10:16.501746+00:00,XAU_USD,4284.97,none,none,0,780.7954,0.0,-1,no signal,11.292210273362786,46.19238755817378,4287.048278026377,4288.79109946559,4297.315,4282.12
2026-09-27T02:10:16.921008+00:00,EUR_USD,1.13911,none,none,0,780.7954,0.0,-1,no signal,13.069748241188922,43.18431381431516,1.1393952831599432,1.1392623670143602,1.14013,1.13896
2026-09-27T02:10:17.266886+00:00,GBP_USD,1.32455,none,none,0,780.7954,0.0,-1,no signal,14.749684666797767,48.475098367813,1.3243670779846552,1.3245903209163812,1.32547,1.3241
2026-09-27T02:26:34.559064+00:00,XAU_USD,4284.97,none,none,0,780.7954,0.0,-1,no signal,11.292210273362786,46.19238755817378,4287.048278026377,4288.79109946559,4297.315,4282.12
2026-09-27T02:26:35.290995+00:00,EUR_USD,1.13911,none,none,0,780.7954,0.0,-1,no signal,13.069748241188922,43.18431381431516,1.1393952831599432,1.1392623670143602,1.14013,1.13896
2026-09-27T02:26:35.440364+00:00,GBP_USD,1.32455,none,none,0,780.7954,0.0,-1,no signal,14.749684666797767,48.475098367813,1.3243670779846552,1.3245903209163812,1.32547,1.3241
2026-09-27T02:41:25.818402+00:00,XAU_USD,4284.97,none,none,0,780.7954,0.0,-1,no signal,11.292210273362786,46.19238755817378,4287.048278026377,4288.79109946559,4297.315,4282.12
2026-09-27T02:41:26.035842+00:00,EUR_USD,1.13911,none,none,0,780.7954,0.0,-1,no signal,13.069748241188922,43.18431381431516,1.1393952831599432,1.1392623670143602,1.14013,1.13896
2026-09-27T02:41:26.446373+00:00,GBP_USD,1.32455,none,none,0,780.7954,0.0,-1,no signal,14.749684666797767,48.475098367813,1.3243670779846552,1.3245903209163812,1.32547,1.3241
2026-09-27T02:53:35.152772+00:00,XAU_USD,4284.97,none,none,0,780.7954,0.0,-1,no signal,11.292210273362786,46.19238755817378,4287.048278026377,4288.79109946559,4297.315,4282.12
2026-09-27T02:53:35.342638+00:00,EUR_USD,1.13911,none,none,0,780.7954,0.0,-1,no signal,13.069748241188922,43.18431381431516,1.1393952831599432,1.1392623670143602,1.14013,1.13896
2026-09-27T02:53:35.573128+00:00,GBP_USD,1.32455,none,none,0,780.7954,0.0,-1,no signal,14.749684666797767,48.475098367813,1.3243670779846552,1.3245903209163812,1.32547,1.3241
2026-09-27T03:05:35.697791+00:00,XAU_USD,4284.97,none,none,0,780.7954,0.0,-1,no signal,11.292210273362786,46.19238755817378,4287.048278026377,4288.79109946559,4297.315,4282.12
2026-09-27T03:05:36.224466+00:00,EUR_USD,1.13911,none,none,0,780.7954,0.0,-1,no signal,13.069748241188922,43.18431381431516,1.1393952831599432,1.1392623670143602,1.14013,1.13896
2026-09-27T03:05:36.451569+00:00,GBP_USD,1.32455,none,none,0,780.7954,0.0,-1,no signal,14.749684666797767,48.475098367813,1.3243670779846552,1.3245903209163812,1.32547,1.3241
2026-09-27T03:22:23.244953+00:00,XAU_USD,4284.97,none,none,0,780.7954,0.0,-1,no signal,11.292210273362786,46.19238755817378,4287.048278026377,4288.79109946559,4297.315,4282.12
2026-09-27T03:22:23.571633+00:00,EUR_USD,1.13911,none,none,0,780.7954,0.0,-1,no signal,13.069748241188922,43.18431381431516,1.1393952831599432,1.1392623670143602,1.14013,1.13896
2026-09-27T03:22:24.024512+00:00,GBP_USD,1.32455,none,none,0,780.7954,0.0,-1,no signal,14.749684666797767,48.475098367813,1.3243670779846552,1.3245903209163812,1.32547,1.3241
2026-09-27T03:37:15.206384+00:00,XAU_USD,4284.97,none,none,0,780.7954,0.0,-1,no signal,11.292210273362786,46.19238755817378,4287.048278026377,4288.79109946559,4297.315,4282.12
2026-09-27T03:37:15.342615+00:00,EUR_USD,1.13911,none,none,0,780.7954,0.0,-1,no signal,13.069748241188922,43.18431381431516,1.1393952831599432,1.1392623670143602,1.14013,1.13896
2026-09-27T03:37:15.485397+00:00,GBP_USD,1.32455,none,none,0,780.7954,0.0,-1,no signal,14.749684666797767,48.475098367813,1.3243670779846552,1.3245903209163812,1.32547,1.3241
2026-09-27T03:50:33.709594+00:00,XAU_USD,4284.97,none,none,0,780.7954,0.0,-1,no signal,11.292210273362786,46.19238755817378,4287.048278026377,4288.79109946559,4297.315,4282.12
2026-09-27T03:50:34.304638+00:00,EUR_USD,1.13911,none,none,0,780.7954,0.0,-1,no signal,13.069748241188922,43.18431381431516,1.1393952831599432,1.1392623670143602,1.14013,1.13896
2026-09-27T03:50:34.655647+00:00,GBP_USD,1.32455,none,none,0,780.7954,0.0,-1,no signal,14.749684666797767,48.475098367813,1.3243670779846552,1.3245903209163812,1.32547,1.3241
2026-09-27T03:59:53.572819+00:00,XAU_USD,4284.97,none,none,0,780.7954,0.0,-1,no signal,11.292210273362786,46.19238755817378,4287.048278026377,4288.79109946559,4297.315,4282.12
2026-09-27T03:59:53.801886+00:00,EUR_USD,1.13911,none,none,0,780.7954,0.0,-1,no signal,13.069748241188922,43.18431381431516,1.1393952831599432,1.1392623670143602,1.14013,1.13896
2026-09-27T03:59:54.029277+00:00,GBP_USD,1.32455,none,none,0,780.7954,0.0,-1,no signal,14.749684666797767,48.475098367813,1.3243670779846552,1.3245903209163812,1.32547,1.3241
2026-09-27T04:18:08.583962+00:00,XAU_USD,4284.97,none,none,0,780.7954,0.0,-1,no signal,11.292210273362786,46.19238755817378,4287.048278026377,4288.79109946559,4297.315,4282.12
2026-09-27T04:18:09.086813+00:00,EUR_USD,1.13911,none,none,0,780.7954,0.0,-1,no signal,13.069748241188922,43.18431381431516,1.1393952831599432,1.1392623670143602,1.14013,1.13896
2026-09-27T04:18:09.245575+00:00,GBP_USD,1.32455,none,none,0,780.7954,0.0,-1,no signal,14.749684666797767,48.475098367813,1.3243670779846552,1.3245903209163812,1.32547,1.3241
2026-09-27T04:33:19.132899+00:00,XAU_USD,4284.97,none,none,0,780.7954,0.0,-1,no signal,11.292210273362786,46.19238755817378,4287.048278026377,4288.79109946559,4297.315,4282.12
2026-09-27T04:33:19.327835+00:00,EUR_USD,1.13911,none,none,0,780.7954,0.0,-1,no signal,13.069748241188922,43.18431381431516,1.1393952831599432,1.1392623670143602,1.14013,1.13896
2026-09-27T04:33:19.596151+00:00,GBP_USD,1.32455,none,none,0,780.7954,0.0,-1,no signal,14.749684666797767,48.475098367813,1.3243670779846552,1.3245903209163812,1.32547,1.3241
2026-09-27T04:47:08.917978+00:00,XAU_USD,4284.97,none,none,0,780.7954,0.0,-1,no signal,11.292210273362786,46.19238755817378,4287.048278026377,4288.79109946559,4297.315,4282.12
2026-09-27T04:47:09.468295+00:00,EUR_USD,1.13911,none,none,0,780.7954,0.0,-1,no signal,13.069748241188922,43.18431381431516,1.1393952831599432,1.1392623670143602,1.14013,1.13896
2026-09-27T04:47:09.925937+00:00,GBP_USD,1.32455,none,none,0,780.7954,0.0,-1,no signal,14.749684666797767,48.475098367813,1.3243670779846552,1.3245903209163812,1.32547,1.3241
2026-09-27T04:57:36.829778+00:00,XAU_USD,4284.97,none,none,0,780.7954,0.0,-1,no signal,11.292210273362786,46.19238755817378,4287.048278026377,4288.79109946559,4297.315,4282.12
2026-09-27T04:57:37.505379+00:00,EUR_USD,1.13911,none,none,0,780.7954,0.0,-1,no signal,13.069748241188922,43.18431381431516,1.1393952831599432,1.1392623670143602,1.14013,1.13896
2026-09-27T04:57:37.900514+00:00,GBP_USD,1.32455,none,none,0,780.7954,0.0,-1,no signal,14.749684666797767,48.475098367813,1.3243670779846552,1.3245903209163812,1.32547,1.3241
2026-09-27T05:12:51.607681+00:00,XAU_USD,4284.97,none,none,0,780.7954,0.0,-1,no signal,11.292210273362786,46.19238755817378,4287.048278026377,4288.79109946559,4297.315,4282.12
2026-09-27T05:12:52.033788+00:00,EUR_USD,1.13911,none,none,0,780.7954,0.0,-1,no signal,13.069748241188922,43.18431381431516,1.1393952831599432,1.1392623670143602,1.14013,1.13896
2026-09-27T05:12:52.474082+00:00,GBP_USD,1.32455,none,none,0,780.7954,0.0,-1,no signal,14.749684666797767,48.475098367813,1.3243670779846552,1.3245903209163812,1.32547,1.3241
2026-09-27T05:27:24.995927+00:00,XAU_USD,4284.97,none,none,0,780.7954,0.0,-1,no signal,11.292210273362786,46.19238755817378,4287.048278026377,4288.79109946559,4297.315,4282.12
2026-09-27T05:27:25.455381+00:00,EUR_USD,1.13911,none,none,0,780.7954,0.0,-1,no signal,13.069748241188922,43.18431381431516,1.1393952831599432,1.1392623670143602,1.14013,1.13896
2026-09-27T05:27:26.337207+00:00,GBP_USD,1.32455,none,none,0,780.7954,0.0,-1,no signal,14.749684666797767,48.475098367813,1.3243670779846552,1.3245903209163812,1.32547,1.3241
2026-09-27T05:41:05.882967+00:00,XAU_USD,4284.97,none,none,0,780.7954,0.0,-1,no signal,11.292210273362786,46.19238755817378,4287.048278026377,4288.79109946559,4297.315,4282.12
2026-09-27T05:41:06.226361+00:00,EUR_USD,1.13911,none,none,0,780.7954,0.0,-1,no signal,13.069748241188922,43.18431381431516,1.1393952831599432,1.1392623670143602,1.14013,1.13896
2026-09-27T05:41:06.605628+00:00,GBP_USD,1.32455,none,none,0,780.7954,0.0,-1,no signal,14.749684666797767,48.475098367813,1.3243670779846552,1.3245903209163812,1.32547,1.3241
2026-09-27T05:52:36.083387+00:00,XAU_USD,4284.97,none,none,0,780.7954,0.0,-1,no signal,11.292210273362786,46.19238755817378,4287.048278026377,4288.79109946559,4297.315,4282.12
2026-09-27T05:52:36.317717+00:00,EUR_USD,1.13911,none,none,0,780.7954,0.0,-1,no signal,13.069748241188922,43.18431381431516,1.1393952831599432,1.1392623670143602,1.14013,1.13896
2026-09-27T05:52:36.490964+00:00,GBP_USD,1.32455,none,none,0,780.7954,0.0,-1,no signal,14.749684666797767,48.475098367813,1.3243670779846552,1.3245903209163812,1.32547,1.3241
2026-09-27T06:04:39.662964+00:00,XAU_USD,4284.97,none,none,0,780.7954,0.0,-1,no signal,11.292210273362786,46.19238755817378,4287.048278026377,4288.79109946559,4297.315,4282.12
2026-09-27T06:04:40.044308+00:00,EUR_USD,1.13911,none,none,0,780.7954,0.0,-1,no signal,13.069748241188922,43.18431381431516,1.1393952831599432,1.1392623670143602,1.14013,1.13896
2026-09-27T06:04:40.828746+00:00,GBP_USD,1.32455,none,none,0,780.7954,0.0,-1,no signal,14.749684666797767,48.475098367813,1.3243670779846552,1.3245903209163812,1.32547,1.3241
2026-09-27T06:26:18.382804+00:00,XAU_USD,4284.97,none,none,0,780.7954,0.0,-1,no signal,11.292210273362786,46.19238755817378,4287.048278026377,4288.79109946559,4297.315,4282.12
2026-09-27T06:26:18.771155+00:00,EUR_USD,1.13911,none,none,0,780.7954,0.0,-1,no signal,13.069748241188922,43.18431381431516,1.1393952831599432,1.1392623670143602,1.14013,1.13896
2026-09-27T06:26:19.357409+00:00,GBP_USD,1.32455,none,none,0,780.7954,0.0,-1,no signal,14.749684666797767,48.475098367813,1.3243670779846552,1.3245903209163812,1.32547,1.3241
2026-09-27T06:44:30.868918+00:00,XAU_USD,4284.97,none,none,0,780.7954,0.0,-1,no signal,11.292210273362786,46.19238755817378,4287.048278026377,4288.79109946559,4297.315,4282.12
2026-09-27T06:44:31.116136+00:00,EUR_USD,1.13911,none,none,0,780.7954,0.0,-1,no signal,13.069748241188922,43.18431381431516,1.1393952831599432,1.1392623670143602,1.14013,1.13896
2026-09-27T06:44:31.409525+00:00,GBP_USD,1.32455,none,none,0,780.7954,0.0,-1,no signal,14.749684666797767,48.475098367813,1.3243670779846552,1.3245903209163812,1.32547,1.3241
2026-09-27T06:58:07.963227+00:00,XAU_USD,4284.97,none,none,0,780.7954,0.0,-1,no signal,11.292210273362786,46.19238755817378,4287.048278026377,4288.79109946559,4297.315,4282.12
2026-09-27T06:58:08.154268+00:00,EUR_USD,1.13911,none,none,0,780.7954,0.0,-1,no signal,13.069748241188922,43.18431381431516,1.1393952831599432,1.1392623670143602,1.14013,1.13896
2026-09-27T06:58:08.334866+00:00,GBP_USD,1.32455,none,none,0,780.7954,0.0,-1,no signal,14.749684666797767,48.475098367813,1.3243670779846552,1.3245903209163812,1.32547,1.3241
2026-09-27T07:14:56.786569+00:00,XAU_USD,4284.97,none,none,0,780.7954,0.0,-1,no signal,11.292210273362786,46.19238755817378,4287.048278026377,4288.79109946559,4297.315,4282.12
2026-09-27T07:14:56.949145+00:00,EUR_USD,1.13911,none,none,0,780.7954,0.0,-1,no signal,13.069748241188922,43.18431381431516,1.1393952831599432,1.1392623670143602,1.14013,1.13896
2026-09-27T07:14:57.571586+00:00,GBP_USD,1.32455,none,none,0,780.7954,0.0,-1,no signal,14.749684666797767,48.475098367813,1.3243670779846552,1.3245903209163812,1.32547,1.3241
2026-09-27T07:29:42.549996+00:00,XAU_USD,4284.97,none,none,0,780.7954,0.0,-1,no signal,11.292210273362786,46.19238755817378,4287.048278026377,4288.79109946559,4297.315,4282.12
2026-09-27T07:29:42.964743+00:00,EUR_USD,1.13911,none,none,0,780.7954,0.0,-1,no signal,13.069748241188922,43.18431381431516,1.1393952831599432,1.1392623670143602,1.14013,1.13896
2026-09-27T07:29:43.489379+00:00,GBP_USD,1.32455,none,none,0,780.7954,0.0,-1,no signal,14.749684666797767,48.475098367813,1.3243670779846552,1.3245903209163812,1.32547,1.3241
2026-09-27T07:43:56.194564+00:00,XAU_USD,4284.97,none,none,0,780.7954,0.0,-1,no signal,11.292210273362786,46.19238755817378,4287.048278026377,4288.79109946559,4297.315,4282.12
2026-09-27T07:43:56.623501+00:00,EUR_USD,1.13911,none,none,0,780.7954,0.0,-1,no signal,13.069748241188922,43.18431381431516,1.1393952831599432,1.1392623670143602,1.14013,1.13896
2026-09-27T07:43:57.546957+00:00,GBP_USD,1.32455,none,none,0,780.7954,0.0,-1,no signal,14.749684666797767,48.475098367813,1.3243670779846552,1.3245903209163812,1.32547,1.3241
2026-09-27T07:54:41.171256+00:00,XAU_USD,4284.97,none,none,0,780.7954,0.0,-1,no signal,11.292210273362786,46.19238755817378,4287.048278026377,4288.79109946559,4297.315,4282.12
2026-09-27T07:54:41.344163+00:00,EUR_USD,1.13911,none,none,0,780.7954,0.0,-1,no signal,13.069748241188922,43.18431381431516,1.1393952831599432,1.1392623670143602,1.14013,1.13896
2026-09-27T07:54:41.487171+00:00,GBP_USD,1.32455,none,none,0,780.7954,0.0,-1,no signal,14.749684666797767,48.475098367813,1.3243670779846552,1.3245903209163812,1.32547,1.3241
2026-09-27T08:08:00.291097+00:00,XAU_USD,4284.97,none,none,0,780.7954,0.0,-1,no signal,11.292210273362786,46.19238755817378,4287.048278026377,4288.79109946559,4297.315,4282.12
2026-09-27T08:08:00.480973+00:00,EUR_USD,1.13911,none,none,0,780.7954,0.0,-1,no signal,13.069748241188922,43.18431381431516,1.1393952831599432,1.1392623670143602,1.14013,1.13896
2026-09-27T08:08:00.638223+00:00,GBP_USD,1.32455,none,none,0,780.7954,0.0,-1,no signal,14.749684666797767,48.475098367813,1.3243670779846552,1.3245903209163812,1.32547,1.3241
2026-09-27T08:24:21.256067+00:00,XAU_USD,4284.97,none,none,0,780.7954,0.0,-1,no signal,11.292210273362786,46.19238755817378,4287.048278026377,4288.79109946559,4297.315,4282.12
2026-09-27T08:24:21.846735+00:00,EUR_USD,1.13911,none,none,0,780.7954,0.0,-1,no signal,13.069748241188922,43.18431381431516,1.1393952831599432,1.1392623670143602,1.14013,1.13896
2026-09-27T08:24:22.659207+00:00,GBP_USD,1.32455,none,none,0,780.7954,0.0,-1,no signal,14.749684666797767,48.475098367813,1.3243670779846552,1.3245903209163812,1.32547,1.3241
2026-09-27T08:39:45.728105+00:00,XAU_USD,4284.97,none,none,0,780.7954,0.0,-1,no signal,11.292210273362786,46.19238755817378,4287.048278026377,4288.79109946559,4297.315,4282.12
2026-09-27T08:39:45.925489+00:00,EUR_USD,1.13911,none,none,0,780.7954,0.0,-1,no signal,13.069748241188922,43.18431381431516,1.1393952831599432,1.1392623670143602,1.14013,1.13896
2026-09-27T08:39:46.164286+00:00,GBP_USD,1.32455,none,none,0,780.7954,0.0,-1,no signal,14.749684666797767,48.475098367813,1.3243670779846552,1.3245903209163812,1.32547,1.3241
2026-09-27T08:51:37.765387+00:00,XAU_USD,4284.97,none,none,0,780.7954,0.0,-1,no signal,11.292210273362786,46.19238755817378,4287.048278026377,4288.79109946559,4297.315,4282.12
2026-09-27T08:51:38.002749+00:00,EUR_USD,1.13911,none,none,0,780.7954,0.0,-1,no signal,13.069748241188922,43.18431381431516,1.1393952831599432,1.1392623670143602,1.14013,1.13896
2026-09-27T08:51:38.344132+00:00,GBP_USD,1.32455,none,none,0,780.7954,0.0,-1,no signal,14.749684666797767,48.475098367813,1.3243670779846552,1.3245903209163812,1.32547,1.3241
2026-09-27T09:01:26.991131+00:00,XAU_USD,4284.97,none,none,0,780.7954,0.0,-1,no signal,11.292210273362786,46.19238755817378,4287.048278026377,4288.79109946559,4297.315,4282.12
2026-09-27T09:01:28.052820+00:00,EUR_USD,1.13911,none,none,0,780.7954,0.0,-1,no signal,13.069748241188922,43.18431381431516,1.1393952831599432,1.1392623670143602,1.14013,1.13896
2026-09-27T09:01:28.247683+00:00,GBP_USD,1.32455,none,none,0,780.7954,0.0,-1,no signal,14.749684666797767,48.475098367813,1.3243670779846552,1.3245903209163812,1.32547,1.3241
2026-09-27T09:18:54.204914+00:00,XAU_USD,4284.97,none,none,0,780.7954,0.0,-1,no signal,11.292210273362786,46.19238755817378,4287.048278026377,4288.79109946559,4297.315,4282.12
2026-09-27T09:18:54.366563+00:00,EUR_USD,1.13911,none,none,0,780.7954,0.0,-1,no signal,13.069748241188922,43.18431381431516,1.1393952831599432,1.1392623670143602,1.14013,1.13896
2026-09-27T09:18:54.564768+00:00,GBP_USD,1.32455,none,none,0,780.7954,0.0,-1,no signal,14.749684666797767,48.475098367813,1.3243670779846552,1.3245903209163812,1.32547,1.3241
2026-09-27T09:33:05.678320+00:00,XAU_USD,4284.97,none,none,0,780.7954,0.0,-1,no signal,11.292210273362786,46.19238755817378,4287.048278026377,4288.79109946559,4297.315,4282.12
2026-09-27T09:33:05.920980+00:00,EUR_USD,1.13911,none,none,0,780.7954,0.0,-1,no signal,13.069748241188922,43.18431381431516,1.1393952831599432,1.1392623670143602,1.14013,1.13896
2026-09-27T09:33:06.133599+00:00,GBP_USD,1.32455,none,none,0,780.7954,0.0,-1,no signal,14.749684666797767,48.475098367813,1.3243670779846552,1.3245903209163812,1.32547,1.3241
2026-09-27T09:45:59.817895+00:00,XAU_USD,4284.97,none,none,0,780.7954,0.0,-1,no signal,11.292210273362786,46.19238755817378,4287.048278026377,4288.79109946559,4297.315,4282.12
2026-09-27T09:45:59.983876+00:00,EUR_USD,1.13911,none,none,0,780.7954,0.0,-1,no signal,13.069748241188922,43.18431381431516,1.1393952831599432,1.1392623670143602,1.14013,1.13896
2026-09-27T09:46:00.146817+00:00,GBP_USD,1.32455,none,none,0,780.7954,0.0,-1,no signal,14.749684666797767,48.475098367813,1.3243670779846552,1.3245903209163812,1.32547,1.3241
2026-09-27T09:56:31.227358+00:00,XAU_USD,4284.97,none,none,0,780.7954,0.0,-1,no signal,11.292210273362786,46.19238755817378,4287.048278026377,4288.79109946559,4297.315,4282.12
2026-09-27T09:56:31.854503+00:00,EUR_USD,1.13911,none,none,0,780.7954,0.0,-1,no signal,13.069748241188922,43.18431381431516,1.1393952831599432,1.1392623670143602,1.14013,1.13896
2026-09-27T09:56:32.599734+00:00,GBP_USD,1.32455,none,none,0,780.7954,0.0,-1,no signal,14.749684666797767,48.475098367813,1.3243670779846552,1.3245903209163812,1.32547,1.3241
2026-09-27T10:10:25.967521+00:00,XAU_USD,4284.97,none,none,0,780.7954,0.0,-1,no signal,11.292210273362786,46.19238755817378,4287.048278026377,4288.79109946559,4297.315,4282.12
2026-09-27T10:10:26.177354+00:00,EUR_USD,1.13911,none,none,0,780.7954,0.0,-1,no signal,13.069748241188922,43.18431381431516,1.1393952831599432,1.1392623670143602,1.14013,1.13896
2026-09-27T10:10:26.422532+00:00,GBP_USD,1.32455,none,none,0,780.7954,0.0,-1,no signal,14.749684666797767,48.475098367813,1.3243670779846552,1.3245903209163812,1.32547,1.3241
2026-09-27T10:25:30.124089+00:00,XAU_USD,4284.97,none,none,0,780.7954,0.0,-1,no signal,11.292210273362786,46.19238755817378,4287.048278026377,4288.79109946559,4297.315,4282.12
2026-09-27T10:25:30.260584+00:00,EUR_USD,1.13911,none,none,0,780.7954,0.0,-1,no signal,13.069748241188922,43.18431381431516,1.1393952831599432,1.1392623670143602,1.14013,1.13896
2026-09-27T10:25:30.433921+00:00,GBP_USD,1.32455,none,none,0,780.7954,0.0,-1,no signal,14.749684666797767,48.475098367813,1.3243670779846552,1.3245903209163812,1.32547,1.3241
2026-09-27T10:39:22.707187+00:00,XAU_USD,4284.97,none,none,0,780.7954,0.0,-1,no signal,11.292210273362786,46.19238755817378,4287.048278026377,4288.79109946559,4297.315,4282.12
2026-09-27T10:39:23.074764+00:00,EUR_USD,1.13911,none,none,0,780.7954,0.0,-1,no signal,13.069748241188922,43.18431381431516,1.1393952831599432,1.1392623670143602,1.14013,1.13896
2026-09-27T10:39:23.416846+00:00,GBP_USD,1.32455,none,none,0,780.7954,0.0,-1,no signal,14.749684666797767,48.475098367813,1.3243670779846552,1.3245903209163812,1.32547,1.3241
2026-09-27T10:50:37.118230+00:00,XAU_USD,4284.97,none,none,0,780.7954,0.0,-1,no signal,11.292210273362786,46.19238755817378,4287.048278026377,4288.79109946559,4297.315,4282.12
2026-09-27T10:50:37.417478+00:00,EUR_USD,1.13911,none,none,0,780.7954,0.0,-1,no signal,13.069748241188922,43.18431381431516,1.1393952831599432,1.1392623670143602,1.14013,1.13896
2026-09-27T10:50:37.780253+00:00,GBP_USD,1.32455,none,none,0,780.7954,0.0,-1,no signal,14.749684666797767,48.475098367813,1.3243670779846552,1.3245903209163812,1.32547,1.3241
2026-09-27T11:00:21.827045+00:00,XAU_USD,4284.97,none,none,0,780.7954,0.0,-1,no signal,11.292210273362786,46.19238755817378,4287.048278026377,4288.79109946559,4297.315,4282.12
2026-09-27T11:00:22.856767+00:00,EUR_USD,1.13911,none,none,0,780.7954,0.0,-1,no signal,13.069748241188922,43.18431381431516,1.1393952831599432,1.1392623670143602,1.14013,1.13896
2026-09-27T11:00:23.707302+00:00,GBP_USD,1.32455,none,none,0,780.7954,0.0,-1,no signal,14.749684666797767,48.475098367813,1.3243670779846552,1.3245903209163812,1.32547,1.3241
2026-09-27T11:17:26.806803+00:00,XAU_USD,4284.97,none,none,0,780.7954,0.0,-1,no signal,11.292210273362786,46.19238755817378,4287.048278026377,4288.79109946559,4297.315,4282.12
2026-09-27T11:17:27.175952+00:00,EUR_USD,1.13911,none,none,0,780.7954,0.0,-1,no signal,13.069748241188922,43.18431381431516,1.1393952831599432,1.1392623670143602,1.14013,1.13896
2026-09-27T11:17:27.546001+00:00,GBP_USD,1.32455,none,none,0,780.7954,0.0,-1,no signal,14.749684666797767,48.475098367813,1.3243670779846552,1.3245903209163812,1.32547,1.3241
2026-09-27T11:31:42.157950+00:00,XAU_USD,4284.97,none,none,0,780.7954,0.0,-1,no signal,11.292210273362786,46.19238755817378,4287.048278026377,4288.79109946559,4297.315,4282.12
2026-09-27T11:31:42.551047+00:00,EUR_USD,1.13911,none,none,0,780.7954,0.0,-1,no signal,13.069748241188922,43.18431381431516,1.1393952831599432,1.1392623670143602,1.14013,1.13896
2026-09-27T11:31:42.933705+00:00,GBP_USD,1.32455,none,none,0,780.7954,0.0,-1,no signal,14.749684666797767,48.475098367813,1.3243670779846552,1.3245903209163812,1.32547,1.3241
2026-09-27T11:44:40.587478+00:00,XAU_USD,4284.97,none,none,0,780.7954,0.0,-1,no signal,11.292210273362786,46.19238755817378,4287.048278026377,4288.79109946559,4297.315,4282.12
2026-09-27T11:44:41.051520+00:00,EUR_USD,1.13911,none,none,0,780.7954,0.0,-1,no signal,13.069748241188922,43.18431381431516,1.1393952831599432,1.1392623670143602,1.14013,1.13896
2026-09-27T11:44:41.829690+00:00,GBP_USD,1.32455,none,none,0,780.7954,0.0,-1,no signal,14.749684666797767,48.475098367813,1.3243670779846552,1.3245903209163812,1.32547,1.3241
2026-09-27T11:54:49.359670+00:00,XAU_USD,4284.97,none,none,0,780.7954,0.0,-1,no signal,11.292210273362786,46.19238755817378,4287.048278026377,4288.79109946559,4297.315,4282.12
2026-09-27T11:54:49.507640+00:00,EUR_USD,1.13911,none,none,0,780.7954,0.0,-1,no signal,13.069748241188922,43.18431381431516,1.1393952831599432,1.1392623670143602,1.14013,1.13896
2026-09-27T11:54:49.679422+00:00,GBP_USD,1.32455,none,none,0,780.7954,0.0,-1,no signal,14.749684666797767,48.475098367813,1.3243670779846552,1.3245903209163812,1.32547,1.3241
2026-09-27T12:10:24.385467+00:00,XAU_USD,4284.97,none,none,0,780.7954,0.0,-1,no signal,11.292210273362786,46.19238755817378,4287.048278026377,4288.79109946559,4297.315,4282.12
2026-09-27T12:10:25.076570+00:00,EUR_USD,1.13911,none,none,0,780.7954,0.0,-1,no signal,13.069748241188922,43.18431381431516,1.1393952831599432,1.1392623670143602,1.14013,1.13896
2026-09-27T12:10:25.284011+00:00,GBP_USD,1.32455,none,none,0,780.7954,0.0,-1,no signal,14.749684666797767,48.475098367813,1.3243670779846552,1.3245903209163812,1.32547,1.3241
2026-09-27T12:30:55.166444+00:00,XAU_USD,4284.97,none,none,0,780.7954,0.0,-1,no signal,11.292210273362786,46.19238755817378,4287.048278026377,4288.79109946559,4297.315,4282.12
2026-09-27T12:30:56.023316+00:00,EUR_USD,1.13911,none,none,0,780.7954,0.0,-1,no signal,13.069748241188922,43.18431381431516,1.1393952831599432,1.1392623670143602,1.14013,1.13896
2026-09-27T12:30:56.716479+00:00,GBP_USD,1.32455,none,none,0,780.7954,0.0,-1,no signal,14.749684666797767,48.475098367813,1.3243670779846552,1.3245903209163812,1.32547,1.3241
2026-09-27T12:48:51.120034+00:00,XAU_USD,4284.97,none,none,0,780.7954,0.0,-1,no signal,11.292210273362786,46.19238755817378,4287.048278026377,4288.79109946559,4297.315,4282.12
2026-09-27T12:48:51.428126+00:00,EUR_USD,1.13911,none,none,0,780.7954,0.0,-1,no signal,13.069748241188922,43.18431381431516,1.1393952831599432,1.1392623670143602,1.14013,1.13896
2026-09-27T12:48:51.966663+00:00,GBP_USD,1.32455,none,none,0,780.7954,0.0,-1,no signal,14.749684666797767,48.475098367813,1.3243670779846552,1.3245903209163812,1.32547,1.3241
2026-09-27T12:59:26.000434+00:00,XAU_USD,4284.97,none,none,0,780.7954,0.0,-1,no signal,11.292210273362786,46.19238755817378,4287.048278026377,4288.79109946559,4297.315,4282.12
2026-09-27T12:59:26.396827+00:00,EUR_USD,1.13911,none,none,0,780.7954,0.0,-1,no signal,13.069748241188922,43.18431381431516,1.1393952831599432,1.1392623670143602,1.14013,1.13896
2026-09-27T12:59:27.020677+00:00,GBP_USD,1.32455,none,none,0,780.7954,0.0,-1,no signal,14.749684666797767,48.475098367813,1.3243670779846552,1.3245903209163812,1.32547,1.3241
2026-09-27T13:16:29.271433+00:00,XAU_USD,4284.97,none,none,0,780.7954,0.0,-1,no signal,11.292210273362786,46.19238755817378,4287.048278026377,4288.79109946559,4297.315,4282.12
2026-09-27T13:16:29.593547+00:00,EUR_USD,1.13911,none,none,0,780.7954,0.0,-1,no signal,13.069748241188922,43.18431381431516,1.1393952831599432,1.1392623670143602,1.14013,1.13896
2026-09-27T13:16:30.353074+00:00,GBP_USD,1.32455,none,none,0,780.7954,0.0,-1,no signal,14.749684666797767,48.475098367813,1.3243670779846552,1.3245903209163812,1.32547,1.3241
2026-09-27T13:30:36.377924+00:00,XAU_USD,4284.97,none,none,0,780.7954,0.0,-1,no signal,11.292210273362786,46.19238755817378,4287.048278026377,4288.79109946559,4297.315,4282.12
2026-09-27T13:30:36.554349+00:00,EUR_USD,1.13911,none,none,0,780.7954,0.0,-1,no signal,13.069748241188922,43.18431381431516,1.1393952831599432,1.1392623670143602,1.14013,1.13896
2026-09-27T13:30:36.794478+00:00,GBP_USD,1.32455,none,none,0,780.7954,0.0,-1,no signal,14.749684666797767,48.475098367813,1.3243670779846552,1.3245903209163812,1.32547,1.3241
2026-09-27T13:43:50.778049+00:00,XAU_USD,4284.97,none,none,0,780.7954,0.0,-1,no signal,11.292210273362786,46.19238755817378,4287.048278026377,4288.79109946559,4297.315,4282.12
2026-09-27T13:43:51.094082+00:00,EUR_USD,1.13911,none,none,0,780.7954,0.0,-1,no signal,13.069748241188922,43.18431381431516,1.1393952831599432,1.1392623670143602,1.14013,1.13896
2026-09-27T13:43:51.453773+00:00,GBP_USD,1.32455,none,none,0,780.7954,0.0,-1,no signal,14.749684666797767,48.475098367813,1.3243670779846552,1.3245903209163812,1.32547,1.3241
2026-09-27T13:54:03.197186+00:00,XAU_USD,4284.97,none,none,0,780.7954,0.0,-1,no signal,11.292210273362786,46.19238755817378,4287.048278026377,4288.79109946559,4297.315,4282.12
2026-09-27T13:54:03.570834+00:00,EUR_USD,1.13911,none,none,0,780.7954,0.0,-1,no signal,13.069748241188922,43.18431381431516,1.1393952831599432,1.1392623670143602,1.14013,1.13896
2026-09-27T13:54:04.446482+00:00,GBP_USD,1.32455,none,none,0,780.7954,0.0,-1,no signal,14.749684666797767,48.475098367813,1.3243670779846552,1.3245903209163812,1.32547,1.3241
2026-09-27T14:06:33.668918+00:00,XAU_USD,4284.97,none,none,0,780.7954,0.0,-1,no signal,11.292210273362786,46.19238755817378,4287.048278026377,4288.79109946559,4297.315,4282.12
2026-09-27T14:06:34.530986+00:00,EUR_USD,1.13911,none,none,0,780.7954,0.0,-1,no signal,13.069748241188922,43.18431381431516,1.1393952831599432,1.1392623670143602,1.14013,1.13896
2026-09-27T14:06:34.968870+00:00,GBP_USD,1.32455,none,none,0,780.7954,0.0,-1,no signal,14.749684666797767,48.475098367813,1.3243670779846552,1.3245903209163812,1.32547,1.3241
2026-09-27T14:21:26.320002+00:00,XAU_USD,4284.97,none,none,0,780.7954,0.0,-1,no signal,11.292210273362786,46.19238755817378,4287.048278026377,4288.79109946559,4297.315,4282.12
2026-09-27T14:21:26.585163+00:00,EUR_USD,1.13911,none,none,0,780.7954,0.0,-1,no signal,13.069748241188922,43.18431381431516,1.1393952831599432,1.1392623670143602,1.14013,1.13896
2026-09-27T14:21:26.760616+00:00,GBP_USD,1.32455,none,none,0,780.7954,0.0,-1,no signal,14.749684666797767,48.475098367813,1.3243670779846552,1.3245903209163812,1.32547,1.3241
2026-09-27T14:34:30.617489+00:00,XAU_USD,4284.97,none,none,0,780.7954,0.0,-1,no signal,11.292210273362786,46.19238755817378,4287.048278026377,4288.79109946559,4297.315,4282.12
2026-09-27T14:34:30.953642+00:00,EUR_USD,1.13911,none,none,0,780.7954,0.0,-1,no signal,13.069748241188922,43.18431381431516,1.1393952831599432,1.1392623670143602,1.14013,1.13896
2026-09-27T14:34:31.312865+00:00,GBP_USD,1.32455,none,none,0,780.7954,0.0,-1,no signal,14.749684666797767,48.475098367813,1.3243670779846552,1.3245903209163812,1.32547,1.3241
2026-09-27T14:46:04.782666+00:00,XAU_USD,4284.97,none,none,0,780.7954,0.0,-1,no signal,11.292210273362786,46.19238755817378,4287.048278026377,4288.79109946559,4297.315,4282.12
2026-09-27T14:46:04.974180+00:00,EUR_USD,1.13911,none,none,0,780.7954,0.0,-1,no signal,13.069748241188922,43.18431381431516,1.1393952831599432,1.1392623670143602,1.14013,1.13896
2026-09-27T14:46:05.150504+00:00,GBP_USD,1.32455,none,none,0,780.7954,0.0,-1,no signal,14.749684666797767,48.475098367813,1.3243670779846552,1.3245903209163812,1.32547,1.3241
2026-09-27T14:55:52.120434+00:00,XAU_USD,4284.97,none,none,0,780.7954,0.0,-1,no signal,11.292210273362786,46.19238755817378,4287.048278026377,4288.79109946559,4297.315,4282.12
2026-09-27T14:55:52.810512+00:00,EUR_USD,1.13911,none,none,0,780.7954,0.0,-1,no signal,13.069748241188922,43.18431381431516,1.1393952831599432,1.1392623670143602,1.14013,1.13896
2026-09-27T14:55:53.231475+00:00,GBP_USD,1.32455,none,none,0,780.7954,0.0,-1,no signal,14.749684666797767,48.475098367813,1.3243670779846552,1.3245903209163812,1.32547,1.3241
2026-09-27T15:10:05.941050+00:00,XAU_USD,4284.97,none,none,0,780.7954,0.0,-1,no signal,11.292210273362786,46.19238755817378,4287.048278026377,4288.79109946559,4297.315,4282.12
2026-09-27T15:10:06.183577+00:00,EUR_USD,1.13911,none,none,0,780.7954,0.0,-1,no signal,13.069748241188922,43.18431381431516,1.1393952831599432,1.1392623670143602,1.14013,1.13896
2026-09-27T15:10:06.456151+00:00,GBP_USD,1.32455,none,none,0,780.7954,0.0,-1,no signal,14.749684666797767,48.475098367813,1.3243670779846552,1.3245903209163812,1.32547,1.3241
2026-09-27T15:25:26.084034+00:00,XAU_USD,4284.97,none,none,0,780.7954,0.0,-1,no signal,11.292210273362786,46.19238755817378,4287.048278026377,4288.79109946559,4297.315,4282.12
2026-09-27T15:25:26.473587+00:00,EUR_USD,1.13911,none,none,0,780.7954,0.0,-1,no signal,13.069748241188922,43.18431381431516,1.1393952831599432,1.1392623670143602,1.14013,1.13896
2026-09-27T15:25:27.525206+00:00,GBP_USD,1.32455,none,none,0,780.7954,0.0,-1,no signal,14.749684666797767,48.475098367813,1.3243670779846552,1.3245903209163812,1.32547,1.3241
2026-09-27T15:39:17.637589+00:00,XAU_USD,4284.97,none,none,0,780.7954,0.0,-1,no signal,11.292210273362786,46.19238755817378,4287.048278026377,4288.79109946559,4297.315,4282.12
2026-09-27T15:39:17.810844+00:00,EUR_USD,1.13911,none,none,0,780.7954,0.0,-1,no signal,13.069748241188922,43.18431381431516,1.1393952831599432,1.1392623670143602,1.14013,1.13896
2026-09-27T15:39:18.066642+00:00,GBP_USD,1.32455,none,none,0,780.7954,0.0,-1,no signal,14.749684666797767,48.475098367813,1.3243670779846552,1.3245903209163812,1.32547,1.3241
2026-09-27T15:50:35.435165+00:00,XAU_USD,4284.97,none,none,0,780.7954,0.0,-1,no signal,11.292210273362786,46.19238755817378,4287.048278026377,4288.79109946559,4297.315,4282.12
2026-09-27T15:50:35.651858+00:00,EUR_USD,1.13911,none,none,0,780.7954,0.0,-1,no signal,13.069748241188922,43.18431381431516,1.1393952831599432,1.1392623670143602,1.14013,1.13896
2026-09-27T15:50:35.832613+00:00,GBP_USD,1.32455,none,none,0,780.7954,0.0,-1,no signal,14.749684666797767,48.475098367813,1.3243670779846552,1.3245903209163812,1.32547,1.3241
2026-09-27T16:00:14.828248+00:00,XAU_USD,4284.97,none,none,0,780.7954,0.0,-1,no signal,11.292210273362786,46.19238755817378,4287.048278026377,4288.79109946559,4297.315,4282.12
2026-09-27T16:00:15.728923+00:00,EUR_USD,1.13911,none,none,0,780.7954,0.0,-1,no signal,13.069748241188922,43.18431381431516,1.1393952831599432,1.1392623670143602,1.14013,1.13896
2026-09-27T16:00:16.552587+00:00,GBP_USD,1.32455,none,none,0,780.7954,0.0,-1,no signal,14.749684666797767,48.475098367813,1.3243670779846552,1.3245903209163812,1.32547,1.3241
2026-09-27T16:18:31.272246+00:00,XAU_USD,4284.97,none,none,0,780.7954,0.0,-1,no signal,11.292210273362786,46.19238755817378,4287.048278026377,4288.79109946559,4297.315,4282.12
2026-09-27T16:18:31.682565+00:00,EUR_USD,1.13911,none,none,0,780.7954,0.0,-1,no signal,13.069748241188922,43.18431381431516,1.1393952831599432,1.1392623670143602,1.14013,1.13896
2026-09-27T16:18:31.862597+00:00,GBP_USD,1.32455,none,none,0,780.7954,0.0,-1,no signal,14.749684666797767,48.475098367813,1.3243670779846552,1.3245903209163812,1.32547,1.3241
2026-09-27T16:33:22.285278+00:00,XAU_USD,4284.97,none,none,0,780.7954,0.0,-1,no signal,11.292210273362786,46.19238755817378,4287.048278026377,4288.79109946559,4297.315,4282.12
2026-09-27T16:33:22.737191+00:00,EUR_USD,1.13911,none,none,0,780.7954,0.0,-1,no signal,13.069748241188922,43.18431381431516,1.1393952831599432,1.1392623670143602,1.14013,1.13896
2026-09-27T16:33:23.178489+00:00,GBP_USD,1.32455,none,none,0,780.7954,0.0,-1,no signal,14.749684666797767,48.475098367813,1.3243670779846552,1.3245903209163812,1.32547,1.3241
2026-09-27T16:46:47.812968+00:00,XAU_USD,4284.97,none,none,0,780.7954,0.0,-1,no signal,11.292210273362786,46.19238755817378,4287.048278026377,4288.79109946559,4297.315,4282.12
2026-09-27T16:46:48.741806+00:00,EUR_USD,1.13911,none,none,0,780.7954,0.0,-1,no signal,13.069748241188922,43.18431381431516,1.1393952831599432,1.1392623670143602,1.14013,1.13896
2026-09-27T16:46:49.284148+00:00,GBP_USD,1.32455,none,none,0,780.7954,0.0,-1,no signal,14.749684666797767,48.475098367813,1.3243670779846552,1.3245903209163812,1.32547,1.3241
2026-09-27T16:57:13.169134+00:00,XAU_USD,4284.97,none,none,0,780.7954,0.0,-1,no signal,11.292210273362786,46.19238755817378,4287.048278026377,4288.79109946559,4297.315,4282.12
2026-09-27T16:57:13.764630+00:00,EUR_USD,1.13911,none,none,0,780.7954,0.0,-1,no signal,13.069748241188922,43.18431381431516,1.1393952831599432,1.1392623670143602,1.14013,1.13896
2026-09-27T16:57:14.767399+00:00,GBP_USD,1.32455,none,none,0,780.7954,0.0,-1,no signal,14.749684666797767,48.475098367813,1.3243670779846552,1.3245903209163812,1.32547,1.3241
2026-09-27T17:11:42.152111+00:00,XAU_USD,4284.97,none,none,0,780.7954,0.0,-1,no signal,11.292210273362786,46.19238755817378,4287.048278026377,4288.79109946559,4297.315,4282.12
2026-09-27T17:11:42.851521+00:00,EUR_USD,1.13911,none,none,0,780.7954,0.0,-1,no signal,13.069748241188922,43.18431381431516,1.1393952831599432,1.1392623670143602,1.14013,1.13896
2026-09-27T17:11:43.848767+00:00,GBP_USD,1.32455,none,none,0,780.7954,0.0,-1,no signal,14.749684666797767,48.475098367813,1.3243670779846552,1.3245903209163812,1.32547,1.3241
2026-09-27T17:25:33.526527+00:00,XAU_USD,4284.97,none,none,0,780.7954,0.0,-1,no signal,11.292210273362786,46.19238755817378,4287.048278026377,4288.79109946559,4297.315,4282.12
2026-09-27T17:25:33.721395+00:00,EUR_USD,1.13911,none,none,0,780.7954,0.0,-1,no signal,13.069748241188922,43.18431381431516,1.1393952831599432,1.1392623670143602,1.14013,1.13896
2026-09-27T17:25:34.097128+00:00,GBP_USD,1.32455,none,none,0,780.7954,0.0,-1,no signal,14.749684666797767,48.475098367813,1.3243670779846552,1.3245903209163812,1.32547,1.3241
2026-09-27T17:39:13.899038+00:00,XAU_USD,4284.97,none,none,0,780.7954,0.0,-1,no signal,11.292210273362786,46.19238755817378,4287.048278026377,4288.79109946559,4297.315,4282.12
2026-09-27T17:39:14.121572+00:00,EUR_USD,1.13911,none,none,0,780.7954,0.0,-1,no signal,13.069748241188922,43.18431381431516,1.1393952831599432,1.1392623670143602,1.14013,1.13896
2026-09-27T17:39:14.326831+00:00,GBP_USD,1.32455,none,none,0,780.7954,0.0,-1,no signal,14.749684666797767,48.475098367813,1.3243670779846552,1.3245903209163812,1.32547,1.3241
2026-09-27T17:49:43.520504+00:00,XAU_USD,4284.97,none,none,0,780.7954,0.0,-1,no signal,11.292210273362786,46.19238755817378,4287.048278026377,4288.79109946559,4297.315,4282.12
2026-09-27T17:49:43.897069+00:00,EUR_USD,1.13911,none,none,0,780.7954,0.0,-1,no signal,13.069748241188922,43.18431381431516,1.1393952831599432,1.1392623670143602,1.14013,1.13896
2026-09-27T17:49:44.212029+00:00,GBP_USD,1.32455,none,none,0,780.7954,0.0,-1,no signal,14.749684666797767,48.475098367813,1.3243670779846552,1.3245903209163812,1.32547,1.3241
2026-09-27T17:59:31.565352+00:00,XAU_USD,4284.97,none,none,0,780.7954,0.0,-1,no signal,11.292210273362786,46.19238755817378,4287.048278026377,4288.79109946559,4297.315,4282.12
2026-09-27T17:59:31.942476+00:00,EUR_USD,1.13911,none,none,0,780.7954,0.0,-1,no signal,13.069748241188922,43.18431381431516,1.1393952831599432,1.1392623670143602,1.14013,1.13896
2026-09-27T17:59:32.400020+00:00,GBP_USD,1.32455,none,none,0,780.7954,0.0,-1,no signal,14.749684666797767,48.475098367813,1.3243670779846552,1.3245903209163812,1.32547,1.3241
2026-09-27T18:19:45.265868+00:00,XAU_USD,4284.97,none,none,0,780.7954,0.0,-1,no signal,11.292210273362786,46.19238755817378,4287.048278026377,4288.79109946559,4297.315,4282.12
2026-09-27T18:19:46.276542+00:00,EUR_USD,1.13911,none,none,0,780.7954,0.0,-1,no signal,13.069748241188922,43.18431381431516,1.1393952831599432,1.1392623670143602,1.14013,1.13896
2026-09-27T18:19:46.830135+00:00,GBP_USD,1.32455,none,none,0,780.7954,0.0,-1,no signal,14.749684666797767,48.475098367813,1.3243670779846552,1.3245903209163812,1.32547,1.3241
2026-09-27T18:36:27.319918+00:00,XAU_USD,4284.97,none,none,0,780.7954,0.0,-1,no signal,11.292210273362786,46.19238755817378,4287.048278026377,4288.79109946559,4297.315,4282.12
2026-09-27T18:36:27.932321+00:00,EUR_USD,1.13911,none,none,0,780.7954,0.0,-1,no signal,13.069748241188922,43.18431381431516,1.1393952831599432,1.1392623670143602,1.14013,1.13896
2026-09-27T18:36:28.308455+00:00,GBP_USD,1.32455,none,none,0,780.7954,0.0,-1,no signal,14.749684666797767,48.475098367813,1.3243670779846552,1.3245903209163812,1.32547,1.3241
2026-09-27T18:50:39.967097+00:00,XAU_USD,4284.97,none,none,0,780.7954,0.0,-1,no signal,11.292210273362786,46.19238755817378,4287.048278026377,4288.79109946559,4297.315,4282.12
2026-09-27T18:50:40.346252+00:00,EUR_USD,1.13911,none,none,0,780.7954,0.0,-1,no signal,13.069748241188922,43.18431381431516,1.1393952831599432,1.1392623670143602,1.14013,1.13896
2026-09-27T18:50:41.855544+00:00,GBP_USD,1.32455,none,none,0,780.7954,0.0,-1,no signal,14.749684666797767,48.475098367813,1.3243670779846552,1.3245903209163812,1.32547,1.3241
2026-09-27T19:00:29.763254+00:00,XAU_USD,4284.97,none,none,0,780.7954,0.0,-1,no signal,11.292210273362786,46.19238755817378,4287.048278026377,4288.79109946559,4297.315,4282.12
2026-09-27T19:00:29.956849+00:00,EUR_USD,1.13911,none,none,0,780.7954,0.0,-1,no signal,13.069748241188922,43.18431381431516,1.1393952831599432,1.1392623670143602,1.14013,1.13896
2026-09-27T19:00:30.147347+00:00,GBP_USD,1.32455,none,none,0,780.7954,0.0,-1,no signal,14.749684666797767,48.475098367813,1.3243670779846552,1.3245903209163812,1.32547,1.3241
2026-09-27T19:15:47.292674+00:00,XAU_USD,4284.97,none,none,0,780.7954,0.0,-1,no signal,11.292210273362786,46.19238755817378,4287.048278026377,4288.79109946559,4297.315,4282.12
2026-09-27T19:15:47.531172+00:00,EUR_USD,1.13911,none,none,0,780.7954,0.0,-1,no signal,13.069748241188922,43.18431381431516,1.1393952831599432,1.1392623670143602,1.14013,1.13896
2026-09-27T19:15:47.867279+00:00,GBP_USD,1.32455,none,none,0,780.7954,0.0,-1,no signal,14.749684666797767,48.475098367813,1.3243670779846552,1.3245903209163812,1.32547,1.3241
2026-09-27T19:28:43.518399+00:00,XAU_USD,4284.97,none,none,0,780.7954,0.0,-1,no signal,11.292210273362786,46.19238755817378,4287.048278026377,4288.79109946559,4297.315,4282.12
2026-09-27T19:28:44.894272+00:00,EUR_USD,1.13911,none,none,0,780.7954,0.0,-1,no signal,13.069748241188922,43.18431381431516,1.1393952831599432,1.1392623670143602,1.14013,1.13896
2026-09-27T19:28:45.254858+00:00,GBP_USD,1.32455,none,none,0,780.7954,0.0,-1,no signal,14.749684666797767,48.475098367813,1.3243670779846552,1.3245903209163812,1.32547,1.3241
2026-09-27T19:41:38.557031+00:00,XAU_USD,4284.97,none,none,0,780.7954,0.0,-1,no signal,11.292210273362786,46.19238755817378,4287.048278026377,4288.79109946559,4297.315,4282.12
2026-09-27T19:41:39.524404+00:00,EUR_USD,1.13911,none,none,0,780.7954,0.0,-1,no signal,13.069748241188922,43.18431381431516,1.1393952831599432,1.1392623670143602,1.14013,1.13896
2026-09-27T19:41:39.974679+00:00,GBP_USD,1.32455,none,none,0,780.7954,0.0,-1,no signal,14.749684666797767,48.475098367813,1.3243670779846552,1.3245903209163812,1.32547,1.3241
2026-09-27T19:51:26.191051+00:00,XAU_USD,4284.97,none,none,0,780.7954,0.0,-1,no signal,11.292210273362786,46.19238755817378,4287.048278026377,4288.79109946559,4297.315,4282.12
2026-09-27T19:51:26.399434+00:00,EUR_USD,1.13911,none,none,0,780.7954,0.0,-1,no signal,13.069748241188922,43.18431381431516,1.1393952831599432,1.1392623670143602,1.14013,1.13896
2026-09-27T19:51:26.706177+00:00,GBP_USD,1.32455,none,none,0,780.7954,0.0,-1,no signal,14.749684666797767,48.475098367813,1.3243670779846552,1.3245903209163812,1.32547,1.3241
2026-09-27T20:01:11.845541+00:00,XAU_USD,4284.97,none,none,0,780.7954,0.0,-1,no signal,11.292210273362786,46.19238755817378,4287.048278026377,4288.79109946559,4297.315,4282.12
2026-09-27T20:01:12.050524+00:00,EUR_USD,1.13911,none,none,0,780.7954,0.0,-1,no signal,13.069748241188922,43.18431381431516,1.1393952831599432,1.1392623670143602,1.14013,1.13896
2026-09-27T20:01:12.378674+00:00,GBP_USD,1.32455,none,none,0,780.7954,0.0,-1,no signal,14.749684666797767,48.475098367813,1.3243670779846552,1.3245903209163812,1.32547,1.3241
2026-09-27T20:18:08.476906+00:00,XAU_USD,4284.97,none,none,0,780.7954,0.0,-1,no signal,11.292210273362786,46.19238755817378,4287.048278026377,4288.79109946559,4297.315,4282.12
2026-09-27T20:18:09.135233+00:00,EUR_USD,1.13911,none,none,0,780.7954,0.0,-1,no signal,13.069748241188922,43.18431381431516,1.1393952831599432,1.1392623670143602,1.14013,1.13896
2026-09-27T20:18:09.390428+00:00,GBP_USD,1.32455,none,none,0,780.7954,0.0,-1,no signal,14.749684666797767,48.475098367813,1.3243670779846552,1.3245903209163812,1.32547,1.3241
2026-09-27T20:32:14.739290+00:00,XAU_USD,4284.97,none,none,0,780.7954,0.0,-1,no signal,11.292210273362786,46.19238755817378,4287.048278026377,4288.79109946559,4297.315,4282.12
2026-09-27T20:32:15.026728+00:00,EUR_USD,1.13911,none,none,0,780.7954,0.0,-1,no signal,13.069748241188922,43.18431381431516,1.1393952831599432,1.1392623670143602,1.14013,1.13896
2026-09-27T20:32:15.200462+00:00,GBP_USD,1.32455,none,none,0,780.7954,0.0,-1,no signal,14.749684666797767,48.475098367813,1.3243670779846552,1.3245903209163812,1.32547,1.3241
2026-09-27T20:45:20.068971+00:00,XAU_USD,4284.97,none,none,0,780.7954,0.0,-1,no signal,11.292210273362786,46.19238755817378,4287.048278026377,4288.79109946559,4297.315,4282.12
2026-09-27T20:45:20.644284+00:00,EUR_USD,1.13911,none,none,0,780.7954,0.0,-1,no signal,13.069748241188922,43.18431381431516,1.1393952831599432,1.1392623670143602,1.14013,1.13896
2026-09-27T20:45:20.992720+00:00,GBP_USD,1.32455,none,none,0,780.7954,0.0,-1,no signal,14.749684666797767,48.475098367813,1.3243670779846552,1.3245903209163812,1.32547,1.3241
2026-09-27T20:55:19.861574+00:00,XAU_USD,4284.97,none,none,0,780.7954,0.0,-1,no signal,11.292210273362786,46.19238755817378,4287.048278026377,4288.79109946559,4297.315,4282.12
2026-09-27T20:55:20.316610+00:00,EUR_USD,1.13911,none,none,0,780.7954,0.0,-1,no signal,13.069748241188922,43.18431381431516,1.1393952831599432,1.1392623670143602,1.14013,1.13896
2026-09-27T20:55:20.863259+00:00,GBP_USD,1.32455,none,none,0,780.7954,0.0,-1,no signal,14.749684666797767,48.475098367813,1.3243670779846552,1.3245903209163812,1.32547,1.3241
2026-09-27T21:09:06.139177+00:00,XAU_USD,4284.97,none,none,0,780.7954,0.0,-1,no signal,11.292210273362786,46.19238755817378,4287.048278026377,4288.79109946559,4297.315,4282.12
2026-09-27T21:09:06.451867+00:00,EUR_USD,1.13911,none,none,0,780.7954,0.0,-1,no signal,13.069748241188934,43.18431381431516,1.1393952831604561,1.1392640003059193,1.14013,1.13896
2026-09-27T21:09:06.760376+00:00,GBP_USD,1.32455,none,none,0,780.7954,0.0,-1,no signal,14.749684666797783,48.475098367813,1.3243670779852545,1.3245922264231997,1.32547,1.3241
2026-09-27T21:23:55.960569+00:00,XAU_USD,4284.97,none,none,0,780.7954,0.0,-1,no signal,11.292210273362786,46.19238755817378,4287.048278026377,4288.79109946559,4297.315,4282.12
2026-09-27T21:23:56.915205+00:00,EUR_USD,1.13802,none,none,0,780.7954,0.0,-1,no signal,14.800906728550874,31.930946792394963,1.139341350488011,1.1392532554849801,1.14013,1.139
2026-09-27T21:23:57.903166+00:00,GBP_USD,1.3233,sell,sell,-15930,780.7954,0.0,-1,sell order FILLED (margin-capped size),16.263349291023758,37.888779016338454,1.324325231790653,1.3245822267090654,1.32547,1.32416
2026-09-27T21:37:05.846264+00:00,XAU_USD,4284.97,none,none,0,770.8255,0.0,-1,no signal,11.292210273362786,46.19238755817378,4287.048278026377,4288.79109946559,4297.315,4282.12
2026-09-27T21:37:06.954950+00:00,EUR_USD,1.13836,none,none,0,770.8255,0.0,-1,no signal,15.464167604940581,37.40991875388726,1.1393028661551043,1.1392442312630715,1.14013,1.13796
2026-09-27T21:37:07.115939+00:00,GBP_USD,1.32328,none,none,0,770.8255,-15930.0,-1,no signal,17.6688950135193,37.746739103428986,1.3242842423084953,1.3245687247988551,1.32547,1.32278
2026-09-27T21:47:26.543317+00:00,XAU_USD,4284.97,none,none,0,762.9317,0.0,-1,no signal,11.292210273362786,46.19238755817378,4287.048278026377,4288.79109946559,4297.315,4282.12
2026-09-27T21:47:27.476078+00:00,EUR_USD,1.1383,none,none,0,762.9317,0.0,-1,no signal,16.080052704445347,36.84628103960775,1.1392635380726448,1.139241369093352,1.14013,1.13796
2026-09-27T21:47:27.708855+00:00,GBP_USD,1.32386,none,none,0,762.9317,0.0,-1,no signal,17.466310788218166,44.27143572359089,1.324267605357553,1.324569090676632,1.32547,1.32278
2026-09-27T21:56:46.294402+00:00,XAU_USD,4284.97,none,none,0,762.9317,0.0,-1,no signal,11.292210273362786,46.19238755817378,4287.048278026377,4288.79109946559,4297.315,4282.12
2026-09-27T21:56:47.167887+00:00,EUR_USD,1.1383,none,none,0,762.9317,0.0,-1,no signal,16.080052704445347,36.84628103960775,1.1392635380726448,1.139241369093352,1.14013,1.13796
2026-09-27T21:56:47.735789+00:00,GBP_USD,1.32386,none,none,0,762.9317,0.0,-1,no signal,17.466310788218166,44.27143572359089,1.324267605357553,1.324569090676632,1.32547,1.32278
2026-09-27T22:12:33.219251+00:00,XAU_USD,4284.97,none,none,0,762.9317,0.0,-1,no signal,11.292210273362786,46.19238755817378,4288.199468324388,4288.249493624238
2026-09-27T22:12:34.818773+00:00,EUR_USD,1.13837,sell,sell,-18095,762.9317,0.0,-1,sell order FILLED (margin-capped size),16.59575220958224,38.0195550291299,1.1387485811216673,1.139125245136539
2026-09-27T22:12:35.105522+00:00,GBP_USD,1.32394,sell,sell,-4960,761.2747,0.0,-1,sell order FILLED (margin-capped size),17.278196864724226,45.12574191944269,1.3241052700493339,1.3243823265016157
2026-09-27T22:27:26.334626+00:00,XAU_USD,4266.165,none,none,0,764.5081,0.0,-1,no signal,13.420164987952843,31.727967437429967,4283.792574659511,4286.2418123856705
2026-09-27T22:27:26.574044+00:00,EUR_USD,1.13838,sell,none,0,764.5081,-18095.0,-1,already in matching position,16.20724702193886,38.19620042872154,1.138674864897334,1.1390574955786716
2026-09-27T22:27:26.823944+00:00,GBP_USD,1.32336,sell,none,0,764.5081,-4960.0,-1,already in matching position,17.950791283239404,40.301990813361705,1.3239562160394671,1.3242893877287414
2026-09-27T22:42:14.142385+00:00,XAU_USD,4268.705,sell,none,0,770.0034,0.0,-1,"computed 0 units — insufficient margin (available=87.04, needed for 3 units)",15.396122937215052,34.70219544542414,4280.775059727609,4284.647556714246
2026-09-27T22:42:14.463806+00:00,EUR_USD,1.13811,sell,none,0,770.0034,-18095.0,-1,already in matching position,15.97022941555469,35.2731249728689,1.1385618919178673,1.1389713596169742
2026-09-27T22:42:14.657397+00:00,GBP_USD,1.32306,sell,none,0,770.0034,-4960.0,-1,already in matching position,18.65025880080837,38.03710684895001,1.3237769728315738,1.3241776252079467
2026-09-27T22:53:12.426887+00:00,XAU_USD,4261.645,sell,none,0,774.5286,0.0,-1,"computed 0 units — insufficient margin (available=91.25, needed for 3 units)",17.629005047603933,30.698963067879035,4276.949047782087,4282.556415194769
2026-09-27T22:53:12.852739+00:00,EUR_USD,1.13798,sell,none,0,774.5286,-18095.0,-1,already in matching position,16.099548696051617,33.92686818597758,1.138445513534294,1.138881236015431
2026-09-27T22:53:13.020096+00:00,GBP_USD,1.32289,sell,none,0,774.5286,-4960.0,-1,already in matching position,19.563856295981346,36.77587530114583,1.323599578265259,1.3240605683708606
2026-09-27T23:04:47.452510+00:00,XAU_USD,4260.2,sell,none,0,775.5272,0.0,-1,"computed 0 units — insufficient margin (available=92.27, needed for 3 units)",19.99158600648332,29.937725042778226,4273.59923822567,4280.524013813427
2026-09-27T23:04:47.810205+00:00,EUR_USD,1.13774,sell,none,0,775.5272,-18095.0,-1,already in matching position,16.78593786534114,31.53401623885864,1.1383044108274352,1.1387774872867555
2026-09-27T23:04:48.132559+00:00,GBP_USD,1.32262,sell,none,0,775.5272,-4960.0,-1,already in matching position,20.78058595052113,34.802123157812275,1.3234036626122072,1.3239296076098734
2026-09-27T23:20:06.529776+00:00,XAU_USD,4265.09,sell,none,0,771.2857,0.0,-1,"computed 0 units — insufficient margin (available=87.78, needed for 3 units)",21.46266184470954,35.74447271737779,4271.897390580536,4279.1209216485695
2026-09-27T23:20:06.899380+00:00,EUR_USD,1.13785,sell,none,0,771.2857,-18095.0,-1,already in matching position,17.651809036351747,33.83732028431069,1.1382135286619481,1.1386931702606868
2026-09-27T23:20:08.297182+00:00,GBP_USD,1.32289,sell,none,0,771.2857,-4960.0,-1,already in matching position,21.92221041829216,38.364541442813234,1.3233009300897658,1.3238350978271576
2026-09-27T23:32:46.845097+00:00,XAU_USD,4263.37,sell,none,0,772.7144,0.0,-1,"computed 0 units — insufficient margin (available=89.32, needed for 3 units)",22.82866083734817,34.656452182022676,4270.191912464429,4277.689019680518
2026-09-27T23:32:48.267787+00:00,EUR_USD,1.13793,sell,none,0,772.7144,-18095.0,-1,already in matching position,18.04775126718771,35.53586339127534,1.1381568229295587,1.1386237911460788
2026-09-27T23:32:48.699711+00:00,GBP_USD,1.32296,sell,none,0,772.7144,-4960.0,-1,already in matching position,22.794041940382243,39.290700627751455,1.3232327440718126,1.323755543479234
2026-09-27T23:45:13.450704+00:00,XAU_USD,4260.48,sell,none,0,777.0545,0.0,-1,"computed 0 units — insufficient margin (available=94.04, needed for 3 units)",24.42375673707624,32.84727294136549,4268.249529971543,4276.124563345925
2026-09-27T23:45:14.083721+00:00,EUR_USD,1.1376,sell,none,0,776.98,-18095.0,-1,already in matching position,19.178393863567134,31.898081278774896,1.138045458343647,1.138530719223708
2026-09-27T23:45:14.270697+00:00,GBP_USD,1.32266,sell,none,0,776.98,-4960.0,-1,already in matching position,24.146541286579634,36.74251103284511,1.32311819525745,1.3236559486174855
2026-09-27T23:54:19.229401+00:00,XAU_USD,4260.48,sell,none,0,775.4157,0.0,-1,"computed 0 units — insufficient margin (available=92.24, needed for 3 units)",24.42375673707624,32.84727294136549,4268.249529971543,4276.124563345925
2026-09-27T23:54:19.794422+00:00,EUR_USD,1.1376,sell,none,0,775.3786,-18095.0,-1,already in matching position,19.178393863567134,31.898081278774896,1.138045458343647,1.138530719223708
2026-09-27T23:54:20.138878+00:00,GBP_USD,1.32266,sell,none,0,775.514,-4960.0,-1,already in matching position,24.146541286579634,36.74251103284511,1.32311819525745,1.3236559486174855
2026-09-28T00:10:43.587857+00:00,XAU_USD,4260.455,sell,none,0,766.4192,0.0,-1,"computed 0 units — insufficient margin (available=83.12, needed for 3 units)",25.566929337552082,32.83130633909789,4266.690623977234,4274.700057587204
2026-09-28T00:10:43.909337+00:00,EUR_USD,1.13781,sell,none,0,766.4192,-18095.0,-1,already in matching position,20.228276274490927,36.36257722263353,1.1379983666749176,1.13846519929428
2026-09-28T00:10:44.241183+00:00,GBP_USD,1.32286,sell,none,0,766.246,-4960.0,-1,already in matching position,25.402433536620087,39.55688761486597,1.32306655620596,1.3235835896522594
2026-09-28T00:36:15.706915+00:00,XAU_USD,4249.66,sell,none,0,769.0875,0.0,-1,"computed 0 units — insufficient margin (available=85.99, needed for 3 units)",28.995073605616113,26.544737552192217,4261.63159934543,4270.907981477028
2026-09-28T00:36:15.889427+00:00,EUR_USD,1.13796,sell,none,0,769.1857,-18095.0,-1,already in matching position,18.96733147660754,40.48702255372118,1.1380181546719474,1.1383948754498179
2026-09-28T00:36:16.067431+00:00,GBP_USD,1.32312,sell,none,0,769.1857,-4960.0,-1,already in matching position,23.83058596959391,43.61099753610634,1.3231241959718145,1.3235229666547597
2026-09-28T00:54:02.729712+00:00,XAU_USD,4237.015,none,none,0,759.0441,0.0,-1,no signal,31.79044571960196,21.265103354939853,4256.708279476345,4267.826801342753
2026-09-28T00:54:02.882215+00:00,EUR_USD,1.13834,sell,none,0,759.0441,-18095.0,-1,already in matching position,17.88074561444453,47.04169474396622,1.138082523737558,1.1383898867725615
2026-09-28T00:54:03.072180+00:00,GBP_USD,1.3234,sell,none,0,759.0441,-4960.0,-1,already in matching position,23.37860306470769,47.09396768416607,1.3231793567774517,1.3235117878679632
2026-09-28T01:07:15.722476+00:00,XAU_USD,4231.03,none,none,0,760.805,0.0,-1,no signal,34.44660103182504,19.307677019344823,4251.572623581076,4264.481637584321
2026-09-28T01:07:16.031625+00:00,EUR_USD,1.13852,sell,none,0,760.7672,-18095.0,-1,already in matching position,16.939187948040008,49.858827880132104,1.1381700189900466,1.138401715247783
2026-09-28T01:07:16.333767+00:00,GBP_USD,1.32369,sell,none,0,760.7293,-4960.0,-1,already in matching position,22.078251923922153,50.503938285435986,1.3232814854219614,1.3235279889708755
2026-09-28T01:23:27.911637+00:00,XAU_USD,4221.06,none,none,0,759.2561,0.0,-1,no signal,37.321299535786295,16.571222876808562,4245.470098864861,4260.534215985746
2026-09-28T01:23:28.071348+00:00,EUR_USD,1.13848,sell,none,0,759.2561,-18095.0,-1,already in matching position,16.40535381345544,49.232078897185346,1.1382320151920373,1.138408832043439
2026-09-28T01:23:28.830854+00:00,GBP_USD,1.32368,sell,none,0,759.2561,-4960.0,-1,already in matching position,20.9464645580099,50.38334610873156,1.3233611883375693,1.3235418081553414
2026-09-28T01:38:04.992781+00:00,XAU_USD,4220.67,none,none,0,759.8953,0.0,-1,no signal,39.99066243232176,16.472871241531323,4240.51007909189,4256.910196350678
2026-09-28T01:38:05.635328+00:00,EUR_USD,1.13864,sell,none,0,759.8575,-18095.0,-1,already in matching position,15.90965068848406,51.83993322476975,1.13831361215363,1.138429847312217
2026-09-28T01:38:06.696625+00:00,GBP_USD,1.324,sell,none,0,759.8953,-4960.0,-1,already in matching position,19.50574148836856,54.1557117841665,1.3234889506700553,1.3235834619594014
2026-09-28T01:50:45.731592+00:00,XAU_USD,4209.8,none,none,0,757.5846,0.0,-1,no signal,42.67800119320749,13.98202596421092,4234.368063273512,4252.62745122789
2026-09-28T01:50:47.558325+00:00,EUR_USD,1.13862,sell,none,0,757.509,-18095.0,-1,already in matching position,15.44935492958206,51.483924786319065,1.138374889722904,1.1384471339201971
2026-09-28T01:50:48.457589+00:00,GBP_USD,1.32398,sell,none,0,757.647,-4960.0,-1,already in matching position,18.145872838104182,53.879985301062234,1.3235871605360443,1.323619510872183
2026-09-28T02:00:56.069665+00:00,XAU_USD,4216.11,none,none,0,752.0712,0.0,-1,no signal,45.22950997194832,21.41091980082355,4230.71645061881,4249.3076829344445
2026-09-28T02:00:56.271129+00:00,EUR_USD,1.13886,sell,none,0,752.2091,-18095.0,-1,already in matching position,15.69726491266299,55.4386819063768,1.1384719117783233,1.1384846672001792
2026-09-28T02:00:57.459850+00:00,GBP_USD,1.32434,buy,buy,1405,752.2091,-4960.0,-1,buy order FILLED (margin-capped size),17.65303682284829,58.0228812643045,1.3237377284288356,1.3236850098838027
2026-09-28T02:19:24.075267+00:00,XAU_USD,4215.89,none,none,0,752.5382,0.0,-1,no signal,47.598768123636226,21.341714040558486,4227.751160495049,4246.269711758586
2026-09-28T02:19:24.774111+00:00,EUR_USD,1.13892,buy,buy,2756,752.6762,-18095.0,-1,buy order FILLED (margin-capped size),15.92746703980956,56.39563104043781,1.1385615294226588,1.1385242429092537
2026-09-28T02:19:25.622863+00:00,GBP_USD,1.32438,buy,buy,3979,752.6762,-3555.0,-1,buy order FILLED (margin-capped size),17.19540338011067,58.469283324114265,1.3238661827430684,1.323748190803457
2026-09-28T02:35:27.872051+00:00,XAU_USD,4215.16,none,none,0,751.1925,0.0,-1,no signal,49.79879355020356,21.09802633880949,4225.232928396039,4243.441556144169
2026-09-28T02:35:28.300433+00:00,EUR_USD,1.13887,buy,buy,17474,751.1957,0.0,-1,buy order FILLED (margin-capped size),16.427004341971205,55.3293062947632,1.138623223538127,1.1385556753720487
2026-09-28T02:35:28.673234+00:00,GBP_USD,1.32437,buy,none,0,750.3961,424.0,-1,already in matching position,17.114982443890817,58.30235717680648,1.3239669461944548,1.3238047189122337
2026-09-28T02:49:41.656015+00:00,XAU_USD,4207.23,none,none,0,749.8792,0.0,-1,no signal,52.069257171780684,18.611865448000103,4221.632342716832,4240.149596494699
2026-09-28T02:49:42.023050+00:00,EUR_USD,1.13893,buy,none,0,749.8792,17474.0,-1,already in matching position,16.89086040826419,56.394793656209615,1.1386845788305018,1.1385897048836806
2026-09-28T02:49:42.315899+00:00,GBP_USD,1.32437,buy,none,0,749.8792,424.0,-1,already in matching position,16.900010042496774,58.30235717680648,1.3240475569555639,1.3238561081020306
2026-09-28T03:00:58.253678+00:00,XAU_USD,4196.9,none,none,0,750.5682,0.0,-1,no signal,54.392186885650695,15.971599736741936,4216.685874173466,4236.217814995181
2026-09-28T03:00:58.744798+00:00,EUR_USD,1.13887,buy,none,0,750.5682,17474.0,-1,already in matching position,17.07733720309377,54.98246904398651,1.1387216630644015,1.1386151862578915
2026-09-28T03:00:59.187716+00:00,GBP_USD,1.32432,buy,none,0,750.5682,424.0,-1,already in matching position,16.744792810435918,57.35286565147547,1.3241020455644512,1.323898280092755
2026-09-28T03:20:42.002848+00:00,XAU_USD,4200.365,none,none,0,751.5313,0.0,-1,no signal,56.54919304852996,20.067673652230027,4213.421699338773,4232.958468177437
2026-09-28T03:20:43.596843+00:00,EUR_USD,1.13906,buy,none,0,751.5313,17474.0,-1,already in matching position,17.626165120752276,58.52466401677741,1.1387893304515213,1.1386556238708103
2026-09-28T03:20:43.922541+00:00,GBP_USD,1.32457,buy,none,0,751.5248,424.0,-1,already in matching position,16.97908377141603,60.791164419522865,1.324195636451561,1.323959345538868
2026-09-28T03:37:23.608283+00:00,XAU_USD,4196.035,none,none,0,745.9294,0.0,-1,no signal,58.5698682671108,18.832257128921555,4209.944359471018,4229.601789252215
2026-09-28T03:37:23.824313+00:00,EUR_USD,1.13888,buy,none,0,745.9294,17474.0,-1,already in matching position,18.293105563143488,54.175578609763626,1.138807464361217,1.1386760217007368
2026-09-28T03:37:24.279229+00:00,GBP_USD,1.32449,buy,none,0,745.9294,424.0,-1,already in matching position,17.392064506728087,59.14782527500125,1.324254509161249,1.3240075868535164
2026-09-28T03:52:52.774551+00:00,XAU_USD,4193.385,none,none,0,747.5908,0.0,-1,no signal,60.499185256283866,18.097932652122182,4206.632487576815,4226.309353865649
2026-09-28T03:52:53.238462+00:00,EUR_USD,1.13872,buy,none,0,747.5908,17474.0,-1,already in matching position,17.537932475167924,50.57767109050899,1.1387899714889735,1.1386800197279425
2026-09-28T03:52:53.778871+00:00,GBP_USD,1.32426,buy,none,0,747.5908,424.0,-1,already in matching position,16.48914840063768,54.57967661364936,1.3242556073289993,1.3240305335031968
2026-09-28T04:05:19.757713+00:00,XAU_USD,4196.84,sell,sell,-1,748.267,0.0,-1,sell order FILLED (margin-capped size),61.949905395313884,22.349200071551834,4204.673990061452,4223.630321696045
2026-09-28T04:05:21.572496+00:00,EUR_USD,1.13864,buy,none,0,748.0371,17474.0,-1,already in matching position,16.83670032204776,48.831444112899916,1.138759977191179,1.1386763815708567
2026-09-28T04:05:21.957942+00:00,GBP_USD,1.32422,buy,none,0,747.894,424.0,-1,already in matching position,15.650726302125182,53.80143906963629,1.3242484858631995,1.3240477577301788
2026-09-28T04:24:25.935826+00:00,XAU_USD,4199.675,sell,none,0,749.5915,-1.0,-1,"computed 0 units — insufficient margin (available=76.89, needed for 2 units)",63.28180492120574,25.754710092026357,4203.674192049162,4221.452565178222
2026-09-28T04:24:26.128363+00:00,EUR_USD,1.13888,buy,none,0,749.4619,17474.0,-1,already in matching position,16.659916266634152,53.966251361367235,1.138783981752943,1.1386948923371425
2026-09-28T04:24:26.448438+00:00,GBP_USD,1.32455,buy,none,0,749.3857,424.0,-1,already in matching position,15.405595288343479,58.99597061744952,1.3243087886905596,1.3240934161183442
2026-09-28T04:42:19.823081+00:00,XAU_USD,4199.825,sell,none,0,748.8377,-1.0,-1,"computed 0 units — insufficient margin (available=76.04, needed for 2 units)",64.46160502442012,25.93978352667574,4202.90435363933,4219.486422889293
2026-09-28T04:42:20.514409+00:00,EUR_USD,1.13876,buy,none,0,748.8377,17474.0,-1,already in matching position,16.558324473991572,51.19967369775262,1.1387791854023546,1.1387008112155839
2026-09-28T04:42:20.762111+00:00,GBP_USD,1.32451,buy,none,0,748.8377,424.0,-1,already in matching position,15.466563299376421,58.14258946835151,1.3243490309524477,1.3241312873803128
2026-09-28T04:56:28.775150+00:00,XAU_USD,4198.41,sell,none,0,747.5293,-1.0,-1,"computed 0 units — insufficient margin (available=74.97, needed for 3 units)",65.46187110395923,25.299119343156818,4202.005482911464,4217.570384444812
2026-09-28T04:56:29.077863+00:00,EUR_USD,1.13895,buy,none,0,747.4149,17474.0,-1,already in matching position,16.719485795472227,55.12256005449305,1.1388133483218836,1.13872346474144
2026-09-28T04:56:29.542049+00:00,GBP_USD,1.32464,buy,none,0,747.4149,424.0,-1,already in matching position,15.714510133806781,60.15961884561581,1.3244072247619583,1.3241775339821025
2026-09-28T05:12:20.983300+00:00,XAU_USD,4194.82,sell,none,0,749.3323,-1.0,-1,"computed 0 units — insufficient margin (available=77.00, needed for 3 units)",66.4586644679875,23.699812829277334,4200.5683863291715,4215.502167677101
2026-09-28T05:12:21.321446+00:00,EUR_USD,1.13866,buy,none,0,749.3622,17474.0,-1,already in matching position,16.081840543268537,48.68911021126527,1.138782678657507,1.1387176952194908
2026-09-28T05:12:21.624003+00:00,GBP_USD,1.32434,buy,none,0,749.3772,424.0,-1,already in matching position,15.149010927738328,53.72558151121234,1.3243937798095669,1.324192303620093
2026-09-28T05:29:50.156400+00:00,XAU_USD,4192.495,sell,none,0,750.9629,-1.0,-1,"computed 0 units — insufficient margin (available=78.69, needed for 3 units)",67.53263413406087,22.699014665572818,4198.953709063338,4213.410606979183
2026-09-28T05:29:50.394154+00:00,EUR_USD,1.1386,buy,none,0,750.9629,17474.0,-1,already in matching position,15.084877272788065,47.45505398429195,1.1387461429260057,1.1387069956540827
2026-09-28T05:29:50.828190+00:00,GBP_USD,1.32432,none,none,0,751.1728,424.0,-1,no signal,14.37343279700997,53.31619729793802,1.3243790238476536,1.3242039123819027
2026-09-28T05:46:08.188793+00:00,XAU_USD,4183.43,none,none,0,753.4494,-1.0,-1,no signal,69.83130963591302,19.102329385031595,4194.532373800536,4208.810253701804
2026-09-28T05:46:08.310760+00:00,EUR_USD,1.13829,none,none,0,753.4494,0.0,-1,no signal,13.84666588785355,41.52414058280215,1.1386411314726437,1.138665203019903
2026-09-28T05:46:08.485450+00:00,GBP_USD,1.32406,none,none,0,753.4494,424.0,-1,no signal,13.434340957204393,47.851621628975124,1.3243265752624984,1.3242111672577708
2026-09-28T05:58:13.200257+00:00,XAU_USD,4183.43,none,none,0,752.7572,-1.0,-1,no signal,69.83130963591302,19.102329385031595,4194.532373800536,4208.810253701804
2026-09-28T05:58:13.359925+00:00,EUR_USD,1.13829,none,none,0,752.6824,0.0,-1,no signal,13.84666588785355,41.52414058280215,1.1386411314726437,1.138665203019903
2026-09-28T05:58:13.963089+00:00,GBP_USD,1.32406,none,none,0,752.6974,0.0,-1,no signal,13.434340957204393,47.851621628975124,1.3243265752624984,1.3242111672577708
2026-09-28T06:22:13.112862+00:00,XAU_USD,4178.99,none,none,0,757.7425,-1.0,-1,no signal,72.07354274062048,17.59709044728052,4189.021919232344,4203.678639422979
2026-09-28T06:22:13.451087+00:00,EUR_USD,1.13786,sell,sell,-14246,757.8173,0.0,-1,sell order FILLED (margin-capped size),16.046954934640997,34.64321076280095,1.1384303241424922,1.1385618206776056
2026-09-28T06:22:13.674266+00:00,GBP_USD,1.32355,none,none,0,756.9889,0.0,-1,no signal,12.881808968667945,39.55559439349066,1.3241318081679991,1.3241402208741906
2026-09-28T06:45:33.201636+00:00,XAU_USD,4171.76,none,none,0,757.6673,0.0,-1,no signal,74.32195400643786,17.599119510629436,4182.5212283087,4197.99110696114
2026-09-28T06:45:35.105391+00:00,EUR_USD,1.1381,sell,none,0,757.5586,-14246.0,-1,already in matching position,18.164647742288967,41.5022986376251,1.138263407451195,1.1384568765930623
2026-09-28T06:45:35.419423+00:00,GBP_USD,1.32403,none,none,0,757.7758,0.0,-1,no signal,12.817251663854018,49.453814256283636,1.3239895572275198,1.324066546177017
2026-09-28T07:01:47.746901+00:00,XAU_USD,4164.275,none,none,0,766.8144,0.0,-1,no signal,75.44386916194723,15.373985884019689,4178.8719826469605,4194.926006328309
2026-09-28T07:01:47.920834+00:00,EUR_USD,1.13769,sell,none,0,766.8144,-14246.0,-1,already in matching position,18.50963905358456,35.43183242898792,1.138148725960956,1.1383871605391476
2026-09-28T07:01:48.098592+00:00,GBP_USD,1.32418,none,none,0,766.8144,0.0,-1,no signal,12.300958594340557,51.77086098972527,1.324027645782016,1.3240768601609243
2026-09-28T07:22:22.965721+00:00,XAU_USD,4161.265,none,none,0,765.216,0.0,-1,no signal,76.50969293390513,14.575882086799496,4175.350586117569,4191.865914843917
2026-09-28T07:22:23.904861+00:00,EUR_USD,1.13731,sell,none,0,765.216,-14246.0,-1,already in matching position,19.751281088912247,30.917997473293525,1.1379809807687649,1.1382892368537705
2026-09-28T07:22:24.331771+00:00,GBP_USD,1.32366,none,none,0,765.216,0.0,-1,no signal,11.596085000240366,44.205651362638584,1.3239541166256128,1.3240389637826584
2026-09-28T07:38:44.346331+00:00,XAU_USD,4158.36,none,none,0,763.723,0.0,-1,no signal,77.55441858652954,13.829691581681956,4171.9524688940555,4188.819922585379
2026-09-28T07:38:44.909819+00:00,EUR_USD,1.13756,sell,none,0,763.6166,-14246.0,-1,already in matching position,20.81526857432224,36.63710387927641,1.1378967846150119,1.1382229425943367
2026-09-28T07:38:45.483504+00:00,GBP_USD,1.32487,none,none,0,763.6166,0.0,-1,no signal,11.950855129688284,59.160517227669764,1.3241372933004902,1.3241145125296894
2026-09-28T07:54:00.594839+00:00,XAU_USD,4153.98,none,none,0,755.3972,0.0,-1,no signal,78.57886317170428,12.76833391562397,4168.357975115245,4185.652656895799
2026-09-28T07:54:00.861404+00:00,EUR_USD,1.13758,sell,sell,-17929,755.3972,0.0,-1,sell order FILLED (margin-capped size),21.26551631712565,37.08583518040099,1.1378334276920095,1.1381644932675787
2026-09-28T07:54:01.025325+00:00,GBP_USD,1.32562,none,none,0,754.3049,0.0,-1,no signal,13.962238439656996,65.35849044754296,1.3244338346403923,1.3242513750269904
2026-09-28T08:09:09.014177+00:00,XAU_USD,4155.71,none,none,0,753.4857,0.0,-1,no signal,79.54905858941541,15.52592205342107,4165.828380092196,4182.930597177999
2026-09-28T08:09:09.250884+00:00,EUR_USD,1.13829,sell,sell,-17872,753.4857,0.0,-1,sell order FILLED (margin-capped size),20.119447149674414,50.4904262383238,1.1379247421536076,1.138175902970526
2026-09-28T08:09:09.750177+00:00,GBP_USD,1.32649,buy,buy,4922,752.5333,0.0,-1,buy order FILLED (margin-capped size),16.35497885528878,70.87941946531322,1.324845067712314,1.324454886388173
2026-09-28T08:29:58.847399+00:00,XAU_USD,4156.91,none,none,0,754.0504,0.0,-1,no signal,80.44995433443289,17.474699196170477,4164.044704073757,4180.565088343635
2026-09-28T08:29:59.664549+00:00,EUR_USD,1.13836,sell,none,0,754.0504,-17872.0,-1,already in matching position,20.26495804859545,51.585651864521424,1.1380117937228862,1.1381926390641144
2026-09-28T08:30:01.062712+00:00,GBP_USD,1.32628,buy,none,0,754.0504,4922.0,-1,already in matching position,21.214449443886785,65.12243504235062,1.325460843335881,1.3248228813125398
2026-09-28T08:48:18.159747+00:00,XAU_USD,4149.25,none,none,0,757.7476,0.0,-1,no signal,82.25287001416163,20.12787680280765,4158.033010607205,4174.776106069119
2026-09-28T08:48:18.470627+00:00,EUR_USD,1.13782,sell,none,0,757.6743,-17872.0,-1,already in matching position,19.156332345142342,43.50015279160585,1.1379555479826473,1.1381345777389376
2026-09-28T08:48:18.817926+00:00,GBP_USD,1.327,buy,none,0,757.6743,4922.0,-1,already in matching position,22.919803101334427,69.29389143433846,1.325768674668705,1.3250208011932179
2026-09-28T09:00:34.961596+00:00,XAU_USD,4144.585,none,none,0,759.8377,0.0,-1,no signal,82.53784016321593,18.57819615185356,4155.3434084857645,4172.031460062835
2026-09-28T09:00:36.021065+00:00,EUR_USD,1.13752,sell,none,0,759.8003,-17872.0,-1,already in matching position,17.935452863425922,39.550941583060855,1.137868438386118,1.1380787070353977
2026-09-28T09:00:40.210734+00:00,GBP_USD,1.32684,buy,none,0,759.9126,4922.0,-1,already in matching position,24.818332125583016,67.36568964567917,1.325982939734964,1.3251861829029252
2026-09-28T09:22:56.928566+00:00,XAU_USD,4144.6,none,none,0,756.2551,0.0,-1,no signal,82.88480654291031,18.599897838546056,4153.194726788612,4169.537690966214
2026-09-28T09:22:57.588719+00:00,EUR_USD,1.13757,sell,none,0,756.2551,-17872.0,-1,already in matching position,17.05825197210602,40.52016251479404,1.1378087507088943,1.1380324609412706
2026-09-28T09:22:58.495707+00:00,GBP_USD,1.32656,buy,none,0,756.2177,4922.0,-1,already in matching position,25.73122088483236,64.00892571095062,1.3260983517879712,1.3253110753662956
2026-09-28T09:39:51.184207+00:00,XAU_USD,4146.385,none,none,0,756.0606,0.0,-1,no signal,82.7665469105725,21.28847641256435,4151.83278143089,4167.432900878376
2026-09-28T09:39:55.025351+00:00,EUR_USD,1.13782,sell,none,0,756.0606,-17872.0,-1,already in matching position,15.857910790421244,45.24725229353119,1.1378110005671156,1.1380131463102459
2026-09-28T09:39:55.401791+00:00,GBP_USD,1.3266,buy,none,0,755.7233,4922.0,-1,already in matching position,26.578903304135324,64.28273418790414,1.326198681430377,1.325428250332996
2026-09-28T09:55:13.194365+00:00,XAU_USD,4149.885,sell,none,0,756.5943,0.0,-1,"computed 0 units — insufficient margin (available=82.16, needed for 2 units)",82.0033890547645,26.420284368160807,4151.4432251447115,4165.83763716216
2026-09-28T09:55:14.280714+00:00,EUR_USD,1.13776,none,none,0,756.5943,-17872.0,-1,no signal,14.743308264571093,44.33653876419347,1.1378008004536926,1.1379901330093145
2026-09-28T09:55:15.017963+00:00,GBP_USD,1.3261,buy,none,0,756.7652,4922.0,-1,already in matching position,26.38988600919383,58.311039951213,1.3261789451443016,1.3254893184845415
2026-09-28T10:10:54.085022+00:00,XAU_USD,4156.12,sell,sell,-1,758.5624,0.0,-1,sell order FILLED (margin-capped size),79.52149826569885,34.60041377606825,4152.378580115769,4164.954215601963
2026-09-28T10:10:54.897663+00:00,EUR_USD,1.13752,none,none,0,758.5932,-17872.0,-1,no signal,14.627870410974072,40.79913069894394,1.1377446403629543,1.1379473936448312
2026-09-28T10:10:55.478026+00:00,GBP_USD,1.32582,buy,buy,1863,758.6008,0.0,-1,buy order FILLED (margin-capped size),25.774918642832667,55.21752061783828,1.3261071561154412,1.3255193804404923
2026-09-28T10:30:50.831539+00:00,XAU_USD,4158.605,sell,none,0,763.2959,-1.0,-1,already in matching position,74.56434072046856,38.15538430519635,4154.112091274093,4163.589888927242
2026-09-28T10:30:51.050185+00:00,EUR_USD,1.13726,sell,sell,-12943,763.7278,0.0,-1,sell order FILLED (margin-capped size),16.51065367126408,38.83061821231937,1.1375429698322908,1.137814044334571
2026-09-28T10:30:51.284568+00:00,GBP_USD,1.3255,buy,none,0,762.9719,1863.0,-1,already in matching position,22.624629526533965,51.83434258680775,1.3258597799138823,1.3255011408599109
2026-09-28T10:48:24.120627+00:00,XAU_USD,4155.975,sell,none,0,762.7436,-1.0,-1,"computed 0 units — insufficient margin (available=174.54, needed for 3 units)",72.2290166807365,36.190717374925505,4154.484673019275,4162.897626297493
2026-09-28T10:48:24.654632+00:00,EUR_USD,1.1374,sell,none,0,763.2227,-12943.0,-1,already in matching position,17.09245109544895,41.61370913163247,1.1375143758658326,1.137776403940519
2026-09-28T10:48:24.898704+00:00,GBP_USD,1.32578,buy,none,0,763.7893,1863.0,-1,already in matching position,21.53773311962973,54.47666069427015,1.325843823931106,1.325526491690828
2026-09-28T10:59:26.864471+00:00,XAU_USD,4155.975,sell,none,0,762.0276,-1.0,-1,"computed 0 units — insufficient margin (available=173.67, needed for 3 units)",72.2290166807365,36.190717374925505,4154.484673019275,4162.897626297493
2026-09-28T10:59:27.071128+00:00,EUR_USD,1.1374,sell,none,0,762.0961,-12943.0,-1,already in matching position,17.09245109544895,41.61370913163247,1.1375143758658326,1.137776403940519
2026-09-28T10:59:27.215363+00:00,GBP_USD,1.32578,buy,none,0,762.1647,1863.0,-1,already in matching position,21.53773311962973,54.47666069427015,1.325843823931106,1.325526491690828
2026-09-28T11:18:10.461051+00:00,XAU_USD,4150.065,sell,none,0,764.9088,-1.0,-1,"computed 0 units — insufficient margin (available=176.81, needed for 3 units)",68.66799993404541,31.92860540981485,4153.769590732336,4161.122955617762
2026-09-28T11:18:11.277360+00:00,EUR_USD,1.13706,sell,none,0,764.8821,-12943.0,-1,already in matching position,18.514341037910647,36.98381311592892,1.1373876005541328,1.1376710776367926
2026-09-28T11:18:11.698590+00:00,GBP_USD,1.32518,buy,none,0,764.8821,1863.0,-1,already in matching position,19.744787384011317,47.940632009979225,1.325700847315908,1.3255159435461388
2026-09-28T11:36:21.085744+00:00,XAU_USD,4155.625,sell,none,0,765.2367,-1.0,-1,"computed 0 units — insufficient margin (available=177.44, needed for 3 units)",67.39520190571851,39.21908633647047,4154.140672585869,4160.623141470693
2026-09-28T11:36:21.517832+00:00,EUR_USD,1.13746,sell,none,0,765.5832,-12943.0,-1,already in matching position,19.058968191731665,44.93017379262176,1.1374020804433063,1.1376518887607205
2026-09-28T11:36:21.883804+00:00,GBP_USD,1.32658,buy,none,0,765.5832,1863.0,-1,already in matching position,18.639637439179015,60.000008178094006,1.3258766778527264,1.3256126759510352
2026-09-28T11:51:39.994465+00:00,XAU_USD,4151.995,sell,none,0,767.3343,-1.0,-1,"computed 0 units — insufficient margin (available=179.33, needed for 3 units)",66.21331802227209,36.47261571626759,4153.7115380686955,4159.838764973357
2026-09-28T11:51:40.129897+00:00,EUR_USD,1.13754,sell,none,0,767.185,-12943.0,-1,already in matching position,18.963273449385934,46.386324786688355,1.137429664354645,1.1376417170552005
2026-09-28T11:51:40.436245+00:00,GBP_USD,1.32648,buy,none,0,767.185,1863.0,-1,already in matching position,17.772446667588582,58.94958724668729,1.3259973422821811,1.3256915235918503
2026-09-28T12:02:07.140794+00:00,XAU_USD,4148.855,sell,none,0,767.288,-1.0,-1,"computed 0 units — insufficient margin (available=179.34, needed for 3 units)",65.18600050560161,34.23901058663051,4152.740230454957,4158.84024088487
2026-09-28T12:02:11.080480+00:00,EUR_USD,1.13752,sell,none,0,767.3403,-12943.0,-1,already in matching position,19.59516725019105,46.058435985708755,1.1374477314837161,1.1376306518683639
2026-09-28T12:02:15.223678+00:00,GBP_USD,1.32626,buy,none,0,767.5877,1863.0,-1,already in matching position,16.95308168340161,56.60184710437215,1.326049873825745,1.3257432032653182
2026-09-28T12:27:15.832581+00:00,XAU_USD,4165.795,sell,sell,-2,745.8555,0.0,-1,sell order FILLED,61.03838866345731,51.49659939954759,4155.351184363966,4159.472491713518
2026-09-28T12:27:17.283745+00:00,EUR_USD,1.13767,sell,sell,-8777,745.048,0.0,-1,sell order FILLED (margin-capped size),18.90743818595774,48.971787710321934,1.1374921851869728,1.1376342289712398
2026-09-28T12:27:17.436721+00:00,GBP_USD,1.32641,buy,none,0,744.6244,1863.0,-1,already in matching position,15.90842046743603,57.83488329980233,1.326121899060596,1.3258038211502894
2026-09-28T12:48:57.758684+00:00,XAU_USD,4145.305,sell,none,0,760.5514,-2.0,-1,"computed 0 units — insufficient margin (available=135.19, needed for 2 units)",54.1144138798872,38.05021420522297,4153.1737579929395,4157.75705926737
2026-09-28T12:48:58.628530+00:00,EUR_USD,1.137,sell,none,0,760.1088,-8777.0,-1,already in matching position,18.499284581288098,38.49897262280921,1.1373805985196628,1.1375580404720989
2026-09-28T12:48:59.001508+00:00,GBP_USD,1.32538,none,none,0,759.7503,1863.0,-1,no signal,14.64724775618327,47.3999395822252,1.3259572153987815,1.3257831579754458
2026-09-28T13:02:30.341505+00:00,XAU_USD,4154.45,sell,none,0,767.1929,-2.0,-1,"computed 0 units — insufficient margin (available=142.30, needed for 2 units)",51.359800056118004,45.21314941409532,4153.429006394352,4157.456417515791
2026-09-28T13:02:32.131556+00:00,EUR_USD,1.13704,sell,none,0,767.602,-8777.0,-1,already in matching position,19.377449178903735,39.35656155388301,1.1373124788157303,1.1375109458837263
2026-09-28T13:02:32.314893+00:00,GBP_USD,1.32581,none,none,0,768.1466,1863.0,-1,no signal,14.827607609090013,51.447861394451174,1.3259277723190253,1.3257855981594961
2026-09-28T13:22:41.165959+00:00,XAU_USD,4147.3,sell,none,0,765.6166,-2.0,-1,"computed 0 units — insufficient margin (available=202.69, needed for 2 units)",48.80194436261806,41.2019352982959,4152.203205115482,4156.533106832538
2026-09-28T13:22:41.493648+00:00,EUR_USD,1.13626,sell,none,0,765.4672,-8777.0,-1,already in matching position,20.829036320548365,30.442170130545236,1.1371019830525841,1.1373972235306602
2026-09-28T13:22:42.418927+00:00,GBP_USD,1.3249,buy,buy,4138,765.9154,0.0,-1,buy order FILLED (margin-capped size),15.61257044196823,43.77090583151056,1.3257222178552202,1.3257050892359055
2026-09-28T13:40:08.053636+00:00,XAU_USD,4142.29,sell,sell,-2,780.7801,0.0,-1,sell order FILLED,46.9025041105038,38.616685863132176,4150.220564092386,4155.23827893867
2026-09-28T13:40:10.698821+00:00,EUR_USD,1.13654,sell,sell,-7840,780.0665,0.0,-1,sell order FILLED (margin-capped size),22.176938666361213,36.04250633282356,1.1369895864420674,1.137319294118782
2026-09-28T13:40:11.176316+00:00,GBP_USD,1.32526,sell,sell,-2136,778.779,4138.0,-1,sell order FILLED (margin-capped size),16.341464501069417,47.13185223720982,1.3256297742841763,1.325664626578096
2026-09-28T13:56:41.725973+00:00,XAU_USD,4151.18,sell,sell,-2,765.5769,0.0,-1,sell order FILLED,45.72652103018217,45.18876983697463,4150.412451273909,4154.8693444897
2026-09-28T13:56:42.051832+00:00,EUR_USD,1.13676,sell,none,0,764.5108,-7840.0,-1,already in matching position,24.084896066138626,40.1218103219377,1.1369436691536539,1.1372684491988927
2026-09-28T13:56:42.511199+00:00,GBP_USD,1.32613,buy,none,0,764.0843,2002.0,-1,already in matching position,15.963952217467549,54.24895098415579,1.325729819427341,1.3257069332528146
2026-09-28T14:14:18.167143+00:00,XAU_USD,4157.015,sell,none,0,788.2541,-2.0,-1,already in matching position,43.06186821590187,49.04500340646028,4151.732961019127,4155.064404081545
2026-09-28T14:14:21.983476+00:00,EUR_USD,1.13634,sell,none,0,788.0458,-7840.0,-1,already in matching position,24.952671862219514,35.470519679083026,1.1368229353229231,1.137184044726266
2026-09-28T14:14:22.351826+00:00,GBP_USD,1.32642,buy,buy,5156,788.3908,0.0,-1,buy order FILLED (margin-capped size),15.409697664368313,56.35795505146123,1.325867855541873,1.3257717575025587
2026-09-28T14:34:41.488412+00:00,XAU_USD,4142.67,sell,none,0,793.2216,-2.0,-1,"computed 0 units — insufficient margin (available=86.97, needed for 2 units)",40.76453204722493,42.18863247849753,4147.855095052242,4152.595540563259
2026-09-28T14:34:44.082317+00:00,EUR_USD,1.1368,sell,none,0,792.8037,-7840.0,-1,already in matching position,26.891118905552492,43.414826695854394,1.1367890786066708,1.1371041691952612
2026-09-28T14:34:44.235509+00:00,GBP_USD,1.32666,buy,none,0,792.1239,5156.0,-1,already in matching position,15.550032169693258,57.270231844397046,1.326194627546799,1.3259474028946765
2026-09-28T14:53:30.103024+00:00,XAU_USD,4123.375,sell,sell,-2,816.2498,0.0,-1,sell order FILLED,40.85665764983271,34.43252726037568,4142.959076041794,4149.939127784781
2026-09-28T14:53:32.716027+00:00,EUR_USD,1.13573,sell,none,0,815.1954,-7840.0,-1,already in matching position,28.513039759696465,32.80393428855814,1.1365772628853368,1.1369792447229647
2026-09-28T14:53:33.599437+00:00,GBP_USD,1.32536,none,none,0,814.9514,0.0,-1,no signal,14.744727766539755,46.64874713342464,1.3260277020374394,1.325894002631524
2026-09-28T15:08:39.424140+00:00,XAU_USD,4118.37,sell,none,0,798.7385,-2.0,-1,already in matching position,41.60001538661677,32.750584244014675,4138.041260833435,4147.069207077074
2026-09-28T15:08:39.619135+00:00,EUR_USD,1.13648,sell,none,0,799.5005,-7840.0,-1,already in matching position,30.406220877739177,43.27010853645323,1.1365578103082694,1.1369338588390587
2026-09-28T15:08:39.841284+00:00,GBP_USD,1.32508,buy,buy,5399,799.5005,0.0,-1,buy order FILLED (margin-capped size),15.3300857000506,44.72475360836277,1.3258381616299517,1.3258200023922946
2026-09-28T15:28:55.360198+00:00,XAU_USD,4120.01,sell,none,0,794.7785,-2.0,-1,"computed 0 units — insufficient margin (available=80.41, needed for 2 units)",42.25179071434742,33.89013351504889,4134.435008666749,4144.609279160976
2026-09-28T15:28:55.722745+00:00,EUR_USD,1.13654,sell,none,0,794.6596,-7840.0,-1,already in matching position,31.4729375379085,44.02128455328795,1.1365542482466156,1.1368980534900535
2026-09-28T15:28:56.127325+00:00,GBP_USD,1.325,sell,sell,-1636,794.5847,5399.0,-1,sell order FILLED (margin-capped size),15.873632352596383,44.16428478103055,1.3256705293039612,1.3257454567202678
2026-09-28T15:47:47.816696+00:00,XAU_USD,4119.94,sell,none,0,808.8249,-2.0,-1,"computed 0 units — insufficient margin (available=149.40, needed for 2 units)",42.24666682564668,35.410316542493774,4130.0704055467195,4140.768743108245
2026-09-28T15:47:48.841390+00:00,EUR_USD,1.1368,sell,none,0,808.6526,-7840.0,-1,already in matching position,31.055842372305918,47.37276944363952,1.1366843188778342,1.1369025235454988
2026-09-28T15:47:49.488582+00:00,GBP_USD,1.32557,sell,sell,-3030,808.2412,3763.0,-1,sell order FILLED (margin-capped size),15.444226429690055,49.0311738608659,1.3256519387545354,1.3257240964630312
2026-09-28T16:01:00.729109+00:00,XAU_USD,4124.2,sell,none,0,799.9329,-2.0,-1,already in matching position,42.49134316532455,38.42589409193312,4128.896324437375,4139.262493734768
2026-09-28T16:01:01.133671+00:00,EUR_USD,1.13666,sell,none,0,799.6281,-7840.0,-1,already in matching position,31.354433986500585,45.88499704612972,1.1366794551022674,1.1368804759504536
2026-09-28T16:01:01.578893+00:00,GBP_USD,1.3256,sell,sell,-4906,799.7805,733.0,-1,sell order FILLED (margin-capped size),15.368758394196076,49.29345893828076,1.3256415510036283,1.325712814966392
2026-09-28T16:23:03.991943+00:00,XAU_USD,4117.365,sell,none,0,778.8017,-2.0,-1,already in matching position,42.64772726331285,35.5574184211456,4126.590059549901,4137.271812486153
2026-09-28T16:23:04.536637+00:00,EUR_USD,1.13661,sell,none,0,778.4515,0.0,-1,sell order REJECTED by OANDA: STOP_LOSS_ON_FILL_LOSS,31.631697628252795,45.33736276263056,1.136665564081814,1.136855887227685
2026-09-28T16:23:04.949604+00:00,GBP_USD,1.32545,sell,none,0,778.6787,-4173.0,-1,already in matching position,15.117196021968422,47.96440472234002,1.3256032408029028,1.32568892269672
2026-09-28T16:38:57.168699+00:00,XAU_USD,4143.25,sell,sell,-2,764.2818,0.0,-1,sell order FILLED,39.73011150294389,50.59803782848236,4129.9220476399205,4137.8152840783205
2026-09-28T16:38:57.585964+00:00,EUR_USD,1.13831,buy,buy,10720,763.4595,0.0,-1,buy order FILLED (margin-capped size),30.653067857431168,61.96064197767778,1.1369944512654513,1.1369880792978955
2026-09-28T16:38:58.039626+00:00,GBP_USD,1.32748,buy,buy,2954,762.9283,0.0,-1,buy order FILLED (margin-capped size),15.595732594356639,62.643736732684246,1.3259785926423222,1.3258517479061092
2026-09-28T16:54:43.111835+00:00,XAU_USD,4132.055,sell,none,0,767.3648,-2.0,-1,already in matching position,37.02089686831557,45.63702108960447,4130.348638111936,4137.291621889382
2026-09-28T16:54:43.555404+00:00,EUR_USD,1.1375,buy,buy,8499,767.4622,0.0,-1,buy order FILLED (margin-capped size),29.744340213096827,53.59713414040873,1.137095561012361,1.1370346175435413
2026-09-28T16:54:43.913340+00:00,GBP_USD,1.32634,buy,none,0,767.0392,2954.0,-1,already in matching position,16.040087983002856,53.513848738582816,1.326050874113858,1.3258961344600992
2026-09-28T17:08:49.994082+00:00,XAU_USD,4129.515,sell,none,0,771.3573,-2.0,-1,"computed 0 units — insufficient margin (available=119.73, needed for 2 units)",34.81036012119914,44.56927764349403,4130.181910489549,4136.584656263075
2026-09-28T17:08:50.407134+00:00,EUR_USD,1.13718,buy,none,0,771.1035,8499.0,-1,already in matching position,28.376013879060963,50.68632958833746,1.137112448809889,1.1370478341304922
2026-09-28T17:08:50.842501+00:00,GBP_USD,1.32645,buy,none,0,771.0885,2954.0,-1,already in matching position,16.18027909578404,54.20736389373738,1.3261306992910864,1.3259464858728174
2026-09-28T17:26:25.112658+00:00,XAU_USD,4141.95,sell,none,0,760.1137,-2.0,-1,"computed 0 units — insufficient margin (available=107.62, needed for 2 units)",33.046869515050254,50.65596559316079,4132.53552839164,4137.072414784613
2026-09-28T17:26:25.494056+00:00,EUR_USD,1.13837,buy,none,0,760.1137,8499.0,-1,already in matching position,28.032807635632917,59.495856664435756,1.1373639590479112,1.1371680310277201
2026-09-28T17:26:25.840974+00:00,GBP_USD,1.32755,buy,none,0,760.1137,2954.0,-1,already in matching position,16.94443172464559,60.54615427687237,1.3264145594328691,1.3260922598843794
2026-09-28T17:41:50.257753+00:00,XAU_USD,4135.505,sell,none,0,759.5379,-2.0,-1,"computed 0 units — insufficient margin (available=106.94, needed for 2 units)",31.409342523626247,47.73054250347849,4133.129422713312,4136.929922531466
2026-09-28T17:41:50.412299+00:00,EUR_USD,1.13758,buy,none,0,759.812,8499.0,-1,already in matching position,27.714116123878295,52.757771135842674,1.137407167238329,1.137205482752473
2026-09-28T17:41:50.584730+00:00,GBP_USD,1.32656,buy,none,0,759.812,2954.0,-1,already in matching position,17.654002022874174,53.38392179448166,1.3264436475462953,1.3261347817130722
2026-09-28T17:55:13.097206+00:00,XAU_USD,4137.385,sell,none,0,759.3843,-2.0,-1,"computed 0 units — insufficient margin (available=106.80, needed for 2 units)",29.888781745875438,48.66190226351008,4133.98053817065,4136.971293210424
2026-09-28T17:55:14.558438+00:00,EUR_USD,1.1376,buy,none,0,759.4232,8499.0,-1,already in matching position,27.208164441292343,52.90319271351499,1.1374457337906632,1.1372413479567935
2026-09-28T17:55:15.484911+00:00,GBP_USD,1.32664,buy,none,0,759.5923,2954.0,-1,already in matching position,18.219061437229826,53.85891687477173,1.3264829180370363,1.3261807106482475
2026-09-28T18:11:35.504046+00:00,XAU_USD,4134.51,sell,none,0,762.2188,-2.0,-1,"computed 0 units — insufficient margin (available=109.69, needed for 2 units)",28.541290331446234,47.274628151119266,4134.08643053652,4136.747539282203
2026-09-28T18:11:35.865665+00:00,EUR_USD,1.13766,buy,none,0,762.2408,8499.0,-1,already in matching position,26.85477198129835,53.36695791488646,1.1374885870325306,1.1372794072334484
2026-09-28T18:11:36.233763+00:00,GBP_USD,1.32668,buy,none,0,762.2408,2954.0,-1,already in matching position,18.89727376428449,54.11069589392926,1.326522334429629,1.326226100589316
2026-09-28T18:32:59.348623+00:00,XAU_USD,4135.02,sell,none,0,760.9448,-2.0,-1,"computed 0 units — insufficient margin (available=206.89, needed for 2 units)",26.03278672780002,47.57303656896426,4134.584115543373,4136.531189489424
2026-09-28T18:32:59.484841+00:00,EUR_USD,1.13735,buy,none,0,760.9448,8499.0,-1,already in matching position,25.699172639523404,50.37804612539125,1.1374914957008198,1.137318931597891
2026-09-28T18:32:59.632164+00:00,GBP_USD,1.32619,buy,buy,4212,760.9448,0.0,-1,buy order FILLED (margin-capped size),19.4093123273319,50.22815183981931,1.3264778940349629,1.3262586781729881
2026-09-28T18:51:44.390697+00:00,XAU_USD,4138.77,sell,none,0,751.8602,-2.0,-1,daily trade limit reached,24.594851541165298,49.83952692285855,4135.421292434698,4136.734717717658
2026-09-28T18:51:44.828385+00:00,EUR_USD,1.13694,buy,none,0,751.6926,8499.0,-1,daily trade limit reached,23.941680515198218,46.69768496160755,1.1373811965606557,1.1372844832708102
2026-09-28T18:51:45.071197+00:00,GBP_USD,1.32586,buy,none,0,751.6926,4212.0,-1,daily trade limit reached,18.447738066005588,47.73667968012464,1.3263543152279702,1.3262224347027165
2026-09-28T19:03:55.117581+00:00,XAU_USD,4139.25,sell,none,0,756.1723,-2.0,-1,daily trade limit reached,23.60386330994044,50.13667645184756,4136.187033947759,4136.963379743325
2026-09-28T19:03:55.427854+00:00,EUR_USD,1.13684,buy,none,0,756.1872,8499.0,-1,daily trade limit reached,22.27795582268159,45.818479019606,1.1372729572485247,1.1372440757007365
2026-09-28T19:03:55.605536+00:00,GBP_USD,1.326,buy,none,0,756.0229,4212.0,-1,daily trade limit reached,17.554847680488308,48.894849623147806,1.3262834521823763,1.3262022133661058
2026-09-28T19:20:51.031747+00:00,XAU_USD,4132.78,sell,none,0,757.5083,-2.0,-1,daily trade limit reached,22.00618370301376,46.16668273935306,4135.505627158207,4136.583072493932
2026-09-28T19:20:51.277165+00:00,EUR_USD,1.13676,sell,none,0,757.2285,8499.0,-1,daily trade limit reached,21.19110458203026,45.08713357637412,1.13717036579882,1.1372000688188513
2026-09-28T19:20:51.468042+00:00,GBP_USD,1.32548,sell,none,0,757.1859,4212.0,-1,daily trade limit reached,16.338361728593483,44.91365269467277,1.326122761745901,1.3261365576055506
2026-09-28T19:35:33.883765+00:00,XAU_USD,4133.72,sell,none,0,759.0583,-2.0,-1,daily trade limit reached,20.526868950014578,46.82547150062569,4135.148501726566,4136.322793176302
2026-09-28T19:35:34.756215+00:00,EUR_USD,1.13699,sell,none,0,758.9089,8499.0,-1,daily trade limit reached,20.041403054548564,47.673137158089204,1.137134292639056,1.137180971653501
2026-09-28T19:35:35.127461+00:00,GBP_USD,1.32587,sell,none,0,758.9089,4212.0,-1,daily trade limit reached,15.20876763040543,48.31286986246833,1.326072209396721,1.3261123250959552
2026-09-28T19:49:48.634233+00:00,XAU_USD,4129.41,sell,none,0,769.1924,-2.0,-1,daily trade limit reached,19.517175878132385,44.15719624133166,4134.000801381253,4135.694357433002
2026-09-28T19:49:49.024379+00:00,EUR_USD,1.13687,sell,none,0,769.1603,8499.0,-1,daily trade limit reached,19.123702266021844,46.44421402632357,1.1370814341112447,1.1371527015031828
2026-09-28T19:49:49.388501+00:00,GBP_USD,1.32575,none,none,0,769.0429,4212.0,-1,no signal,14.152180012902061,47.34479597149453,1.326007767517377,1.3260793864508682
2026-09-28T20:00:05.817772+00:00,XAU_USD,4123.235,sell,none,0,771.1017,-2.0,-1,daily trade limit reached,19.364068120842703,40.58860375096281,4131.847641105002,4134.561688575456
2026-09-28T20:00:06.274243+00:00,EUR_USD,1.13668,sell,none,0,770.7742,8499.0,-1,daily trade limit reached,18.310777957364003,44.48871377857121,1.1370011472889958,1.1371097286392569
2026-09-28T20:00:06.624250+00:00,GBP_USD,1.32512,none,none,0,770.7145,4212.0,-1,no signal,13.63111677572609,42.52694020167216,1.3258302140139016,1.3259921695007892
2026-09-28T20:17:43.705793+00:00,XAU_USD,4121.665,sell,none,0,774.7727,-2.0,-1,daily trade limit reached,19.7865582619504,39.70990167447056,4129.811112884003,4133.389262341324
2026-09-28T20:17:44.445266+00:00,EUR_USD,1.13705,sell,none,0,774.7577,8499.0,-1,daily trade limit reached,17.138477756317563,48.99264612303933,1.1370109178311967,1.1371042987629607
2026-09-28T20:17:44.871234+00:00,GBP_USD,1.32524,none,none,0,774.3394,4212.0,-1,no signal,13.4355662803616,43.702105816586055,1.3257121712111213,1.325923790455263
2026-09-28T20:33:53.021981+00:00,XAU_USD,4117.835,sell,none,0,782.867,-2.0,-1,daily trade limit reached,20.203283910515665,37.572940971007554,4127.415890307202,4131.975238492113
2026-09-28T20:33:53.345135+00:00,EUR_USD,1.13701,sell,none,0,782.867,8499.0,-1,daily trade limit reached,16.049913283917306,48.53418631153313,1.1370107342649574,1.1370957261481462
2026-09-28T20:33:53.797637+00:00,GBP_USD,1.32496,none,none,0,782.867,4212.0,-1,no signal,13.25398367752314,41.56641306223827,1.325561736968897,1.325836173141148
2026-09-28T20:49:40.617733+00:00,XAU_USD,4113.78,sell,none,0,789.6786,-2.0,-1,daily trade limit reached,20.962848516517024,35.40080206701046,4124.688712245762,4130.321125901921
2026-09-28T20:49:40.795945+00:00,EUR_USD,1.13704,sell,none,0,789.7035,8499.0,-1,daily trade limit reached,15.243389504399092,48.920255407571155,1.137016587411966,1.1370906601346784
2026-09-28T20:49:41.469539+00:00,GBP_USD,1.32533,none,none,0,789.7035,4212.0,-1,no signal,12.58794000315023,45.365929639872704,1.3255153895751177,1.3257901574010438
2026-09-28T21:01:17.253977+00:00,XAU_USD,4114.985,sell,none,0,787.0554,-2.0,-1,daily trade limit reached,21.88955270210315,36.574236901999704,4122.74796979661,4128.92693263811
2026-09-28T21:01:17.645187+00:00,EUR_USD,1.13714,none,none,0,787.0554,8499.0,-1,no signal,14.494474566275036,50.259679790727404,1.1370412699295729,1.1370951455769802
2026-09-28T21:01:18.024760+00:00,GBP_USD,1.32545,none,none,0,787.0554,4212.0,-1,no signal,11.969470876946811,46.57915302329634,1.3255023116600944,1.325759234000949
2026-09-28T21:19:53.360062+00:00,XAU_USD,4114.985,sell,none,0,785.5317,-2.0,-1,daily trade limit reached,21.88955270210315,36.574236901999704,4122.74796979661,4128.92693263811
2026-09-28T21:19:53.532999+00:00,EUR_USD,1.13698,none,none,0,785.5317,8499.0,-1,no signal,13.790213961085295,48.08697076144889,1.1370290159436585,1.1370846777972545
2026-09-28T21:19:53.841975+00:00,GBP_USD,1.32558,none,none,0,785.5317,4212.0,-1,no signal,11.396032656537923,47.928198551792185,1.3255178493280755,1.3257429400008627
2026-09-28T21:33:30.872837+00:00,XAU_USD,4114.985,sell,none,0,785.5972,-2.0,-1,daily trade limit reached,21.88955270210315,36.574236901999704,4122.74796979661,4128.92693263811
2026-09-28T21:33:31.189985+00:00,EUR_USD,1.13698,none,none,0,785.5972,8499.0,-1,no signal,13.081150398694989,48.086970761448896,1.137019212754927,1.1370751616338677
2026-09-28T21:33:31.527015+00:00,GBP_USD,1.32558,none,none,0,785.5972,4212.0,-1,no signal,10.731392077073627,47.928198551792185,1.3255302794624604,1.3257281272735115
2026-09-28T21:46:54.347345+00:00,XAU_USD,4114.985,sell,none,0,786.1467,-2.0,-1,daily trade limit reached,21.88955270210315,36.574236901999704,4122.74796979661,4128.92693263811
2026-09-28T21:46:54.586301+00:00,EUR_USD,1.13706,none,none,0,786.1467,8499.0,-1,no signal,12.222128819825217,49.35650635290036,1.1370273702039417,1.137073783303516
2026-09-28T21:46:54.836501+00:00,GBP_USD,1.32558,none,none,0,786.1467,4212.0,-1,no signal,10.224192643823825,47.928198551792185,1.3255402235699685,1.3257146611577377
2026-09-28T21:58:01.442677+00:00,XAU_USD,4114.985,sell,none,0,785.6593,-2.0,-1,daily trade limit reached,21.88955270210315,36.574236901999704,4122.74796979661,4128.92693263811
2026-09-28T21:58:01.904483+00:00,EUR_USD,1.13706,none,none,0,785.5945,8499.0,-1,no signal,12.222128819825217,49.35650635290036,1.1370273702039417,1.137073783303516
2026-09-28T21:58:02.311992+00:00,GBP_USD,1.32558,none,none,0,785.5945,4212.0,-1,no signal,10.224192643823825,47.928198551792185,1.3255402235699685,1.3257146611577377
2026-09-28T22:14:47.040160+00:00,XAU_USD,4114.985,sell,none,0,778.4668,-2.0,-1,daily trade limit reached,21.889552702103177,36.574236901999704,4122.74796979661,4128.92693263811
2026-09-28T22:14:47.923407+00:00,EUR_USD,1.13695,none,none,0,778.4668,8499.0,-1,no signal,11.540144881714973,47.63165542646136,1.1370118961631535,1.1370625302759236
2026-09-28T22:14:48.272367+00:00,GBP_USD,1.3257,none,none,0,778.4519,4212.0,-1,no signal,9.569646928996029,49.40134773882865,1.3255721788559747,1.325713328325216
2026-09-28T22:29:17.339110+00:00,XAU_USD,4122.56,sell,none,0,773.3849,-2.0,-1,daily trade limit reached,21.321254945084377,43.5198126655825,4122.710375837289,4128.3481205801
2026-09-28T22:29:17.533311+00:00,EUR_USD,1.13739,none,none,0,773.3999,8499.0,-1,no signal,11.43119346599668,54.48368082522113,1.1370875169305228,1.1370923002508397
2026-09-28T22:29:17.721825+00:00,GBP_USD,1.3258,none,none,0,773.4297,4212.0,-1,no signal,9.05325191020347,50.65419408702616,1.3256177430847798,1.3257212075683782
2026-09-28T22:43:29.167726+00:00,XAU_USD,4125.56,sell,none,0,772.9345,-2.0,-1,daily trade limit reached,20.23236000900428,46.040027549757085,4123.280300669831,4128.094655072819
2026-09-28T22:43:29.999221+00:00,EUR_USD,1.13738,none,none,0,772.805,8499.0,-1,no signal,11.38304939530499,54.309756638129656,1.1371460135444182,1.1371184547734905
2026-09-28T22:43:30.440147+00:00,GBP_USD,1.3257,none,none,0,772.805,4212.0,-1,no signal,8.573742249896092,49.33857505302282,1.325634194467824,1.3257192796076165
2026-09-28T22:55:08.604483+00:00,XAU_USD,4123.94,sell,none,0,776.83,-2.0,-1,daily trade limit reached,19.350050432130175,44.875553786638044,4123.412240535865,4127.716959157107
2026-09-28T22:55:08.899555+00:00,EUR_USD,1.13716,none,none,0,776.83,8499.0,-1,no signal,10.752607458000508,50.49105807321435,1.1371488108355348,1.137122231612264
2026-09-28T22:55:09.164863+00:00,GBP_USD,1.32546,none,none,0,776.83,4212.0,-1,no signal,8.372170586510984,46.234870933041016,1.3255993555742593,1.3256957087341967
2026-09-28T23:08:51.286707+00:00,XAU_USD,4121.695,sell,none,0,774.5439,-2.0,-1,daily trade limit reached,18.66336789707629,43.24325910693718,4123.068792428692,4127.169508324643
2026-09-28T23:08:51.726823+00:00,EUR_USD,1.13716,none,none,0,774.5289,8499.0,-1,no signal,10.082779612863083,50.49105807321435,1.137151048668428,1.137125665102058
2026-09-28T23:08:52.613028+00:00,GBP_USD,1.32548,none,none,0,774.5289,4212.0,-1,no signal,8.411608029379678,46.53669436650599,1.3255754844594074,1.3256760988492697
2026-09-28T23:24:30.506667+00:00,XAU_USD,4125.505,sell,none,0,769.8877,-2.0,-1,daily trade limit reached,17.95578450136079,46.78117374151326,4123.556033942954,4127.018189386039
2026-09-28T23:24:30.828332+00:00,EUR_USD,1.13711,none,none,0,769.8877,8499.0,-1,no signal,9.460796613806906,49.57231638235598,1.1371428389347424,1.137124241001871
2026-09-28T23:24:31.131221+00:00,GBP_USD,1.32536,none,none,0,769.8877,4212.0,-1,no signal,8.474326488136343,44.90773827100299,1.325532387567526,1.3256473625902452
2026-09-28T23:38:52.572199+00:00,XAU_USD,4128.44,sell,none,0,768.626,-2.0,-1,daily trade limit reached,16.687615825009857,49.39794561310001,4124.532827154363,4127.147444896399
2026-09-28T23:38:52.780235+00:00,EUR_USD,1.13714,none,none,0,768.641,8499.0,-1,no signal,8.812393368941187,50.15832968473922,1.137142271147794,1.1371256736380644
2026-09-28T23:38:53.139497+00:00,GBP_USD,1.32538,none,none,0,768.641,4212.0,-1,no signal,8.532565056981811,45.25170613613656,1.3255019100540208,1.325623056900223
2026-09-28T23:51:45.558380+00:00,XAU_USD,4126.47,sell,none,0,772.2643,-2.0,-1,daily trade limit reached,15.510030625541136,47.702497541802124,4124.9202617234905,4127.0858589967265
2026-09-28T23:51:45.853515+00:00,EUR_USD,1.13718,none,none,0,772.3539,8499.0,-1,no signal,8.303552059050178,50.97635635228951,1.1371498169182352,1.1371306123982403
2026-09-28T23:51:46.116396+00:00,GBP_USD,1.32548,none,none,0,772.3988,4212.0,-1,no signal,8.07737677532064,47.03241185939572,1.3254975280432166,1.3256100517274754
2026-09-29T00:02:37.164577+00:00,XAU_USD,4127.485,sell,none,0,767.9697,-2.0,-1,"computed 0 units — insufficient margin (available=74.29, needed for 3 units)",15.038466159164843,48.67984295945496,4125.4332093787925,4127.122144542478
2026-09-29T00:02:37.491862+00:00,EUR_USD,1.13708,none,none,0,767.9548,8499.0,-1,no signal,7.898962328517126,48.81915909143781,1.1371358535345883,1.1371260112711277
2026-09-29T00:02:37.688650+00:00,GBP_USD,1.32542,none,none,0,767.9548,4212.0,-1,no signal,7.654701942349549,46.064307784912096,1.3254820224345734,1.3255927742977047
2026-09-29T00:28:07.710076+00:00,XAU_USD,4122.545,none,none,0,772.6549,-2.0,-1,no signal,14.883296593318521,44.33695536538081,4124.855567503035,4126.706040493162
2026-09-29T00:28:08.608728+00:00,EUR_USD,1.13656,none,none,0,772.3559,0.0,-1,no signal,9.071833764338457,39.46645462481328,1.1370206828276708,1.1370745557010251
2026-09-29T00:28:09.404987+00:00,GBP_USD,1.32466,none,none,0,772.3555,0.0,-1,no signal,9.198842421151786,35.96572114791242,1.3253176179476587,1.325507976634277
2026-09-29T00:49:21.558687+00:00,XAU_USD,4120.4,sell,none,0,775.1911,-2.0,-1,already in matching position,15.42872343604245,42.497027149512576,4123.420363201942,4125.698793796001
2026-09-29T00:49:22.022411+00:00,EUR_USD,1.13656,none,none,0,775.3107,0.0,-1,no signal,11.67099233614448,41.21885850584686,1.1368228370097095,1.1369687237198554
2026-09-29T00:49:22.320463+00:00,GBP_USD,1.32458,none,none,0,775.221,0.0,-1,no signal,12.372084347553113,36.27066975136016,1.3250328754865017,1.3253370054828735
2026-09-29T01:02:46.604090+00:00,XAU_USD,4117.945,sell,none,0,769.3163,-2.0,-1,already in matching position,15.95795862950033,40.35512606883548,4122.325290561554,4124.99390345091
2026-09-29T01:02:46.955604+00:00,EUR_USD,1.13662,none,none,0,769.7497,0.0,-1,no signal,12.574488625280445,42.57986037064402,1.1367822696077676,1.1369370215635048
2026-09-29T01:02:47.380776+00:00,GBP_USD,1.32468,none,none,0,769.5702,0.0,-1,no signal,13.552671713486431,38.28772719860333,1.3249623003892015,1.3252772777117032
2026-09-29T01:20:09.779621+00:00,XAU_USD,4124.54,sell,none,0,764.6658,-2.0,-1,already in matching position,15.858246097985448,47.94525525278499,4122.768232449243,4124.952639500827
2026-09-29T01:20:10.370216+00:00,EUR_USD,1.13676,none,none,0,764.2324,0.0,-1,no signal,12.90252614890078,45.736946307750564,1.136777815686214,1.1369209286940953
2026-09-29T01:20:10.780976+00:00,GBP_USD,1.32489,none,none,0,764.7555,0.0,-1,no signal,14.169754315986289,42.40994012838372,1.3249478403113613,1.325242070647003
2026-09-29T01:33:52.607462+00:00,XAU_USD,4129.985,none,none,0,759.3749,-2.0,-1,no signal,14.776965968655574,53.23642303729413,4124.211585959395,4125.410126818933
2026-09-29T01:33:52.916785+00:00,EUR_USD,1.13679,none,none,0,759.5094,0.0,-1,no signal,13.0794682336787,46.416820478506736,1.1367802525489712,1.1369090260855412
2026-09-29T01:33:53.239045+00:00,GBP_USD,1.32498,none,none,0,759.6588,0.0,-1,no signal,14.245937561772822,44.13231412637922,1.324954272249089,1.32521824604273
2026-09-29T01:48:29.341010+00:00,XAU_USD,4134.12,none,none,0,748.645,-2.0,-1,no signal,14.097455991780972,56.825485280194556,4126.193268767516,4126.201933471757
2026-09-29T01:48:29.675904+00:00,EUR_USD,1.13678,none,none,0,748.645,0.0,-1,no signal,12.775554550865646,46.208987627944545,1.1367802020391768,1.136897296441401
2026-09-29T01:48:29.886304+00:00,GBP_USD,1.32489,none,none,0,748.0472,0.0,-1,no signal,14.038104244602913,42.755250309295846,1.324941417799271,1.325188405493391
2026-09-29T01:59:46.409163+00:00,XAU_USD,4134.12,none,none,0,750.6478,-2.0,-1,no signal,14.097455991780972,56.825485280194556,4126.193268767516,4126.201933471757
2026-09-29T01:59:47.739641+00:00,EUR_USD,1.13678,none,none,0,750.6478,0.0,-1,no signal,12.775554550865646,46.208987627944545,1.1367802020391768,1.136897296441401
2026-09-29T01:59:48.185484+00:00,GBP_USD,1.32489,none,none,0,750.6478,0.0,-1,no signal,14.038104244602913,42.755250309295846,1.324941417799271,1.325188405493391
2026-09-29T02:16:50.706014+00:00,XAU_USD,4132.055,none,none,0,754.9339,-2.0,-1,no signal,13.112413490819778,54.09611639991572,4128.844292011211,4127.497093778312
2026-09-29T02:16:50.888962+00:00,EUR_USD,1.13694,none,none,0,755.2626,0.0,-1,no signal,12.824687507138472,50.43986967484163,1.1367993293050733,1.1368848730920669
2026-09-29T02:16:51.052470+00:00,GBP_USD,1.32529,none,none,0,755.3223,0.0,-1,no signal,13.269479459745096,50.72429398140912,1.3249949073915337,1.325168847515199
2026-09-29T02:31:39.628104+00:00,XAU_USD,4135.05,none,none,0,746.7748,-2.0,-1,no signal,12.37422002199613,56.823706436106114,4130.085433608969,4128.183721616647
2026-09-29T02:31:40.565832+00:00,EUR_USD,1.13686,none,none,0,746.8967,0.0,-1,no signal,12.044625957055244,48.57172626469286,1.1368114634440587,1.136882611901879
2026-09-29T02:31:40.927886+00:00,GBP_USD,1.32516,none,none,0,746.729,0.0,-1,no signal,13.17942365769258,48.450702281739815,1.325027925913227,1.3251680431956354
2026-09-29T02:46:32.568445+00:00,XAU_USD,4136.56,none,none,0,746.5158,-2.0,-1,no signal,12.005880791594231,58.17313465514819,4131.380346887176,4128.945201469679
2026-09-29T02:46:33.126536+00:00,EUR_USD,1.13692,none,none,0,746.5158,0.0,-1,no signal,11.204629821857985,50.06549362059521,1.136833170755247,1.13688601081989
2026-09-29T02:46:33.556899+00:00,GBP_USD,1.3253,none,none,0,746.5158,0.0,-1,no signal,12.902536199889985,50.997999611400516,1.3250823407305816,1.3251800392687594
2026-09-29T02:58:24.863314+00:00,XAU_USD,4136.56,none,none,0,745.3569,-2.0,-1,no signal,12.005880791594231,58.17313465514819,4131.380346887176,4128.945201469679
2026-09-29T02:58:25.483587+00:00,EUR_USD,1.13692,none,none,0,745.6161,0.0,-1,no signal,11.204629821857985,50.06549362059521,1.136833170755247,1.13688601081989
2026-09-29T02:58:25.788713+00:00,GBP_USD,1.3253,none,none,0,745.6161,0.0,-1,no signal,12.902536199889985,50.997999611400516,1.3250823407305816,1.3251800392687594
2026-09-29T03:16:36.929531+00:00,XAU_USD,4134.925,none,none,0,749.5715,-2.0,-1,no signal,11.346443304729199,55.61370077835764,4133.092422007793,4130.208224355106
2026-09-29T03:16:37.714087+00:00,EUR_USD,1.13659,none,none,0,749.5715,0.0,-1,no signal,10.814278540473698,42.440647055922,1.1367760292833582,1.1368503395205702
2026-09-29T03:16:38.073420+00:00,GBP_USD,1.32486,none,none,0,749.5715,0.0,-1,no signal,11.752553844771098,43.49460797108298,1.3250310980675724,1.3251393712964952
2026-09-29T03:34:49.216012+00:00,XAU_USD,4139.51,none,none,0,745.2034,-2.0,-1,no signal,10.97071816379057,59.96799375309663,4134.375937606235,4131.053840322824
2026-09-29T03:34:49.395706+00:00,EUR_USD,1.13662,none,none,0,745.2034,0.0,-1,no signal,10.958481770620498,43.3122877474977,1.1367448234266866,1.1368293995641547
2026-09-29T03:34:49.657280+00:00,GBP_USD,1.32488,none,none,0,745.2034,0.0,-1,no signal,11.137005030024696,43.91633512248794,1.3250008784540581,1.3251157920877228
2026-09-29T03:50:45.516461+00:00,XAU_USD,4136.755,none,none,0,748.0624,-2.0,-1,no signal,10.708156242189204,56.38846442684591,4134.851750084988,4131.572127566204
2026-09-29T03:50:45.692398+00:00,EUR_USD,1.13627,none,none,0,748.2418,0.0,-1,no signal,12.14876370015932,36.38885528191447,1.1366498587413494,1.1367785450583225
2026-09-29T03:50:45.916617+00:00,GBP_USD,1.32426,none,none,0,748.2418,0.0,-1,no signal,12.112264997451234,35.15653636717988,1.3248527027632466,1.3250379928070208
2026-09-29T04:01:06.866144+00:00,XAU_USD,4134.05,none,none,0,754.3288,-2.0,-1,no signal,10.40018288062572,53.04076444818385,4134.691400067991,4131.797388696548
2026-09-29T04:01:07.906745+00:00,EUR_USD,1.13609,none,none,0,754.3587,0.0,-1,no signal,13.904612954283754,33.42929807971184,1.1365378869930796,1.1367159500530204
2026-09-29T04:01:08.007674+00:00,GBP_USD,1.32399,none,none,0,754.2689,0.0,-1,no signal,13.744812371557545,32.14911792763016,1.3246801622105975,1.3249427207336553
2026-09-29T04:20:41.953508+00:00,XAU_USD,4131.29,none,none,0,758.202,-2.0,-1,no signal,10.402150580617697,49.79253292518828,4134.011120054392,4131.7512624514075
2026-09-29T04:20:42.568073+00:00,EUR_USD,1.13622,sell,sell,-10614,758.2169,0.0,-1,sell order FILLED (margin-capped size),15.535044404542141,37.38987494588234,1.1364743095944636,1.136670863684564
2026-09-29T04:20:43.066739+00:00,GBP_USD,1.32415,sell,sell,-2907,757.5156,0.0,-1,sell order FILLED (margin-capped size),15.260749218941978,35.66148357373977,1.3245741297684779,1.3248706552124139
2026-09-29T04:36:27.173281+00:00,XAU_USD,4129.74,none,none,0,763.2656,-2.0,-1,no signal,10.648106403652951,48.01419554095857,4133.156896043514,4131.56842041037
2026-09-29T04:36:28.122353+00:00,EUR_USD,1.13628,sell,none,0,763.1015,-10614.0,-1,already in matching position,16.994499391145006,39.188149949925894,1.136435447675571,1.1366353306223307
2026-09-29T04:36:28.452129+00:00,GBP_USD,1.324,sell,none,0,763.251,-2907.0,-1,already in matching position,16.705491124387382,33.89025341290241,1.3244593038147823,1.3247915047385581
2026-09-29T04:51:22.328499+00:00,XAU_USD,4127.085,none,none,0,762.2643,-2.0,-1,no signal,11.51552089641843,45.046441283550585,4131.942516834812,4131.1608367367
2026-09-29T04:51:22.649290+00:00,EUR_USD,1.13616,sell,none,0,762.2643,-10614.0,-1,already in matching position,17.54639884075104,36.90511391841865,1.1363803581404568,1.1365921187475732
2026-09-29T04:51:23.036028+00:00,GBP_USD,1.32376,sell,none,0,762.2643,-2907.0,-1,already in matching position,17.35194732124382,31.218523134931715,1.324319443051826,1.3246977315805073
2026-09-29T05:01:37.764226+00:00,XAU_USD,4126.875,none,none,0,761.6397,-2.0,-1,no signal,12.320977211129225,44.81051427518719,4130.9290134678495,4130.771215215182
2026-09-29T05:01:37.952412+00:00,EUR_USD,1.13596,sell,none,0,761.7893,-10614.0,-1,already in matching position,18.578133469650226,33.411408949053026,1.1362962865123656,1.1365346534068848
2026-09-29T05:01:38.196900+00:00,GBP_USD,1.32354,sell,none,0,761.8112,-2907.0,-1,already in matching position,18.610853453487497,28.964396058186637,1.3241635544414607,1.3245924832550067
2026-09-29T05:20:27.799813+00:00,XAU_USD,4128.63,none,none,0,758.7022,-2.0,-1,no signal,12.624395828589627,47.29486339686374,4130.469210774279,4130.576559286529
2026-09-29T05:20:28.048134+00:00,EUR_USD,1.13606,sell,none,0,758.7022,-10614.0,-1,already in matching position,19.536172767913754,36.641107172331544,1.1362490292098926,1.1364915030971678
2026-09-29T05:20:28.375594+00:00,GBP_USD,1.32388,sell,none,0,758.7022,-2907.0,-1,already in matching position,19.740919847027648,36.585149868955455,1.3241068435531687,1.3245277120500059
2026-09-29T05:35:45.702171+00:00,XAU_USD,4130.41,none,none,0,768.0871,-2.0,-1,no signal,12.24875839933953,49.764833465937464,4130.4573686194235,4130.561417533208
2026-09-29T05:35:46.901644+00:00,EUR_USD,1.13607,sell,none,0,767.9375,-10614.0,-1,already in matching position,20.086482005563546,36.970331428936426,1.136213223367914,1.1364531846337889
2026-09-29T05:35:48.316973+00:00,GBP_USD,1.32385,sell,none,0,767.9375,-2907.0,-1,already in matching position,20.057671304709004,36.21596075508499,1.3240554748425348,1.3244661018636417
2026-09-29T05:50:30.094517+00:00,XAU_USD,4138.51,none,none,0,753.7777,-2.0,-1,no signal,12.326243785634576,59.1471627520138,4132.067894895539,4131.28401593928
2026-09-29T05:50:30.399252+00:00,EUR_USD,1.13575,sell,none,0,753.7929,-10614.0,-1,already in matching position,21.3200656859698,31.355544779492035,1.1361205786943314,1.1363892587579898
2026-09-29T05:50:30.556671+00:00,GBP_USD,1.32322,sell,none,0,753.7777,-2907.0,-1,already in matching position,21.3771018101667,29.48661370463728,1.323888379874028,1.3243528198760377
2026-09-29T06:01:13.771085+00:00,XAU_USD,4139.09,none,none,0,745.5726,-2.0,-1,no signal,13.097447542996596,59.72718212683994,4133.472315916431,4131.993650853891
2026-09-29T06:01:13.982475+00:00,EUR_USD,1.13567,sell,none,0,745.2094,-10614.0,-1,already in matching position,22.922693358593893,30.123817351347284,1.1360304629554652,1.1363238715981725
2026-09-29T06:01:14.276763+00:00,GBP_USD,1.32334,sell,none,0,745.2094,-2907.0,-1,already in matching position,22.85240634463408,32.075567583915216,1.3237787038992224,1.3242607453418522
2026-09-29T06:25:24.178576+00:00,XAU_USD,4146.86,none,none,0,732.8772,-2.0,-1,no signal,14.20468854250014,66.57391650137953,4136.149852733145,4133.3451371399005
2026-09-29T06:25:24.942295+00:00,EUR_USD,1.13654,sell,sell,-7683,732.8162,0.0,-1,sell order FILLED (margin-capped size),21.65219248328737,52.141558529521205,1.1361323703643722,1.1363435196347023
2026-09-29T06:25:25.185264+00:00,GBP_USD,1.32436,sell,none,0,732.3119,-2907.0,-1,already in matching position,21.303516510512793,49.16180609966961,1.323894963119378,1.3242697684925928
2026-09-29T06:46:13.687464+00:00,XAU_USD,4143.79,buy,none,0,731.9704,-2.0,-1,"computed 0 units — insufficient margin (available=103.19, needed for 3 units)",16.187553801815145,61.87028553312415,4138.825905749213,4135.119452181736
2026-09-29T06:46:14.635414+00:00,EUR_USD,1.1364,sell,none,0,731.4685,-7683.0,-1,already in matching position,19.37695877291702,49.32949002700335,1.136241517033198,1.1363599335823986
2026-09-29T06:46:14.963850+00:00,GBP_USD,1.32404,sell,none,0,731.4014,-2907.0,-1,already in matching position,18.472986212307102,46.04853641969262,1.323907176396402,1.3242092301591677
2026-09-29T07:01:53.917632+00:00,XAU_USD,4140.4,buy,none,0,744.5427,-2.0,-1,"computed 0 units — insufficient margin (available=116.11, needed for 3 units)",16.353474382940707,57.04452225005556,4139.1407245993705,4135.599501983396
2026-09-29T07:01:54.232457+00:00,EUR_USD,1.1361,sell,none,0,744.3709,-7683.0,-1,already in matching position,18.18965168946103,43.71680495582498,1.1362132136265586,1.136336303256726
2026-09-29T07:01:54.695114+00:00,GBP_USD,1.32404,sell,none,0,744.2513,-2907.0,-1,already in matching position,17.48446758156688,46.04853641969261,1.3239337411171217,1.3241938455992432
2026-09-29T07:22:07.739324+00:00,XAU_USD,4144.0,buy,none,0,736.1213,-2.0,-1,"computed 0 units — insufficient margin (available=107.19, needed for 3 units)",15.813200978206464,60.56240829220957,4140.112579679497,4136.363183621269
2026-09-29T07:22:08.913999+00:00,EUR_USD,1.13582,sell,none,0,735.9752,-7683.0,-1,already in matching position,17.662615438318742,39.23030939745911,1.136134570901247,1.1362893665970237
2026-09-29T07:22:09.344694+00:00,GBP_USD,1.32366,sell,none,0,735.9599,-2907.0,-1,already in matching position,16.56655742445094,41.7455841891178,1.3238789928936974,1.3241453141811301
2026-09-29T07:37:52.447632+00:00,XAU_USD,4146.59,buy,buy,1,737.7306,-2.0,-1,buy order FILLED (margin-capped size),15.968292629447504,62.915493552234885,4141.408063743597,4137.292894201153
2026-09-29T07:37:52.850187+00:00,EUR_USD,1.13556,sell,sell,-13822,737.6848,0.0,-1,sell order FILLED (margin-capped size),17.936782878831114,35.57897002883513,1.1360196567209977,1.1362230605427488
2026-09-29T07:37:53.404674+00:00,GBP_USD,1.32386,sell,sell,-3790,736.9018,0.0,-1,sell order FILLED (margin-capped size),15.714212278557563,44.675782770156616,1.323875194314958,1.3241193765283001
2026-09-29T07:53:26.381540+00:00,XAU_USD,4142.445,buy,none,0,734.3226,-1.0,-1,"computed 0 units — insufficient margin (available=57.30, needed for 3 units)",15.68669635833096,57.048924431585505,4141.615450994877,4137.761267455594
2026-09-29T07:53:26.577392+00:00,EUR_USD,1.13489,sell,none,0,734.2997,-13822.0,-1,already in matching position,20.154069059191883,28.275531454048817,1.1357937253767982,1.1361018732206807
2026-09-29T07:53:27.296941+00:00,GBP_USD,1.32337,sell,none,0,734.3744,-3790.0,-1,already in matching position,16.16826199311298,39.441338131403825,1.3237741554519666,1.3240512513893639
2026-09-29T08:08:05.052754+00:00,XAU_USD,4141.115,buy,none,0,742.3617,-1.0,-1,"computed 0 units — insufficient margin (available=65.22, needed for 3 units)",15.125665088853209,55.26813256216191,4141.515360795902,4138.066152232358
2026-09-29T08:08:05.377245+00:00,EUR_USD,1.13496,sell,none,0,742.3693,-13822.0,-1,already in matching position,22.212977655241133,29.89470263686077,1.1356269803014387,1.135998066564255
2026-09-29T08:08:05.795000+00:00,GBP_USD,1.32336,sell,none,0,742.3693,-3790.0,-1,already in matching position,16.589879585200162,39.34003525231789,1.3236913243615733,1.323988410353967
2026-09-29T08:28:23.812473+00:00,XAU_USD,4140.745,none,none,0,733.9571,-1.0,-1,no signal,14.212878479528138,54.756058651578435,4141.361288636722,4138.3096838475985
2026-09-29T08:28:24.053144+00:00,EUR_USD,1.1347,sell,none,0,733.9571,-13822.0,-1,already in matching position,24.34321514798182,27.418798433415787,1.1354415842411512,1.135880060512959
2026-09-29T08:28:24.197786+00:00,GBP_USD,1.32327,sell,none,0,733.9342,-3790.0,-1,already in matching position,17.522293742817443,38.38448601550467,1.3236070594892586,1.323923100321788
2026-09-29T08:46:43.651182+00:00,XAU_USD,4140.12,none,none,0,743.5974,-1.0,-1,no signal,13.22675238995365,53.399974914740994,4141.224824727503,4138.784201526941
2026-09-29T08:46:43.984643+00:00,EUR_USD,1.1345,sell,sell,-10976,743.611,0.0,-1,sell order FILLED (margin-capped size),28.421512318000897,25.82846670455841,1.1351378139143369,1.1356587276966603
2026-09-29T08:46:44.351226+00:00,GBP_USD,1.32326,sell,none,0,742.9408,-3790.0,-1,already in matching position,17.27260619835998,40.333767060757104,1.3235541180731258,1.3238452068775106
2026-09-29T08:59:57.275162+00:00,XAU_USD,4140.12,none,none,0,738.8836,-1.0,-1,no signal,13.22675238995365,53.399974914740994,4141.224824727503,4138.784201526941
2026-09-29T08:59:57.720401+00:00,EUR_USD,1.1345,sell,none,0,738.8836,-10976.0,-1,already in matching position,28.421512318000897,25.82846670455841,1.1351378139143369,1.1356587276966603
2026-09-29T08:59:58.327858+00:00,GBP_USD,1.32326,sell,none,0,738.9021,-3790.0,-1,already in matching position,17.27260619835998,40.333767060757104,1.3235541180731258,1.3238452068775106
2026-09-29T09:20:49.534520+00:00,XAU_USD,4140.33,none,none,0,745.4189,-1.0,-1,no signal,12.432204997151691,53.65411574542025,4140.800287825602,4138.999588038794
2026-09-29T09:20:50.096526+00:00,EUR_USD,1.13369,sell,none,0,745.3368,-10976.0,-1,already in matching position,32.98270417976106,22.663989073044988,1.1347798009051757,1.1354013452038514
2026-09-29T09:20:50.268306+00:00,GBP_USD,1.32298,sell,none,0,745.4769,-3790.0,-1,already in matching position,18.07493186844215,39.175684983388955,1.3234562355668007,1.3237512453533145
2026-09-29T09:37:49.552828+00:00,XAU_USD,4140.435,none,none,0,751.3024,-1.0,-1,no signal,12.361464199831653,53.810237859578244,4140.727230260482,4139.130080035267
2026-09-29T09:37:50.317576+00:00,EUR_USD,1.13346,none,none,0,751.3253,-10976.0,-1,no signal,35.51427805728147,21.261395448013403,1.1345158407241405,1.1352248592762286
2026-09-29T09:37:50.479414+00:00,GBP_USD,1.32264,sell,none,0,751.31,-3790.0,-1,already in matching position,19.086222981155615,36.255810350353244,1.3232929884534408,1.3236502230484675
2026-09-29T09:54:15.077001+00:00,XAU_USD,4145.62,none,none,0,743.5125,-1.0,-1,no signal,12.799574477005294,60.82765052647363,4141.705784208386,4139.720072759334
2026-09-29T09:54:15.305117+00:00,EUR_USD,1.13357,sell,none,0,743.0413,-10976.0,-1,already in matching position,37.93389458640532,23.69363206987299,1.1343266725793124,1.135074417523844
2026-09-29T09:54:15.470254+00:00,GBP_USD,1.32285,sell,none,0,743.0581,-3790.0,-1,already in matching position,20.171500852341474,39.266731099368556,1.3232043907627526,1.323577475498607
2026-09-29T10:08:07.807812+00:00,XAU_USD,4145.69,none,none,0,743.7221,-1.0,-1,no signal,13.665408980086328,60.91398547658319,4142.502627366709,4140.262793417576
2026-09-29T10:08:08.143393+00:00,EUR_USD,1.13341,sell,none,0,743.7221,-10976.0,-1,already in matching position,40.209068864569346,22.60007855901118,1.13414333806345,1.1349231068398582
2026-09-29T10:08:08.358890+00:00,GBP_USD,1.32226,sell,sell,-5590,743.6075,0.0,-1,sell order FILLED (margin-capped size),21.46602645602001,34.35666715737058,1.3230155126102021,1.3234577049987335
2026-09-29T10:27:36.130719+00:00,XAU_USD,4148.985,none,none,0,740.0995,-1.0,-1,no signal,14.84456990504079,64.84200131157958,4143.799101893368,4141.055721288705
2026-09-29T10:27:36.432334+00:00,EUR_USD,1.13368,sell,none,0,740.2293,-10976.0,-1,already in matching position,41.99182630642156,28.589678963607923,1.13405067045076,1.1348100971271438
2026-09-29T10:27:36.929097+00:00,GBP_USD,1.32246,sell,none,0,740.2293,-5590.0,-1,already in matching position,22.808449238022625,37.22236260680514,1.3229044100881617,1.3233670045443031
2026-09-29T10:45:33.730605+00:00,XAU_USD,4151.06,buy,buy,1,735.3683,-1.0,-1,buy order FILLED (margin-capped size),17.125602435578074,67.17111650852291,4146.236225211756,4142.700678750995
2026-09-29T10:45:34.483953+00:00,EUR_USD,1.13426,sell,none,0,735.8091,-10976.0,-1,already in matching position,42.26684701164031,39.55430086325611,1.1341100290884865,1.1347063612621022
2026-09-29T10:45:35.930248+00:00,GBP_USD,1.3234,sell,sell,-8621,735.8091,0.0,-1,sell order FILLED (margin-capped size),21.823123408212098,48.71268072255213,1.3230556224564236,1.3233586814415728
2026-09-29T10:58:25.051307+00:00,XAU_USD,4151.06,buy,none,0,728.3749,0.0,-1,"computed 0 units — insufficient margin (available=128.12, needed for 4 units)",17.125602435578074,67.17111650852291,4146.236225211756,4142.700678750995
2026-09-29T10:58:25.517328+00:00,EUR_USD,1.13426,sell,none,0,728.3749,-10976.0,-1,already in matching position,42.26684701164031,39.55430086325611,1.1341100290884865,1.1347063612621022
2026-09-29T10:58:25.844068+00:00,GBP_USD,1.3234,sell,none,0,728.3749,-8621.0,-1,already in matching position,21.823123408212098,48.71268072255213,1.3230556224564236,1.3233586814415728
2026-09-29T11:15:59.590964+00:00,XAU_USD,4156.905,buy,none,0,728.43,0.0,-1,"computed 0 units — insufficient margin (available=128.25, needed for 4 units)",20.740150394644537,73.01603066919614,4149.5681841355245,4144.903081612392
2026-09-29T11:16:00.294948+00:00,EUR_USD,1.13461,sell,none,0,728.5138,-10976.0,-1,already in matching position,38.33458223296608,45.76959184022315,1.1343396186166315,1.1347152572414068
2026-09-29T11:16:00.506063+00:00,GBP_USD,1.32362,sell,none,0,728.113,-8621.0,-1,already in matching position,19.01546881781231,50.74228168776141,1.323309998372111,1.3234304805302253
2026-09-29T11:32:22.240002+00:00,XAU_USD,4159.64,buy,none,0,725.2341,0.0,-1,"computed 0 units — insufficient margin (available=125.23, needed for 4 units)",23.05014247122441,75.30609957964248,4151.58254730842,4146.242801465811
2026-09-29T11:32:22.623801+00:00,EUR_USD,1.13478,sell,none,0,724.9173,-10976.0,-1,already in matching position,36.57650618112497,48.15022529339525,1.1344276948933052,1.1347211429467334
2026-09-29T11:32:23.472854+00:00,GBP_USD,1.32414,sell,none,0,724.9173,-8621.0,-1,already in matching position,18.009371953984772,55.711917806607,1.323475998697689,1.323494982300205
2026-09-29T11:48:55.075750+00:00,XAU_USD,4151.815,buy,none,0,726.4936,0.0,-1,"computed 0 units — insufficient margin (available=126.42, needed for 4 units)",23.536810508568905,59.696171714056725,4151.629037846736,4146.749364968919
2026-09-29T11:48:55.613367+00:00,EUR_USD,1.1348,sell,none,0,726.4936,-10976.0,-1,already in matching position,34.713413707155404,48.43700837250714,1.1345021559146442,1.1347283117697575
2026-09-29T11:48:56.232971+00:00,GBP_USD,1.32409,buy,buy,2579,726.6251,-8621.0,-1,buy order FILLED (margin-capped size),17.32425111643648,55.135899733931325,1.3235987989581512,1.3235490748183683
2026-09-29T12:01:07.190041+00:00,XAU_USD,4153.605,buy,buy,3,722.299,0.0,-1,buy order FILLED,23.627840299558606,61.65429845250992,4152.024230277389,4147.372604517199
2026-09-29T12:01:07.419345+00:00,EUR_USD,1.1352,sell,sell,-5977,721.2925,0.0,-1,sell order FILLED (margin-capped size),32.87561355985746,53.92582696815252,1.1346417247317153,1.1347711925179613
2026-09-29T12:01:07.678865+00:00,GBP_USD,1.32456,buy,buy,1644,721.3398,0.0,-1,buy order FILLED (margin-capped size),17.329113739174648,59.38668332501171,1.323791039166521,1.3236409771076076
2026-09-29T12:26:08.880425+00:00,XAU_USD,4152.8,buy,none,0,715.6862,3.0,-1,"computed 0 units — insufficient margin (available=20.52, needed for 3 units)",23.712367962620508,60.23692330915824,4152.179384221911,4147.866004106544
2026-09-29T12:26:09.287830+00:00,EUR_USD,1.13551,sell,none,0,715.1954,-5977.0,-1,already in matching position,31.73266737980185,57.68523202052093,1.1348153797853722,1.1348383568345102
2026-09-29T12:26:09.628080+00:00,GBP_USD,1.32476,buy,none,0,715.1954,1644.0,-1,already in matching position,18.349087941412286,61.07672057878657,1.323984831333217,1.3237427064614615
2026-09-29T12:48:11.035739+00:00,XAU_USD,4156.835,buy,none,0,719.2072,3.0,-1,"computed 0 units — insufficient margin (available=78.15, needed for 3 units)",22.9938094170349,64.76451209842858,4153.557805902024,4149.268887691359
2026-09-29T12:48:11.317176+00:00,EUR_USD,1.13501,buy,buy,1859,719.2072,-5977.0,-1,buy order FILLED (margin-capped size),28.193188294553913,50.303556299694115,1.1349222430626382,1.134887154408686
2026-09-29T12:48:11.545216+00:00,GBP_USD,1.32309,buy,buy,2679,719.3217,0.0,-1,buy order FILLED (margin-capped size),17.412359708919237,44.003884602015134,1.323790692053259,1.3236955425301336
2026-09-29T13:04:07.079717+00:00,XAU_USD,4151.31,buy,none,0,720.6486,3.0,-1,"computed 0 units — insufficient margin (available=43.64, needed for 3 units)",22.37413048601134,55.13622105578884,4153.1082447216195,4149.454443355781
2026-09-29T13:04:07.930685+00:00,EUR_USD,1.13441,sell,none,0,720.8367,-4118.0,-1,already in matching position,26.797203386788876,42.9209668100175,1.1348197944501106,1.134843776735169
2026-09-29T13:04:08.190649+00:00,GBP_USD,1.32242,sell,sell,-887,720.5667,2679.0,-1,sell order FILLED (margin-capped size),17.58776664436851,39.09921233400816,1.3235165536426072,1.3235795841183031
2026-09-29T13:27:05.122569+00:00,XAU_USD,4159.39,buy,none,0,725.5645,3.0,-1,"computed 0 units — insufficient margin (available=77.62, needed for 3 units)",22.334772478427052,63.64774347838941,4154.364595777296,4150.357675777983
2026-09-29T13:27:05.454670+00:00,EUR_USD,1.13455,sell,none,0,724.7422,-4118.0,-1,already in matching position,25.646289682489364,44.95108022304911,1.1347658355600885,1.1348170697592443
2026-09-29T13:27:05.870958+00:00,GBP_USD,1.32302,sell,sell,-1573,725.0149,1792.0,-1,sell order FILLED (margin-capped size),17.83622007681021,45.01022696238167,1.3234172429140858,1.323528712834821
2026-09-29T13:45:43.045033+00:00,XAU_USD,4155.27,buy,none,0,724.5566,3.0,-1,"computed 0 units — insufficient margin (available=136.40, needed for 3 units)",23.01852726391909,57.58530703438955,4154.6569412974695,4151.192872543787
2026-09-29T13:45:43.204746+00:00,EUR_USD,1.13412,sell,none,0,723.6862,-4118.0,-1,already in matching position,23.67407272540099,40.01606007577469,1.1345765347584567,1.134718404759706
2026-09-29T13:45:43.745885+00:00,GBP_USD,1.32257,sell,sell,-2768,723.6862,0.0,-1,sell order FILLED (margin-capped size),18.315378508610767,41.634711228792646,1.3231442354650151,1.3233788535824966
2026-09-29T14:00:57.286089+00:00,XAU_USD,4157.745,buy,none,0,745.1305,3.0,-1,"computed 0 units — insufficient margin (available=64.00, needed for 3 units)",23.8203635840259,60.17713328684624,4155.274553037976,4151.788520494352
2026-09-29T14:00:57.500157+00:00,EUR_USD,1.13405,sell,none,0,744.865,-4118.0,-1,already in matching position,22.87921868679826,39.24018292276509,1.1344712278067655,1.134657640690642
2026-09-29T14:00:57.705031+00:00,GBP_USD,1.32254,sell,none,0,744.865,-2768.0,-1,already in matching position,18.145403549092656,41.402579273129895,1.3230233883720122,1.323302594165906
2026-09-29T14:21:20.704107+00:00,XAU_USD,4166.355,buy,none,0,760.6063,3.0,-1,"computed 0 units — insufficient margin (available=78.80, needed for 3 units)",25.271987165305497,67.59548909083952,4157.490642430381,4153.112745903956
2026-09-29T14:21:21.559199+00:00,EUR_USD,1.13434,sell,none,0,760.8098,-4118.0,-1,already in matching position,22.359770455731557,44.077759381952966,1.1344449822454123,1.1346287642642199
2026-09-29T14:21:21.962123+00:00,GBP_USD,1.32242,sell,none,0,761.0344,-2768.0,-1,already in matching position,18.308420623825057,40.43152354396797,1.3229027106976097,1.3232223583326417
2026-09-29T14:38:27.536171+00:00,XAU_USD,4172.76,buy,buy,2,765.6112,0.0,-1,buy order FILLED (margin-capped size),27.28951702493608,71.80345068976881,4160.544513944305,4154.898859912687
2026-09-29T14:38:27.934565+00:00,EUR_USD,1.13446,sell,none,0,765.047,-4118.0,-1,already in matching position,21.754777393894962,45.99387765253115,1.1344479857963299,1.1346134220583817
2026-09-29T14:38:28.416965+00:00,GBP_USD,1.32266,sell,none,0,764.9805,-2768.0,-1,already in matching position,18.459793621790904,43.29599921783927,1.3228541685580877,1.323171234847856
2026-09-29T14:54:55.424695+00:00,XAU_USD,4167.595,buy,none,0,772.084,2.0,-1,already in matching position,28.34902711846593,64.52663778985983,4161.954611155445,4156.053054466079
2026-09-29T14:54:56.203896+00:00,EUR_USD,1.13428,sell,none,0,771.7369,-4118.0,-1,already in matching position,20.940823359720724,43.58165490776115,1.134414388637064,1.1345831109621651
2026-09-29T14:54:56.973406+00:00,GBP_USD,1.32238,sell,none,0,772.0065,-2768.0,-1,already in matching position,18.7995945810525,40.8292150658051,1.3227593348464701,1.3230993044071417
2026-09-29T15:11:44.074898+00:00,XAU_USD,4170.475,buy,none,0,767.126,2.0,-1,already in matching position,29.276204299872266,66.56156412638177,4163.658688924356,4157.364140423708
2026-09-29T15:11:45.066545+00:00,EUR_USD,1.13402,sell,sell,-8576,767.126,0.0,-1,sell order FILLED (margin-capped size),20.98057213509769,40.29430048608676,1.1343355109096511,1.1345319190565137
2026-09-29T15:11:45.246209+00:00,GBP_USD,1.32145,sell,none,0,766.4692,-2768.0,-1,already in matching position,19.825441627007738,33.917090272051695,1.3224974678771764,1.322949367642856
2026-09-29T15:32:31.181395+00:00,XAU_USD,4152.75,buy,buy,2,768.5434,0.0,-1,buy order FILLED,27.881096811063777,47.682389694094404,4161.256360911589,4157.3509424989315
2026-09-29T15:32:31.671969+00:00,EUR_USD,1.13306,sell,none,0,767.6195,-8576.0,-1,already in matching position,23.60168120726021,30.747076071979663,1.1339467269821768,1.1343128256665402
2026-09-29T15:32:32.665967+00:00,GBP_USD,1.32054,sell,sell,-4265,767.7877,0.0,-1,sell order FILLED (margin-capped size),23.313297492441627,28.657746724083466,1.3218471794413928,1.322559312101534
2026-09-29T15:50:23.041408+00:00,XAU_USD,4156.325,buy,none,0,774.1812,2.0,-1,"computed 0 units — insufficient margin (available=72.58, needed for 2 units)",26.276786960640873,50.815981688897,4160.270088729271,4157.2576749990285
2026-09-29T15:50:23.226440+00:00,EUR_USD,1.13328,sell,none,0,773.9113,-8576.0,-1,already in matching position,25.232749137191973,34.71807137028709,1.1338133815857414,1.1342189324241274
2026-09-29T15:50:23.421453+00:00,GBP_USD,1.3205,sell,none,0,774.0613,-4265.0,-1,already in matching position,24.351583645286514,28.43921589994919,1.3215777435531144,1.3223721019104855
2026-09-29T16:02:39.098138+00:00,XAU_USD,4158.205,buy,none,0,766.0538,2.0,-1,"computed 0 units — insufficient margin (available=64.90, needed for 2 units)",24.565856110718634,52.429589314928116,4159.857070983417,4157.343795453662
2026-09-29T16:02:39.628629+00:00,EUR_USD,1.13356,sell,none,0,766.2884,-8576.0,-1,already in matching position,26.151816811532406,39.474892913863535,1.1337627052685932,1.1341590294764794
2026-09-29T16:02:41.656030+00:00,GBP_USD,1.32104,sell,none,0,766.2884,-4265.0,-1,already in matching position,25.32430625898086,35.580946368773425,1.3214701948424916,1.322251001736805
2026-09-29T16:24:45.451021+00:00,XAU_USD,4150.525,buy,none,0,763.4639,2.0,-1,"computed 0 units — insufficient margin (available=62.66, needed for 2 units)",23.24000804171243,45.81677270297307,4157.990656786733,4156.723904957875
2026-09-29T16:24:45.661877+00:00,EUR_USD,1.1329,sell,none,0,763.4639,-8576.0,-1,already in matching position,27.40272210292608,33.31307102328324,1.1335901642148747,1.1340445722513448
2026-09-29T16:24:45.875116+00:00,GBP_USD,1.32081,sell,none,0,763.4313,-4265.0,-1,already in matching position,25.683658283553132,34.023455379718754,1.3213381558739934,1.3221200015789136
2026-09-29T16:58:04.380090+00:00,XAU_USD,4147.565,sell,sell,-1,759.0724,2.0,-1,sell order FILLED (margin-capped size),21.51865032507964,43.83500237529418,4155.205420343509,4155.634342940392
2026-09-29T16:58:04.875415+00:00,EUR_USD,1.13258,sell,sell,-10977,759.0365,0.0,-1,sell order FILLED (margin-capped size),30.113202892728722,31.28120739510649,1.1332905050975197,1.1338234481416072
2026-09-29T16:58:05.525728+00:00,GBP_USD,1.32118,sell,none,0,758.3053,-4265.0,-1,already in matching position,25.441908345273827,39.619011320131044,1.321326019759356,1.3219800013048872
2026-09-29T17:13:36.493330+00:00,XAU_USD,4145.655,sell,none,0,756.0969,1.0,-1,"computed 0 units — insufficient margin (available=144.27, needed for 3 units)",21.426138216146217,42.414606267878085,4153.295336274808,4154.727129945811
2026-09-29T17:13:36.675408+00:00,EUR_USD,1.13147,sell,none,0,756.0969,-10977.0,-1,already in matching position,32.646255108069916,24.24637270001692,1.1329264040780158,1.133609498310552
2026-09-29T17:13:36.892823+00:00,GBP_USD,1.32056,sell,none,0,756.0739,-4265.0,-1,already in matching position,26.103903272192017,35.26943186805248,1.321172815807485,1.32185091027717
2026-09-29T17:31:05.140218+00:00,XAU_USD,4148.265,sell,none,0,757.0078,1.0,-1,"computed 0 units — insufficient margin (available=145.11, needed for 3 units)",21.129724477771646,45.10883974622303,4151.3252152158775,4153.523371856041
2026-09-29T17:31:06.137235+00:00,EUR_USD,1.13172,sell,none,0,757.1989,-10977.0,-1,already in matching position,37.182486371257454,28.16477958680214,1.1324920986099303,1.1332815688516955
2026-09-29T17:31:06.458323+00:00,GBP_USD,1.32105,sell,none,0,757.1301,-4265.0,-1,already in matching position,27.28941459539753,40.80892679864175,1.3211270021167905,1.3217110828736942
2026-09-29T17:47:28.424535+00:00,XAU_USD,4145.13,sell,none,0,753.5909,1.0,-1,"computed 0 units — insufficient margin (available=141.84, needed for 3 units)",21.29000494264531,42.42266254035685,4150.086172172702,4152.760338050946
2026-09-29T17:47:28.766807+00:00,EUR_USD,1.13166,sell,none,0,753.398,-10977.0,-1,already in matching position,39.14110549699627,27.76503287629474,1.1323256788879443,1.1331341535015413
2026-09-29T17:47:29.114543+00:00,GBP_USD,1.3208,sell,none,0,753.4457,-4265.0,-1,already in matching position,27.95286828688965,38.84498868367299,1.3210616016934325,1.3216282571579039
2026-09-29T18:01:07.317415+00:00,XAU_USD,4144.025,sell,sell,-1,755.6168,1.0,-1,sell order FILLED (margin-capped size),21.675721935190353,41.484943103982445,4148.873937738163,4151.966216409951
2026-09-29T18:01:07.723257+00:00,EUR_USD,1.13158,sell,none,0,755.2735,-10977.0,-1,already in matching position,40.359782033455616,27.210486003572314,1.1321765431103554,1.132992866819583
2026-09-29T18:01:09.575218+00:00,GBP_USD,1.32054,sell,none,0,755.4411,0.0,-1,sell order REJECTED by OANDA: STOP_LOSS_ON_FILL_LOSS,28.160929894350442,36.8583167969916,1.320957281354746,1.3215293246890036
2026-09-29T18:24:15.708172+00:00,XAU_USD,4166.285,sell,sell,-2,747.8156,0.0,-1,sell order FILLED,21.860232848949046,60.4504397456399,4152.35615019053,4153.267924009046
2026-09-29T18:24:20.436979+00:00,EUR_USD,1.1336,sell,sell,-10301,746.8841,0.0,-1,sell order FILLED (margin-capped size),37.59557511301778,52.8292783951234,1.1324612344882843,1.1330480607450755
2026-09-29T18:24:24.589264+00:00,GBP_USD,1.32267,sell,sell,-2812,746.1938,0.0,-1,sell order FILLED (margin-capped size),26.640921842348185,56.49042462105718,1.321299825083797,1.3216330224445487
2026-09-29T18:43:17.978157+00:00,XAU_USD,4166.02,buy,none,0,733.569,-2.0,-1,"computed 0 units — insufficient margin (available=31.20, needed for 2 units)",22.272550526744347,60.20028971130596,4155.088920152424,4154.427203644586
2026-09-29T18:43:18.106483+00:00,EUR_USD,1.13378,sell,none,0,733.517,-10301.0,-1,already in matching position,35.30965275251451,54.37041855851107,1.1327249875906276,1.1331146006773412
2026-09-29T18:43:18.250796+00:00,GBP_USD,1.32278,sell,none,0,733.517,-2812.0,-1,already in matching position,25.575140666263472,57.230008949743166,1.3215958600670377,1.3217372931314078
2026-09-29T18:58:59.663289+00:00,XAU_USD,4170.39,buy,none,0,734.1541,-2.0,-1,"computed 0 units — insufficient margin (available=31.75, needed for 2 units)",23.24076341053881,62.92489583648797,4158.14913612194,4155.878366949623
2026-09-29T18:59:00.327143+00:00,EUR_USD,1.13408,sell,none,0,733.9862,-10301.0,-1,already in matching position,33.74747380563403,56.89797425090808,1.132995990072502,1.1332023642521283
2026-09-29T18:59:00.744385+00:00,GBP_USD,1.32316,buy,buy,641,733.8487,-2812.0,-1,buy order FILLED (margin-capped size),25.079396274715766,59.77383318368016,1.3219086880536302,1.3218666301194617
2026-09-29T19:17:49.772839+00:00,XAU_USD,4168.67,buy,none,0,738.8633,-2.0,-1,daily trade limit reached,25.096606075027438,60.80947912467234,4162.2894471180425,4158.2806338426635
2026-09-29T19:17:50.109399+00:00,EUR_USD,1.13393,buy,none,0,738.9396,-10301.0,-1,daily trade limit reached,31.038021218264376,55.01727113392478,1.1333626336464013,1.1333443506215937
2026-09-29T19:17:50.777028+00:00,GBP_USD,1.3226,buy,none,0,738.9549,-2171.0,-1,daily trade limit reached,23.936665736572557,54.45055310255609,1.3221991603543235,1.3220153967929436
2026-09-29T19:34:48.920047+00:00,XAU_USD,4171.35,buy,none,0,734.6838,-2.0,-1,daily trade limit reached,25.961748685383153,62.676509930266825,4164.101557694435,4159.468758038785
2026-09-29T19:34:49.137911+00:00,EUR_USD,1.13409,buy,none,0,734.7143,-10301.0,-1,daily trade limit reached,29.664770909536948,56.54627047524641,1.1335081069171211,1.1334121369287216
2026-09-29T19:34:49.481708+00:00,GBP_USD,1.32292,buy,none,0,734.5311,-2171.0,-1,daily trade limit reached,23.062960744622533,56.90624511857446,1.3223433282834587,1.3220976334481307
2026-09-29T19:49:24.988960+00:00,XAU_USD,4172.545,buy,none,0,737.9829,-2.0,-1,daily trade limit reached,26.999635048713415,63.511242422458814,4165.790246155548,4160.657507307987
2026-09-29T19:49:27.691110+00:00,EUR_USD,1.13391,buy,none,0,738.0287,-10301.0,-1,daily trade limit reached,28.554392079205485,54.30973204044359,1.1335884855336968,1.1334573972079287
2026-09-29T19:49:29.553546+00:00,GBP_USD,1.32278,buy,none,0,737.7916,-2171.0,-1,daily trade limit reached,22.41516495074531,55.496567977144224,1.322430662626767,1.3221596667710278
2026-09-29T20:01:23.528929+00:00,XAU_USD,4177.215,buy,none,0,726.7285,-2.0,-1,daily trade limit reached,28.3267191630221,66.65024305586388,4168.075196924438,4162.1627339163515
2026-09-29T20:01:27.703144+00:00,EUR_USD,1.13388,buy,none,0,726.6979,-10301.0,-1,daily trade limit reached,26.888092931842895,53.92689736531884,1.1336467884269577,1.1334958156435715
2026-09-29T20:01:31.575932+00:00,GBP_USD,1.32288,buy,none,0,728.2578,-2171.0,-1,daily trade limit reached,21.691503659194076,56.328738094014454,1.3225205301014138,1.3222251516100254
2026-09-29T20:21:27.829853+00:00,XAU_USD,4172.145,buy,none,0,732.7862,-2.0,-1,daily trade limit reached,29.559011554880172,60.55924397306414,4168.889157539551,4163.070212651229
2026-09-29T20:21:28.500264+00:00,EUR_USD,1.13358,buy,none,0,732.7862,-10301.0,-1,daily trade limit reached,25.34081515214906,50.121969577618195,1.133633430741566,1.1335034687668832
2026-09-29T20:21:29.272201+00:00,GBP_USD,1.32276,buy,none,0,732.6946,-2171.0,-1,daily trade limit reached,21.069732596100227,54.999677790466144,1.322568424081131,1.3222737741909323
2026-09-29T20:37:40.697585+00:00,XAU_USD,4175.825,buy,none,0,723.4323,0.0,-1,daily trade limit reached,30.550292365471595,63.18885021529979,4170.276326031641,4164.2297387738445
2026-09-29T20:37:40.862524+00:00,EUR_USD,1.13352,buy,none,0,723.4323,-10301.0,-1,daily trade limit reached,23.68424348726154,49.371672077548446,1.1336107445932528,1.1335049716062573
2026-09-29T20:37:41.053862+00:00,GBP_USD,1.32256,buy,none,0,723.4323,-2171.0,-1,daily trade limit reached,20.03268274224999,52.765103034994496,1.322566739264905,1.3222997947190294
2026-09-29T20:51:52.594269+00:00,XAU_USD,4185.015,buy,none,0,720.5773,0.0,-1,daily trade limit reached,32.270803184389266,68.7857854127614,4173.224060825312,4166.119307976222
2026-09-29T20:51:52.893887+00:00,EUR_USD,1.13394,buy,none,0,720.5773,-10301.0,-1,daily trade limit reached,22.839960226802905,54.50556036584372,1.1336765956746024,1.133544519642052
2026-09-29T20:51:53.228970+00:00,GBP_USD,1.32324,buy,none,0,720.5773,-2171.0,-1,daily trade limit reached,20.050952434276333,58.88198970523954,1.322701391411924,1.3223852679263903
2026-09-29T21:02:26.602980+00:00,XAU_USD,4181.985,buy,none,0,720.563,0.0,-1,daily trade limit reached,33.89771331695976,65.2625109542838,4174.97624866025,4167.5616436147475
2026-09-29T21:02:26.921647+00:00,EUR_USD,1.13418,buy,none,0,720.563,-10301.0,-1,daily trade limit reached,22.61661818389876,57.17775968499643,1.133777276539682,1.1336022905836836
2026-09-29T21:02:27.116814+00:00,GBP_USD,1.32314,buy,none,0,720.563,-2171.0,-1,daily trade limit reached,20.12837882185094,57.69865147495855,1.3227891131295395,1.322453879933082
2026-09-29T21:20:52.396919+00:00,XAU_USD,4181.985,buy,none,0,716.8006,0.0,-1,daily trade limit reached,33.89771331695976,65.2625109542838,4174.97624866025,4167.5616436147475
2026-09-29T21:20:52.576235+00:00,EUR_USD,1.13425,buy,none,0,716.8006,0.0,-1,daily trade limit reached,22.911091398492996,57.95349210570256,1.1338718212317458,1.1336611732578943
2026-09-29T21:20:52.828243+00:00,GBP_USD,1.32281,buy,none,0,716.8006,-2171.0,-1,daily trade limit reached,19.60160514685698,53.85246258140333,1.3227932905036317,1.32248625448462
2026-09-29T21:35:12.336421+00:00,XAU_USD,4181.985,buy,none,0,717.1486,0.0,-1,daily trade limit reached,33.89771331695976,65.2625109542838,4174.97624866025,4167.5616436147475
2026-09-29T21:35:12.718620+00:00,EUR_USD,1.13432,buy,none,0,717.1486,0.0,-1,daily trade limit reached,23.05315741402847,58.7580665949504,1.1339614569853966,1.1337210665980857
2026-09-29T21:35:12.916622+00:00,GBP_USD,1.323,buy,none,0,717.1486,-2171.0,-1,daily trade limit reached,18.954066893286765,55.684137898919026,1.3228346324029054,1.322532958622382
2026-09-29T21:49:06.068699+00:00,XAU_USD,4181.985,buy,none,0,717.331,0.0,-1,daily trade limit reached,33.89771331695976,65.2625109542838,4174.97624866025,4167.5616436147475
2026-09-29T21:49:06.481542+00:00,EUR_USD,1.13438,buy,none,0,717.331,0.0,-1,daily trade limit reached,23.2838248873306,59.47389525507538,1.1340451655883175,1.1337809696346233
2026-09-29T21:49:06.929633+00:00,GBP_USD,1.32295,buy,none,0,717.331,-2171.0,-1,daily trade limit reached,18.39121802221809,55.06473306889909,1.3228577059223245,1.3225708714748927
2026-09-29T21:59:17.113497+00:00,XAU_USD,4181.985,buy,none,0,717.3476,0.0,-1,daily trade limit reached,33.89771331695976,65.2625109542838,4174.97624866025,4167.5616436147475
2026-09-29T21:59:18.019819+00:00,EUR_USD,1.13438,buy,none,0,717.3476,0.0,-1,daily trade limit reached,23.2838248873306,59.47389525507538,1.1340451655883175,1.1337809696346233
2026-09-29T21:59:18.443480+00:00,GBP_USD,1.32295,buy,none,0,717.3476,-2171.0,-1,daily trade limit reached,18.39121802221809,55.06473306889909,1.3228577059223245,1.3225708714748927
2026-09-29T22:17:28.640539+00:00,XAU_USD,4181.57,buy,none,0,717.5133,0.0,-1,daily trade limit reached,35.4084155829181,64.77314594039308,4176.294998928201,4168.835130558861
2026-09-29T22:17:28.988048+00:00,EUR_USD,1.13421,buy,none,0,717.5133,0.0,-1,daily trade limit reached,23.586749718851497,56.16669513897726,1.1341349059765233,1.1338711319294408
2026-09-29T22:17:29.361682+00:00,GBP_USD,1.32304,buy,none,0,717.5133,-2171.0,-1,daily trade limit reached,17.791774808252868,55.86958169658773,1.3228913317902877,1.3226357615494981
2026-09-29T22:33:06.979310+00:00,XAU_USD,4180.12,buy,none,0,717.8447,0.0,-1,daily trade limit reached,36.77584333326511,62.99574684014849,4177.059999142561,4169.861027780783
2026-09-29T22:33:07.676000+00:00,EUR_USD,1.13406,buy,none,0,717.8447,0.0,-1,daily trade limit reached,23.118811578797246,53.45893143866255,1.1341199247812188,1.1338883017540369
2026-09-29T22:33:07.909830+00:00,GBP_USD,1.32274,buy,none,0,717.8613,-2171.0,-1,daily trade limit reached,17.62075954987909,51.85931075431688,1.3228610654322301,1.322645237772271
2026-09-29T22:46:49.269150+00:00,XAU_USD,4177.715,buy,none,0,718.0602,0.0,-1,daily trade limit reached,37.09318163885442,60.0523311668786,4177.190999314049,4170.575025255257
2026-09-29T22:46:49.598201+00:00,EUR_USD,1.13384,buy,none,0,718.0602,0.0,-1,daily trade limit reached,22.107123018231498,49.67627402166303,1.1340639398249752,1.133883910685488
2026-09-29T22:46:50.030001+00:00,GBP_USD,1.32265,buy,none,0,718.0602,-2171.0,-1,daily trade limit reached,17.153328768575257,50.68394073648374,1.322818852345784,1.3226456707020646
2026-09-29T22:57:30.333854+00:00,XAU_USD,4177.715,buy,none,0,718.0271,0.0,-1,daily trade limit reached,37.09318163885442,60.0523311668786,4177.190999314049,4170.575025255257
2026-09-29T22:57:31.285339+00:00,EUR_USD,1.13384,buy,none,0,718.0271,0.0,-1,daily trade limit reached,22.107123018231498,49.67627402166303,1.1340639398249752,1.133883910685488
2026-09-29T22:57:31.741674+00:00,GBP_USD,1.32265,buy,none,0,718.0271,-2171.0,-1,daily trade limit reached,17.153328768575257,50.68394073648374,1.322818852345784,1.3226456707020646
2026-09-29T23:13:04.364984+00:00,XAU_USD,4178.925,buy,none,0,717.8613,0.0,-1,daily trade limit reached,37.38785292261591,61.03867660907922,4177.537799451239,4171.334113868415
2026-09-29T23:13:04.582884+00:00,EUR_USD,1.13382,buy,none,0,717.8613,0.0,-1,daily trade limit reached,21.138872209858583,49.33451530455016,1.1340151518599801,1.1338781006231708
2026-09-29T23:13:04.776293+00:00,GBP_USD,1.32265,buy,none,0,717.8613,-2171.0,-1,daily trade limit reached,16.7192859002217,50.68394073648374,1.3227850818766274,1.3226460642746043
2026-09-29T23:27:10.744325+00:00,XAU_USD,4182.385,buy,none,0,717.8116,0.0,-1,daily trade limit reached,37.93703144496957,63.79176625603367,4178.507239560991,4172.338739880377
2026-09-29T23:27:11.101662+00:00,EUR_USD,1.13402,buy,none,0,717.8116,0.0,-1,daily trade limit reached,20.561800500823896,52.82935368813927,1.134016121487984,1.133891000566519
2026-09-29T23:27:11.482075+00:00,GBP_USD,1.32274,buy,none,0,717.7785,-2171.0,-1,daily trade limit reached,16.073345357090187,51.94703970942531,1.322776065501302,1.3226546038860039
2026-09-29T23:40:15.924903+00:00,XAU_USD,4180.86,buy,none,0,717.8613,0.0,-1,daily trade limit reached,38.62431084912419,61.72161368893082,4178.977791648793,4173.113399891252
2026-09-29T23:40:16.235253+00:00,EUR_USD,1.134,buy,none,0,717.8613,0.0,-1,daily trade limit reached,20.19854115853694,52.43980597895725,1.1340128971903871,1.1339009096059265
2026-09-29T23:40:16.599235+00:00,GBP_USD,1.32276,buy,none,0,717.8613,-2171.0,-1,daily trade limit reached,15.759534339187383,52.23978335303359,1.3227728524010414,1.3226641853509127
2026-09-29T23:52:05.193685+00:00,XAU_USD,4180.13,buy,none,0,717.8945,0.0,-1,daily trade limit reached,38.852728834524235,60.70604945465305,4179.208233319035,4173.75127262841
2026-09-29T23:52:05.549776+00:00,EUR_USD,1.13404,buy,none,0,717.8945,0.0,-1,daily trade limit reached,19.523009710156185,53.18333935677044,1.1340183177523098,1.1339135541872059
2026-09-29T23:52:05.942173+00:00,GBP_USD,1.32296,buy,none,0,717.8945,-2171.0,-1,daily trade limit reached,15.845855601422953,55.1802829254987,1.3228102819208332,1.3226910775917387
2026-09-30T00:04:50.534264+00:00,XAU_USD,4185.01,buy,buy,2,718.0105,0.0,-1,buy order FILLED (margin-capped size),39.87449123929729,64.86763783265141,4180.368586655228,4174.774793298555
2026-09-30T00:04:50.675146+00:00,EUR_USD,1.13406,buy,buy,7834,717.1858,0.0,-1,buy order FILLED (margin-capped size),18.895730508088363,53.57415448004741,1.1340266542018478,1.1339268674429144
2026-09-30T00:04:50.884000+00:00,GBP_USD,1.32299,buy,buy,2142,716.7671,-2171.0,-1,buy order FILLED (margin-capped size),15.926011059213135,55.62165200625529,1.3228462255366666,1.3227182523561258
2026-09-30T00:30:40.232709+00:00,XAU_USD,4182.495,buy,none,0,716.8727,2.0,-1,"computed 0 units — insufficient margin (available=176.50, needed for 4 units)",41.259198582372875,61.08017480121168,4181.421295459346,4176.263010990541
2026-09-30T00:30:40.560612+00:00,EUR_USD,1.13392,buy,none,0,717.0254,7834.0,-1,already in matching position,16.724101743819308,50.497523769482825,1.1339754586891828,1.1339190640024084
2026-09-30T00:30:40.874585+00:00,GBP_USD,1.32278,none,none,0,717.0254,-29.0,-1,no signal,14.561407533047776,51.782595599402285,1.3228063843434668,1.3227207044265503
2026-09-30T00:53:19.817485+00:00,XAU_USD,4178.91,buy,none,0,709.044,2.0,-1,"computed 0 units — insufficient margin (available=169.04, needed for 4 units)",40.642542643292586,55.95976321033042,4180.919036367477,4176.503646355038
2026-09-30T00:53:20.454557+00:00,EUR_USD,1.13382,buy,none,0,709.1191,7834.0,-1,already in matching position,15.620369570254564,48.284883004777846,1.1339443669513463,1.1339100581840076
2026-09-30T00:53:21.053010+00:00,GBP_USD,1.32278,none,none,0,709.1191,-29.0,-1,no signal,14.338463170627373,51.782595599402285,1.3228011074747734,1.3227260949332273
2026-09-30T01:07:27.887969+00:00,XAU_USD,4176.65,buy,buy,2,704.1855,0.0,-1,buy order FILLED (margin-capped size),39.58680987240609,52.946442554306124,4180.0652290939815,4176.5169512318525
2026-09-30T01:07:28.557415+00:00,EUR_USD,1.13391,buy,none,0,703.4536,7834.0,-1,already in matching position,15.11009595086922,50.39167929918232,1.133937493561077,1.1339100528945523
2026-09-30T01:07:28.777695+00:00,GBP_USD,1.3229,none,none,0,702.9955,-29.0,-1,no signal,13.56337236113299,53.91035700325879,1.3228208859798187,1.3227419044847522
2026-09-30T01:26:03.993627+00:00,XAU_USD,4172.715,buy,none,0,693.4589,2.0,-1,already in matching position,37.42366158218895,48.090741564136266,4178.595183275185,4176.171319301684
2026-09-30T01:26:04.429018+00:00,EUR_USD,1.13358,none,none,0,693.6118,0.0,-1,no signal,14.833446431277897,43.40873915153172,1.1338659948488616,1.1338800480859565
2026-09-30T01:26:05.066923+00:00,GBP_USD,1.32263,none,none,0,693.7645,-29.0,-1,no signal,12.619018091162017,48.70273286078263,1.322782708783855,1.3227317313497746
2026-09-30T01:42:27.619375+00:00,XAU_USD,4167.79,buy,buy,2,690.4352,0.0,-1,buy order FILLED (margin-capped size),35.04545401618499,42.800124115061315,4176.434146620149,4175.409381183349
2026-09-30T01:42:28.491232+00:00,EUR_USD,1.13412,none,none,0,689.6417,0.0,-1,no signal,13.800331509277402,54.515911018660496,1.1339167958790894,1.1339018618963241
2026-09-30T01:42:28.907726+00:00,GBP_USD,1.32318,none,none,0,689.7944,-29.0,-1,no signal,12.625063026680488,57.67237188383749,1.3228621670270841,1.3227724830452496
2026-09-30T01:56:09.977474+00:00,XAU_USD,4169.675,buy,none,0,693.0943,2.0,-1,already in matching position,32.92946214508026,45.281370549473564,4175.082317296119,4174.888073803044
2026-09-30T01:56:10.219968+00:00,EUR_USD,1.13402,none,none,0,693.1395,0.0,-1,no signal,13.146464114901896,52.46241746238285,1.1339374367032717,1.1339126017239312
2026-09-30T01:56:10.462236+00:00,GBP_USD,1.32288,none,none,0,693.3633,-29.0,-1,no signal,12.688342366126395,52.30045311498897,1.3228657336216676,1.3227822573138632
2026-09-30T02:11:30.259230+00:00,XAU_USD,4172.435,sell,sell,-1,700.0523,2.0,-1,sell order FILLED (margin-capped size),30.964612550482993,48.78451853793285,4174.552853836895,4174.665067093676
2026-09-30T02:11:30.598782+00:00,EUR_USD,1.13351,none,none,0,700.0223,0.0,-1,no signal,13.745708269627425,43.46934614383757,1.1338519493626174,1.13387600156721
2026-09-30T02:11:30.916734+00:00,GBP_USD,1.3228,none,none,0,700.0223,-29.0,-1,no signal,11.809134396718507,50.937891947900596,1.322852586897334,1.32278387028533
2026-09-30T02:27:41.066026+00:00,XAU_USD,4176.74,buy,none,0,699.2816,1.0,-1,already in matching position,29.46899182915244,53.757463765211135,4174.990283069516,4174.8536973578875
2026-09-30T02:27:41.324408+00:00,EUR_USD,1.1337,none,none,0,699.2816,0.0,-1,no signal,14.30214927044397,47.107036645443976,1.133821559490094,1.1338600014247364
2026-09-30T02:27:41.511865+00:00,GBP_USD,1.3227,none,none,0,699.2813,-29.0,-1,no signal,10.99272699655404,49.21198976772384,1.3228220695178672,1.3227762457139365
2026-09-30T02:44:14.832617+00:00,XAU_USD,4175.805,buy,none,0,700.1372,1.0,-1,already in matching position,28.457641569424656,52.56369169471153,4175.153226455614,4174.940179416261
2026-09-30T02:44:15.069013+00:00,EUR_USD,1.13389,none,none,0,700.1372,0.0,-1,no signal,13.627098913162156,50.53491336698029,1.1338352475920752,1.1338627285679421
2026-09-30T02:44:15.314529+00:00,GBP_USD,1.32288,none,none,0,700.1372,-29.0,-1,no signal,10.84036477334622,52.3421518562042,1.3228336556142937,1.3227856779217604
2026-09-30T02:57:41.156447+00:00,XAU_USD,4178.66,buy,none,0,703.9815,1.0,-1,already in matching position,26.529782584746535,55.791914738717786,4175.854581164491,4175.278344923874
2026-09-30T02:57:41.502242+00:00,EUR_USD,1.13382,none,none,0,703.9665,0.0,-1,no signal,13.000266438543317,49.26807271339237,1.1338321980736603,1.1338588441526747
2026-09-30T02:57:41.812363+00:00,GBP_USD,1.3231,none,none,0,703.9441,-29.0,-1,no signal,10.762780734005181,55.91817296682755,1.322886924491435,1.3228142526561457
2026-09-30T03:15:17.927828+00:00,XAU_USD,4178.655,buy,none,0,701.5782,1.0,-1,already in matching position,25.049019037830615,55.43832841495307,4177.005931945274,4175.938342912292
2026-09-30T03:15:20.172893+00:00,EUR_USD,1.13396,none,none,0,701.5111,0.0,-1,no signal,11.94548133711193,51.757252448831366,1.1338846067671426,1.1338797059113013
2026-09-30T03:15:21.155092+00:00,GBP_USD,1.32331,none,none,0,701.4588,-29.0,-1,no signal,12.61101768695316,58.35220898297219,1.3230552316745186,1.3229085559141698
2026-09-30T03:33:28.529741+00:00,XAU_USD,4180.98,buy,none,0,699.7661,1.0,-1,already in matching position,24.207269048091728,58.20022036036501,4177.800745556219,4176.396675374811
2026-09-30T03:33:28.752053+00:00,EUR_USD,1.13402,none,none,0,699.7661,0.0,-1,no signal,11.47389752192171,52.9206408183538,1.1339116854137141,1.1338924599193647
2026-09-30T03:33:29.173452+00:00,GBP_USD,1.32326,none,none,0,699.7661,-29.0,-1,no signal,13.437345848456353,57.29419866058725,1.323096185339615,1.322940505376518
2026-09-30T03:49:42.287285+00:00,XAU_USD,4175.415,buy,none,0,697.4685,1.0,-1,already in matching position,22.68205015294871,50.18292193475207,4177.323596444976,4176.307432158918
2026-09-30T03:49:42.768468+00:00,EUR_USD,1.13343,none,none,0,697.4685,0.0,-1,no signal,11.79407824668189,42.15525006179652,1.1338153483309714,1.1338504181085132
2026-09-30T03:49:43.218565+00:00,GBP_USD,1.32286,none,none,0,697.4682,-29.0,-1,no signal,12.496757590403234,49.553477689214375,1.323048948271692,1.3229331867059255
2026-09-30T04:01:04.911664+00:00,XAU_USD,4172.8,buy,none,0,697.7637,1.0,-1,already in matching position,21.415914556530797,46.912644881113415,4176.418877155981,4175.988574689925
2026-09-30T04:01:05.300928+00:00,EUR_USD,1.13323,none,none,0,697.7787,0.0,-1,no signal,12.473851117797782,39.241121034111195,1.1336982786647773,1.1337940164622846
2026-09-30T04:01:05.759826+00:00,GBP_USD,1.3226,none,none,0,697.7862,-29.0,-1,no signal,12.097930449069775,45.27195677774753,1.3229591586173537,1.3229028970053869
2026-09-30T04:21:45.817509+00:00,XAU_USD,4173.92,buy,none,0,700.1992,1.0,-1,already in matching position,20.156055462401206,48.46177906725736,4175.919101724785,4175.800522445386
2026-09-30T04:21:46.139310+00:00,EUR_USD,1.13314,none,none,0,700.1992,0.0,-1,no signal,13.4205325391671,37.96912744878751,1.1335866229318219,1.1337345604202587
2026-09-30T04:21:46.525255+00:00,GBP_USD,1.32249,none,none,0,700.2291,-29.0,-1,no signal,11.974521442419027,43.55725554877271,1.3228653268938828,1.322865360913988
2026-09-30T04:38:00.590712+00:00,XAU_USD,4177.86,buy,none,0,703.6539,1.0,-1,already in matching position,19.137257328962274,53.592187381135034,4176.307281379828,4175.987747677624
2026-09-30T04:38:00.865209+00:00,EUR_USD,1.1331,none,none,0,703.6539,0.0,-1,no signal,14.396457792651107,37.38904456904267,1.1334892983454576,1.1336768731093259
2026-09-30T04:38:01.558715+00:00,GBP_USD,1.32246,none,none,0,703.6539,-29.0,-1,no signal,12.135580182844398,43.07804274995677,1.3227842615151062,1.3228285099218073
2026-09-30T04:54:01.729938+00:00,XAU_USD,4181.025,buy,none,0,701.2712,1.0,-1,already in matching position,19.23795049308913,57.27177801667386,4177.250825103863,4176.445679706931
2026-09-30T04:54:01.926680+00:00,EUR_USD,1.13298,sell,sell,-12929,701.2712,0.0,-1,sell order FILLED (margin-capped size),15.592791655943286,35.63036915897072,1.1333874386763663,1.133613521008478
2026-09-30T04:54:02.204463+00:00,GBP_USD,1.3224,none,none,0,700.595,-29.0,-1,no signal,12.55662158003879,42.0808769801836,1.322707409212085,1.3227895544743702
2026-09-30T05:07:30.288615+00:00,XAU_USD,4179.01,buy,none,0,698.7157,1.0,-1,"computed 0 units — insufficient margin (available=171.21, needed for 4 units)",19.331451288349765,54.31890073885819,4177.60266008309,4176.678799733573
2026-09-30T05:07:30.602163+00:00,EUR_USD,1.1332,sell,none,0,698.7157,-12929.0,-1,already in matching position,16.343456394651827,41.1002848955648,1.1333499509410931,1.1335759281895255
2026-09-30T05:07:31.476351+00:00,GBP_USD,1.32271,none,none,0,698.7157,-29.0,-1,no signal,11.960802280662133,48.68952417925676,1.322707927369668,1.3227823222494273
2026-09-30T05:25:38.090112+00:00,XAU_USD,4172.69,buy,none,0,690.142,1.0,-1,already in matching position,18.28415562103181,46.26219221848478,4176.620128066472,4176.316181575976
2026-09-30T05:25:38.310351+00:00,EUR_USD,1.13336,sell,sell,-12669,690.142,0.0,-1,sell order FILLED (margin-capped size),16.2727680750458,44.77574306069093,1.1333519607528746,1.1335562983541139
2026-09-30T05:25:38.417269+00:00,GBP_USD,1.32288,none,none,0,689.4651,-29.0,-1,no signal,11.296184670429284,51.9287967547593,1.3227423418957347,1.322791202044934
2026-09-30T05:42:08.970239+00:00,XAU_USD,4175.0,buy,none,0,691.0559,1.0,-1,"computed 0 units — insufficient margin (available=171.28, needed for 3 units)",17.912529051072802,49.226500465411185,4176.296102453178,4176.196528705433
2026-09-30T05:42:09.983051+00:00,EUR_USD,1.13356,sell,none,0,691.175,-12669.0,-1,already in matching position,15.444549749022269,49.05523806059939,1.1333935686022998,1.1335566348673762
2026-09-30T05:42:10.209718+00:00,GBP_USD,1.3234,none,none,0,691.2498,-29.0,-1,no signal,12.195581616258226,60.20465166700761,1.322873873516588,1.3228465473135762
2026-09-30T05:56:02.605419+00:00,XAU_USD,4175.665,buy,none,0,689.35,1.0,-1,already in matching position,16.641602694955655,50.0802107409458,4176.169881962543,4176.14820791403
2026-09-30T05:56:02.760337+00:00,EUR_USD,1.13382,none,none,0,689.35,0.0,-1,no signal,14.864917981330507,54.04130770942399,1.13347885488184,1.13358057715216
2026-09-30T05:56:02.902625+00:00,GBP_USD,1.32368,none,none,0,689.3201,0.0,-1,no signal,13.737690681001785,63.81686536071948,1.3230350988132704,1.3229223157396146
2026-09-30T06:14:31.103429+00:00,XAU_USD,4178.19,buy,none,0,695.7709,1.0,-1,already in matching position,15.647759750880056,53.29159911176905,4176.573905570034,4176.33382537639
2026-09-30T06:14:31.527466+00:00,EUR_USD,1.13448,buy,buy,12811,695.8457,0.0,-1,buy order FILLED (margin-capped size),16.182538182661116,63.74226768612874,1.133679083905472,1.1336623428655999
2026-09-30T06:14:31.956391+00:00,GBP_USD,1.32455,buy,buy,3511,695.237,0.0,-1,buy order FILLED (margin-capped size),16.596745614781682,72.24644100009462,1.3233380790506164,1.3230702870360131
2026-09-30T06:38:44.670292+00:00,XAU_USD,4180.275,none,none,0,700.1099,1.0,-1,no signal,14.943450916409079,54.76203488342421,4178.380699564822,4177.2628722118925
2026-09-30T06:38:45.097235+00:00,EUR_USD,1.13548,buy,none,0,699.9007,0.0,-1,buy order REJECTED by OANDA: STOP_LOSS_ON_FILL_LOSS,20.801071790181364,73.23663032257014,1.1342650136995023,1.133945572616198
2026-09-30T06:38:45.448982+00:00,GBP_USD,1.32588,none,none,0,699.8409,0.0,-1,no signal,23.33871302554316,80.03628554728152,1.3242051705923947,1.323533129781829
2026-09-30T06:57:02.359390+00:00,XAU_USD,4182.47,none,none,0,703.9021,0.0,-1,no signal,14.632422975824856,57.20007059164748,4179.198559651858,4177.736247465356
2026-09-30T06:57:02.560847+00:00,EUR_USD,1.13541,buy,buy,16738,703.9021,0.0,-1,buy order FILLED (margin-capped size),21.966460945717454,71.75564273652299,1.1344940109596018,1.1340787023783618
2026-09-30T06:57:02.768067+00:00,GBP_USD,1.3253,buy,buy,4596,702.882,0.0,-1,buy order FILLED (margin-capped size),24.425406645473394,70.23588075695018,1.324424136473916,1.323693754347117
2026-09-30T07:15:14.991316+00:00,XAU_USD,4194.645,buy,none,0,705.5434,0.0,-1,"computed 0 units — insufficient margin (available=75.60, needed for 3 units)",17.647211389302225,67.81420943148942,4184.1416781771895,4180.351816087072
2026-09-30T07:15:15.730990+00:00,EUR_USD,1.13525,buy,none,0,705.7051,16738.0,-1,already in matching position,24.078871696547168,66.152655700718,1.1347261670141453,1.1342613242796378
2026-09-30T07:15:15.964689+00:00,GBP_USD,1.32651,buy,none,0,705.7394,4596.0,-1,already in matching position,27.230373789483995,76.98269692426204,1.325010247343306,1.3240974002868735
2026-09-30T07:35:04.763517+00:00,XAU_USD,4195.285,buy,none,0,702.9003,0.0,-1,"computed 0 units — insufficient margin (available=226.01, needed for 3 units)",19.46563575130787,68.28233125456444,4186.370342541752,4181.709378260974
2026-09-30T07:35:05.208987+00:00,EUR_USD,1.13536,buy,none,0,703.1551,16738.0,-1,already in matching position,25.21300506950435,67.2264922001116,1.1348529336113162,1.1343612038905797
2026-09-30T07:35:06.098673+00:00,GBP_USD,1.32691,none,none,0,703.1552,0.0,-1,no signal,29.494999088504166,78.71852335187685,1.325390197874645,1.3243530911698849
2026-09-30T07:51:59.170766+00:00,XAU_USD,4192.035,buy,buy,3,699.46,0.0,-1,buy order FILLED,20.54578320030067,63.25135131804076,4187.503274033402,4182.648071146339
2026-09-30T07:51:59.466535+00:00,EUR_USD,1.13458,buy,buy,5338,698.5462,0.0,-1,buy order FILLED (margin-capped size),24.698531941551806,54.115833421547656,1.134798346889053,1.1343810944459816
2026-09-30T07:52:00.009231+00:00,GBP_USD,1.3265,buy,buy,1468,698.3531,0.0,-1,buy order FILLED (margin-capped size),31.40815247546823,72.66914871257705,1.325612158299716,1.3245482646998954
2026-09-30T08:05:02.365471+00:00,XAU_USD,4193.55,buy,none,0,694.8202,3.0,-1,"computed 0 units — insufficient margin (available=20.23, needed for 3 units)",21.497321572293576,64.56211964314488,4188.7126192267215,4183.639155587581
2026-09-30T08:05:02.592312+00:00,EUR_USD,1.13463,buy,none,0,694.6265,5338.0,-1,already in matching position,23.396898908571572,54.7253690105937,1.1347646775112425,1.1344037222236196
2026-09-30T08:05:02.999726+00:00,GBP_USD,1.32642,buy,none,0,694.6037,1468.0,-1,already in matching position,32.53308019306822,71.51432053268863,1.3257737266397729,1.3247184224544504
2026-09-30T08:26:43.496982+00:00,XAU_USD,4194.795,buy,none,0,711.701,3.0,-1,"computed 0 units — insufficient margin (available=36.43, needed for 3 units)",22.380892917715563,65.64653706931914,4189.929095381377,4184.6533232614365
2026-09-30T08:26:43.707104+00:00,EUR_USD,1.1347,buy,none,0,711.4995,5338.0,-1,already in matching position,22.790401860319914,55.61434809281727,1.134751742008994,1.1344306565669269
2026-09-30T08:26:44.550671+00:00,GBP_USD,1.32568,buy,none,0,711.4997,1468.0,-1,already in matching position,32.66306080216819,61.74050974596806,1.3257549813118183,1.3248058385949548
2026-09-30T08:45:31.453599+00:00,XAU_USD,4198.085,buy,none,0,706.0195,3.0,-1,"computed 0 units — insufficient margin (available=31.12, needed for 3 units)",25.10496415168387,67.34059676153909,4193.039621044081,4187.074523356559
2026-09-30T08:45:32.393791+00:00,EUR_USD,1.13536,buy,none,0,706.0692,5338.0,-1,already in matching position,22.707308795018537,63.16391394793597,1.1349323148857564,1.1345721128652286
2026-09-30T08:45:32.968537+00:00,GBP_USD,1.3269,buy,none,0,705.7061,1468.0,-1,already in matching position,33.74447350909928,68.53374780752671,1.3261831880395638,1.325177552557814
2026-09-30T08:58:56.745869+00:00,XAU_USD,4198.085,buy,none,0,695.8484,3.0,-1,"computed 0 units — insufficient margin (available=21.95, needed for 3 units)",25.10496415168387,67.34059676153909,4193.039621044081,4187.074523356559
2026-09-30T08:58:57.249481+00:00,EUR_USD,1.13536,buy,none,0,695.8086,5338.0,-1,already in matching position,22.707308795018537,63.16391394793597,1.1349323148857564,1.1345721128652286
2026-09-30T08:58:57.740828+00:00,GBP_USD,1.3269,buy,none,0,695.8086,1468.0,-1,already in matching position,33.74447350909928,68.53374780752671,1.3261831880395638,1.325177552557814
2026-09-30T09:18:28.920872+00:00,XAU_USD,4190.7,buy,none,0,684.2965,3.0,-1,"computed 0 units — insufficient margin (available=10.51, needed for 3 units)",23.927779309812475,56.108618940638145,4192.394157468213,4187.805391203768
2026-09-30T09:18:29.264182+00:00,EUR_USD,1.13544,buy,none,0,684.4564,5338.0,-1,already in matching position,24.610947822242213,61.097336562508886,1.1351758815268844,1.1347541428638253
2026-09-30T09:18:29.786685+00:00,GBP_USD,1.32721,buy,none,0,684.1485,1468.0,-1,already in matching position,35.48355361970498,68.01678007433304,1.326602440345321,1.325555911204805
2026-09-30T09:36:41.812711+00:00,XAU_USD,4186.04,buy,none,0,685.0863,3.0,-1,"computed 0 units — insufficient margin (available=11.43, needed for 3 units)",22.231704137740465,50.073780166197025,4191.123325974571,4187.644901094334
2026-09-30T09:36:43.188110+00:00,EUR_USD,1.1355,buy,none,0,685.269,5338.0,-1,already in matching position,25.373809460665957,61.71564842720832,1.1352407052215077,1.1348219480580228
2026-09-30T09:36:43.870010+00:00,GBP_USD,1.32716,buy,none,0,685.0628,1468.0,-1,already in matching position,36.24650841078245,67.4171829725494,1.3267139522762568,1.3257017374589137
2026-09-30T09:53:50.251147+00:00,XAU_USD,4188.155,buy,none,0,681.351,3.0,-1,"computed 0 units — insufficient margin (available=8.23, needed for 3 units)",20.65677719224502,52.56735591730699,4190.529660779657,4187.691273722122
2026-09-30T09:53:51.036316+00:00,EUR_USD,1.1355,buy,none,0,681.351,5338.0,-1,already in matching position,26.416429901210158,61.71564842720832,1.1352925641772063,1.134883589143657
2026-09-30T09:53:51.253436+00:00,GBP_USD,1.32708,buy,none,0,681.351,1468.0,-1,already in matching position,36.95496643106868,66.40846086914027,1.3267871618210056,1.3258270340535578
2026-09-30T10:07:53.610454+00:00,XAU_USD,4188.12,buy,none,0,687.2456,3.0,-1,"computed 0 units — insufficient margin (available=166.12, needed for 3 units)",19.267223060797487,52.52060760044722,4190.047728623726,4187.730248838293
2026-09-30T10:07:54.035926+00:00,EUR_USD,1.13584,buy,buy,3949,687.2456,0.0,-1,buy order FILLED (margin-capped size),27.384577453144068,65.33640161670935,1.135402051341765,1.134970535585143
2026-09-30T10:07:54.360529+00:00,GBP_USD,1.32802,buy,none,0,686.9754,1468.0,-1,already in matching position,38.37443184067935,71.75595566169191,1.3270337294568044,1.3260263945941435
2026-09-30T10:27:07.144306+00:00,XAU_USD,4186.885,buy,none,0,689.8461,3.0,-1,"computed 0 units — insufficient margin (available=105.60, needed for 3 units)",18.056856465724938,50.803769358981356,4189.415182898981,4187.653408034812
2026-09-30T10:27:07.371911+00:00,EUR_USD,1.13607,buy,none,0,689.8461,3949.0,-1,already in matching position,28.87738178783549,67.57073673136944,1.135535641073412,1.1350704868955843
2026-09-30T10:27:07.589854+00:00,GBP_USD,1.32858,buy,buy,2150,690.0584,0.0,-1,buy order FILLED (margin-capped size),39.957085749998335,74.37328439628492,1.3273429835654436,1.3262585405401306
2026-09-30T10:44:52.151859+00:00,XAU_USD,4188.135,buy,none,0,676.6923,3.0,-1,"computed 0 units — insufficient margin (available=21.37, needed for 3 units)",16.870379232427034,52.49636876570276,4189.159146319185,4187.697189122557
2026-09-30T10:44:52.559669+00:00,EUR_USD,1.13579,buy,none,0,676.6625,3949.0,-1,already in matching position,30.26355724147753,62.30552203866164,1.1355865128587297,1.1351358971778038
2026-09-30T10:44:52.914945+00:00,GBP_USD,1.32954,none,none,0,676.3059,2150.0,-1,no signal,41.83218119994725,78.11702420823164,1.3277823868523548,1.3265568550364824
2026-09-30T10:58:22.751485+00:00,XAU_USD,4183.965,buy,buy,2,670.7651,0.0,-1,buy order FILLED (margin-capped size),15.969002178937279,46.72140841477155,4188.120317055349,4187.357899202324
2026-09-30T10:58:22.896117+00:00,EUR_USD,1.13554,buy,none,0,669.9448,3949.0,-1,already in matching position,30.669216851323682,57.962693809300724,1.1355772102869839,1.1351726337980035
2026-09-30T10:58:23.105265+00:00,GBP_USD,1.3292,buy,none,0,669.9284,2150.0,-1,already in matching position,43.77073602595352,73.99412862341514,1.328065909481884,1.3267971409422565
2026-09-30T11:15:26.401985+00:00,XAU_USD,4180.27,sell,none,0,660.4009,2.0,-1,"computed 0 units — insufficient margin (available=162.36, needed for 3 units)",15.720005590784323,42.2556248271958,4186.028602915424,4186.507106778779
2026-09-30T11:15:26.599899+00:00,EUR_USD,1.13562,buy,none,0,660.5981,3949.0,-1,already in matching position,31.829530233788024,56.74892899528798,1.1356598145836698,1.13528498660992
2026-09-30T11:15:26.783667+00:00,GBP_USD,1.32878,buy,none,0,660.5681,2150.0,-1,already in matching position,45.12861126122468,67.48194188524158,1.328423782068406,1.3271933396216995
2026-09-30T11:31:25.237678+00:00,XAU_USD,4183.565,sell,none,0,667.8986,2.0,-1,"computed 0 units — insufficient margin (available=169.63, needed for 3 units)",16.274793040318023,47.17475970692934,4185.5358823323395,4186.239642526163
2026-09-30T11:31:25.693440+00:00,EUR_USD,1.13576,buy,none,0,667.9758,3949.0,-1,already in matching position,31.914856588130675,58.328741757403165,1.135679851666936,1.1353281696453816
2026-09-30T11:31:26.100429+00:00,GBP_USD,1.32916,buy,none,0,667.7477,2150.0,-1,already in matching position,45.27353901262354,69.44213024448523,1.328571025654725,1.3273721269288177
2026-09-30T11:48:27.266147+00:00,XAU_USD,4186.61,sell,none,0,666.4547,2.0,-1,"computed 0 units — insufficient margin (available=168.19, needed for 3 units)",15.113956183968105,51.30328781862872,4185.750705865872,4186.273311387421
2026-09-30T11:48:28.079643+00:00,EUR_USD,1.13564,buy,none,0,666.4547,3949.0,-1,already in matching position,32.049626954244744,56.42622859799148,1.1356718813335487,1.1353565178594378
2026-09-30T11:48:28.658726+00:00,GBP_USD,1.32946,buy,none,0,666.843,2150.0,-1,already in matching position,45.40811478177961,70.93187727842779,1.32874882052378,1.3275619335716524
2026-09-30T12:00:35.697067+00:00,XAU_USD,4186.675,none,none,0,668.6117,2.0,0,no signal,14.036036245928909,51.39062206385189,4185.935564692698,4186.309828534018
2026-09-30T12:00:39.255818+00:00,EUR_USD,1.13502,buy,none,0,669.0794,0.0,-1,news blackout: Core PCE Price Index m/m,30.040319076301596,47.75874389284104,1.135541505066839,1.1353259253267616
2026-09-30T12:00:39.725256+00:00,GBP_USD,1.32872,buy,none,0,669.3688,2150.0,-1,news blackout: Core PCE Price Index m/m,44.75909141648144,62.79911420820638,1.3287430564190241,1.3276672123378659
2026-09-30T12:28:34.906898+00:00,XAU_USD,4194.57,none,none,0,675.096,2.0,-1,no signal,14.367366008791734,60.627089641938525,4187.662451754159,4187.060753212744
2026-09-30T12:28:35.793108+00:00,EUR_USD,1.13555,buy,none,0,675.5132,0.0,-1,news blackout: Core PCE Price Index m/m,28.174533189640105,54.230956302150915,1.1355432040534712,1.1353462957516014
2026-09-30T12:28:36.222299+00:00,GBP_USD,1.32876,buy,none,0,675.5132,2150.0,-1,news blackout: Core PCE Price Index m/m,43.78507645249659,63.04576010505974,1.3287464451352193,1.327766556670787
2026-09-30T12:52:45.908537+00:00,XAU_USD,4214.785,buy,none,0,695.1467,0.0,-1,news blackout: Core PCE Price Index m/m,16.528076564027526,73.80951947088471,4193.976169122662,4190.090167944417
2026-09-30T12:52:46.236169+00:00,EUR_USD,1.13745,buy,none,0,695.1467,0.0,-1,news blackout: Core PCE Price Index m/m,29.200042161461145,69.55390834831196,1.1360232505942218,1.1356047898773562
2026-09-30T12:52:47.197094+00:00,GBP_USD,1.33016,buy,none,0,695.1467,2150.0,-1,news blackout: Core PCE Price Index m/m,43.82039799152197,70.84431531432654,1.3290505248865405,1.3280761625378403
2026-09-30T13:08:30.225200+00:00,XAU_USD,4208.495,buy,buy,2,693.9369,0.0,-1,buy order FILLED,18.686175932413022,66.16679084543114,4196.87993529813,4191.7633344949245
2026-09-30T13:08:31.213130+00:00,EUR_USD,1.13638,buy,buy,7250,693.0352,0.0,-1,buy order FILLED (margin-capped size),30.686999265739033,57.586924463691226,1.1360946004753776,1.1356752635248692
2026-09-30T13:08:31.625689+00:00,GBP_USD,1.32888,buy,none,0,692.4236,2150.0,-1,already in matching position,44.61114142326029,58.594245127019,1.3290164199092325,1.3281492386707638
2026-09-30T13:28:54.814872+00:00,XAU_USD,4202.705,buy,buy,1,675.3854,0.0,-1,buy order FILLED (margin-capped size),19.893598019968856,60.0071979339974,4198.044948238504,4192.758031359022
2026-09-30T13:28:55.102260+00:00,EUR_USD,1.13629,buy,none,0,675.0565,7250.0,-1,already in matching position,30.861683962454805,56.703205462435776,1.1361336803803022,1.135731148658972
2026-09-30T13:28:55.325888+00:00,GBP_USD,1.32913,buy,none,0,675.0728,2150.0,-1,already in matching position,44.43574131287072,60.04734006794567,1.329039135927386,1.3282383987916035
2026-09-30T13:47:12.892156+00:00,XAU_USD,4183.53,buy,buy,1,665.9114,0.0,-1,buy order FILLED (margin-capped size),18.178086571028246,44.601396478300906,4194.429166872643,4191.987877156217
2026-09-30T13:47:13.476693+00:00,EUR_USD,1.13576,buy,none,0,665.4564,7250.0,-1,already in matching position,30.05788855647212,51.34374455700884,1.1360791554433936,1.1357774782305554
2026-09-30T13:47:13.847324+00:00,GBP_USD,1.32836,buy,none,0,665.5458,2150.0,-1,already in matching position,44.18285264646259,53.122481171719976,1.3289450469935273,1.3283371890839697
2026-09-30T14:01:54.273818+00:00,XAU_USD,4177.64,buy,none,0,659.9584,1.0,-1,"computed 0 units — insufficient margin (available=224.97, needed for 2 units)",17.500846158379957,40.99724906542397,4191.071333498115,4190.68352468747
2026-09-30T14:01:54.544655+00:00,EUR_USD,1.13557,buy,none,0,659.6466,7250.0,-1,already in matching position,29.081544067286654,49.5290828917521,1.1359773243547149,1.135758616573232
2026-09-30T14:01:54.748450+00:00,GBP_USD,1.32821,buy,none,0,659.7227,2150.0,-1,already in matching position,43.61374476282499,51.963122494069594,1.3287980375948218,1.3283256264399725
2026-09-30T14:24:37.645446+00:00,XAU_USD,4180.47,sell,none,0,659.8022,1.0,-1,"computed 0 units — insufficient margin (available=224.83, needed for 2 units)",17.11098056314508,43.36530773542324,4188.951066798492,4189.755022443154
2026-09-30T14:24:37.789644+00:00,EUR_USD,1.13577,buy,none,0,659.8706,7250.0,-1,already in matching position,28.611689676331736,51.473322391352845,1.135935859483772,1.135759651430211
2026-09-30T14:24:38.361876+00:00,GBP_USD,1.32852,buy,none,0,659.7502,2150.0,-1,already in matching position,43.3847337093763,54.188330934981956,1.3287424300758575,1.3283432967636113
2026-09-30T14:43:24.520216+00:00,XAU_USD,4171.5,sell,sell,-2,654.7384,0.0,-1,sell order FILLED,17.156716683425913,38.14021476185648,4185.460853438794,4188.095474948322
2026-09-30T14:43:24.980271+00:00,EUR_USD,1.13548,buy,buy,6387,653.7173,0.0,-1,buy order FILLED (margin-capped size),28.175396313302166,48.55270490497209,1.1358446875870176,1.135734228572919
2026-09-30T14:43:25.391322+00:00,GBP_USD,1.32766,buy,none,0,653.2358,2150.0,-1,already in matching position,42.49196944727032,47.60068069400926,1.328525944060686,1.3282811788760103
2026-09-30T15:02:25.813400+00:00,XAU_USD,4165.44,sell,none,0,664.5458,-2.0,-1,"computed 0 units — insufficient margin (available=98.06, needed for 2 units)",17.932499931653783,34.9250682667047,4178.885346200829,4184.489979296133
2026-09-30T15:02:26.159462+00:00,EUR_USD,1.13583,buy,none,0,664.5131,6387.0,-1,already in matching position,25.303840940453533,52.317279166831774,1.1357658000556912,1.1357128335313378
2026-09-30T15:02:26.411719+00:00,GBP_USD,1.32843,buy,none,0,664.3732,2150.0,-1,already in matching position,41.409927405594445,53.152491405807254,1.3284738041988393,1.3282979164264546
2026-09-30T15:25:11.335411+00:00,XAU_USD,4164.08,sell,none,0,674.8696,-2.0,-1,"computed 0 units — insufficient margin (available=180.31, needed for 2 units)",18.753272429263664,34.21030345887998,4175.9242769606635,4182.634526632848
2026-09-30T15:25:11.521113+00:00,EUR_USD,1.13562,buy,none,0,674.8693,6387.0,-1,already in matching position,23.702475403612976,50.039851326977896,1.135736640044553,1.1357043941193978
2026-09-30T15:25:11.748419+00:00,GBP_USD,1.32792,buy,buy,3667,674.9116,0.0,-1,buy order FILLED (margin-capped size),40.89977125283031,49.19236464892951,1.3283630433590716,1.3282635603876858
2026-09-30T15:44:08.664481+00:00,XAU_USD,4156.93,sell,none,0,671.7859,-2.0,-1,"computed 0 units — insufficient margin (available=55.18, needed for 2 units)",20.016943185618377,30.65791588042292,4172.125421568531,4180.297751484407
2026-09-30T15:44:10.079414+00:00,EUR_USD,1.13597,buy,none,0,672.6347,6387.0,-1,already in matching position,22.21549311940391,53.660483502398364,1.1357833120356424,1.1357285401085435
2026-09-30T15:44:10.539266+00:00,GBP_USD,1.32762,buy,none,0,672.5683,3667.0,-1,already in matching position,39.70305516181687,46.975239412127294,1.3282144346872575,1.328205054897896
2026-09-30T16:00:29.653862+00:00,XAU_USD,4157.41,sell,none,0,666.581,-2.0,-1,already in matching position,22.402975360801555,31.191009848950557,4166.83266980386,4176.327976433394
2026-09-30T16:00:31.651546+00:00,EUR_USD,1.13444,sell,sell,-3683,666.8704,0.0,-1,sell order FILLED (margin-capped size),20.73634469778226,39.64518357474785,1.1354149197028112,1.1355644133128457
2026-09-30T16:00:32.071513+00:00,GBP_USD,1.32666,sell,sell,-1714,666.0603,3667.0,-1,sell order FILLED (margin-capped size),36.72798215651427,40.51156273776696,1.3277092381998452,1.327965004047848
2026-09-30T16:23:18.636541+00:00,XAU_USD,4161.085,sell,none,0,657.5634,-2.0,-1,already in matching position,23.528983003961724,35.45727646088653,4165.683135843088,4174.942251303085
2026-09-30T16:23:19.347852+00:00,EUR_USD,1.13358,sell,none,0,657.992,-3683.0,-1,already in matching position,21.913177288258073,34.050179592503866,1.1350479357622492,1.135384012102587
2026-09-30T16:23:19.630469+00:00,GBP_USD,1.32599,sell,sell,-4884,658.1264,0.0,-1,sell order FILLED (margin-capped size),34.474115232906094,36.54892207770631,1.3273653905598763,1.3277854582253164
2026-09-30T16:39:58.496359+00:00,XAU_USD,4161.305,sell,none,0,662.12,-2.0,-1,"computed 0 units — insufficient margin (available=81.46, needed for 2 units)",24.303865013175226,35.71423770545681,4164.807508674471,4173.702501184623
2026-09-30T16:39:59.345461+00:00,EUR_USD,1.13373,sell,none,0,661.8961,-3683.0,-1,already in matching position,23.00595040798561,35.753272992054974,1.1347843486097995,1.135233647365988
2026-09-30T16:39:59.692260+00:00,GBP_USD,1.32635,sell,none,0,662.135,-4884.0,-1,already in matching position,32.38123880384135,39.94788468105491,1.3271623124479013,1.3276549620230147
2026-09-30T16:54:59.342078+00:00,XAU_USD,4160.18,sell,none,0,663.6503,-2.0,-1,"computed 0 units — insufficient margin (available=83.32, needed for 2 units)",25.25094264974879,34.94801092445226,4163.882006939577,4172.473182895112
2026-09-30T16:54:59.654364+00:00,EUR_USD,1.13382,sell,none,0,663.7472,-3683.0,-1,already in matching position,24.020668304875464,36.807720116231515,1.1345914788878397,1.13510513396908
2026-09-30T16:54:59.915584+00:00,GBP_USD,1.32652,sell,none,0,663.8069,-4884.0,-1,already in matching position,30.182971235352866,41.540438219795085,1.327033849958321,1.3275517836572859
2026-09-30T17:09:32.332218+00:00,XAU_USD,4157.62,sell,none,0,667.9055,-2.0,-1,"computed 0 units — insufficient margin (available=87.89, needed for 2 units)",26.130371883709945,33.20236145089869,4162.629605551662,4171.12289354101
2026-09-30T17:09:32.776959+00:00,EUR_USD,1.13392,sell,none,0,667.7189,-3683.0,-1,already in matching position,24.769905963537337,38.02484074763396,1.1344571831102719,1.1349973945173455
2026-09-30T17:09:33.111910+00:00,GBP_USD,1.32646,sell,none,0,667.704,-4884.0,-1,already in matching position,28.108726511440196,41.125896615947816,1.3269190799666568,1.3274525305975327
2026-09-30T17:28:21.010750+00:00,XAU_USD,4153.735,sell,none,0,669.1869,-2.0,-1,"computed 0 units — insufficient margin (available=89.31, needed for 2 units)",27.417617079300634,30.696488662794835,4160.8506844413305,4169.5421759463725
2026-09-30T17:28:22.784497+00:00,EUR_USD,1.13404,sell,none,0,668.463,-3683.0,-1,already in matching position,25.07470015239548,39.529976482222125,1.1343737464882175,1.1349103586521323
2026-09-30T17:28:23.185980+00:00,GBP_USD,1.3269,sell,none,0,668.2242,-4884.0,-1,already in matching position,26.574410802544875,45.42682655411042,1.3269152639733255,1.3274023005432116
2026-09-30T17:44:26.268273+00:00,XAU_USD,4155.83,sell,none,0,672.439,-2.0,-1,"computed 0 units — insufficient margin (available=92.85, needed for 2 units)",28.699554099173962,33.60649112229484,4159.846547553065,4168.295614496702
2026-09-30T17:44:27.109825+00:00,EUR_USD,1.13402,sell,none,0,672.439,-3683.0,-1,already in matching position,25.35772332776378,39.35841135808141,1.134302997190574,1.1348294169564839
2026-09-30T17:44:27.650387+00:00,GBP_USD,1.32682,sell,none,0,672.3271,-4884.0,-1,already in matching position,25.149689072856365,44.78620096770656,1.3268962111786604,1.3273493641301923
2026-09-30T17:57:25.223324+00:00,XAU_USD,4150.6,sell,none,0,675.1452,-2.0,-1,"computed 0 units — insufficient margin (available=95.49, needed for 2 units)",29.88992418905634,30.19760169585942,4157.997238042452,4166.686922269729
2026-09-30T17:57:25.476708+00:00,EUR_USD,1.13376,sell,none,0,674.996,-3683.0,-1,already in matching position,25.679630670353106,37.10391163861282,1.1341943977524593,1.1347321972331672
2026-09-30T17:57:25.747455+00:00,GBP_USD,1.32662,sell,none,0,674.996,-4884.0,-1,already in matching position,23.861512678359272,43.147963420421135,1.3268409689429284,1.327283058300175
2026-09-30T18:16:52.721742+00:00,XAU_USD,4150.155,sell,none,0,675.5361,-2.0,-1,"computed 0 units — insufficient margin (available=95.93, needed for 2 units)",32.5436987483527,30.617401306851704,4155.39803234717,4163.9334481568
2026-09-30T18:16:53.216678+00:00,EUR_USD,1.1335,sell,none,0,675.5212,-3683.0,-1,already in matching position,27.019250169651272,34.924038723277036,1.133950814561574,1.134521650605923
2026-09-30T18:16:53.583557+00:00,GBP_USD,1.32628,sell,none,0,675.5212,-4884.0,-1,already in matching position,21.00635164546917,40.262560187472275,1.326688620123474,1.327134593636508
2026-09-30T18:38:20.216635+00:00,XAU_USD,4154.19,sell,none,0,670.3329,-2.0,-1,"computed 0 units — insufficient margin (available=90.34, needed for 2 units)",32.91698401793782,36.51870309211422,4155.156425877736,4163.047680142546
2026-09-30T18:38:21.054242+00:00,EUR_USD,1.1334,sell,none,0,670.7211,-3683.0,-1,already in matching position,27.89053608828472,34.042345374110596,1.1338406516492592,1.134419682369021
2026-09-30T18:38:21.272918+00:00,GBP_USD,1.3263,sell,none,0,670.7361,-4884.0,-1,already in matching position,19.784297990623923,40.5161471238553,1.3266108960987792,1.3270587214877345
2026-09-30T18:56:03.870681+00:00,XAU_USD,4152.345,sell,none,0,676.332,-2.0,-1,"computed 0 units — insufficient margin (available=96.58, needed for 3 units)",33.20955324485272,35.05068539220888,4154.594140702189,4162.0747092204965
2026-09-30T18:56:04.686118+00:00,EUR_USD,1.13323,sell,none,0,676.332,-3683.0,-1,already in matching position,28.84226166493138,32.538430319182254,1.1337185213194074,1.1343115294263826
2026-09-30T18:56:05.164330+00:00,GBP_USD,1.3261,sell,none,0,676.0058,-4884.0,-1,already in matching position,18.899291782890696,38.74489867146476,1.3265087168790235,1.3269715649888494
2026-09-30T19:12:44.212654+00:00,XAU_USD,4151.785,sell,none,0,679.8126,-2.0,-1,"computed 0 units — insufficient margin (available=100.28, needed for 3 units)",33.591705103866154,34.596095915036656,4154.0323125617515,4161.139281109542
2026-09-30T19:12:44.863011+00:00,EUR_USD,1.13318,sell,none,0,679.8126,-3683.0,-1,already in matching position,29.84161387187216,32.08940455753442,1.133610817055526,1.1342086631148933
2026-09-30T19:12:45.688530+00:00,GBP_USD,1.32628,sell,none,0,679.9918,-4884.0,-1,already in matching position,18.326911409919752,41.234891407463245,1.3264629735032187,1.3269086954444085
2026-09-30T19:30:38.471600+00:00,XAU_USD,4154.325,sell,none,0,670.604,-2.0,0,"computed 0 units — insufficient margin (available=90.68, needed for 3 units)",33.105796045828605,38.61834578071286,4153.956080039521,4159.86283562772
2026-09-30T19:30:39.871621+00:00,EUR_USD,1.13311,sell,none,0,670.0265,-3683.0,-1,already in matching position,32.3335278145392,33.338620452766605,1.1334033229155367,1.1340039364585894
2026-09-30T19:30:40.667809+00:00,GBP_USD,1.32646,sell,none,0,670.054,-4884.0,-1,already in matching position,16.85437270772882,44.51740549549646,1.3264043030420603,1.3268010706152138
2026-09-30T19:45:58.591642+00:00,XAU_USD,4152.365,sell,none,0,678.0396,-2.0,-1,"computed 0 units — insufficient margin (available=98.35, needed for 3 units)",32.59648482681253,36.66733691602109,4153.637864031617,4159.1812142070185
2026-09-30T19:45:58.959942+00:00,EUR_USD,1.13242,sell,none,0,678.1575,-3683.0,-1,already in matching position,33.98487885188416,27.52338161660647,1.1332066583324294,1.1338599422350812
2026-09-30T19:45:59.507213+00:00,GBP_USD,1.3261,sell,none,0,678.1551,-4884.0,-1,already in matching position,15.849102973576535,40.87081952664066,1.3263434424336482,1.3267373369229216
2026-09-30T19:57:52.562290+00:00,XAU_USD,4152.365,sell,none,0,676.2681,-2.0,-1,"computed 0 units — insufficient margin (available=96.07, needed for 3 units)",32.59648482681253,36.66733691602109,4153.637864031617,4159.1812142070185
2026-09-30T19:57:52.830894+00:00,EUR_USD,1.13242,sell,none,0,676.3082,-3683.0,-1,already in matching position,33.98487885188416,27.52338161660647,1.1332066583324294,1.1338599422350812
2026-09-30T19:57:53.293690+00:00,GBP_USD,1.3261,sell,none,0,676.3082,-4884.0,-1,already in matching position,15.849102973576535,40.87081952664066,1.3263434424336482,1.3267373369229216
2026-09-30T20:15:55.999748+00:00,XAU_USD,4156.22,sell,none,0,670.0144,-2.0,-1,"computed 0 units — insufficient margin (available=90.06, needed for 3 units)",31.114295913342207,42.81252961170855,4154.533832980236,4158.649929096709
2026-09-30T20:15:56.764949+00:00,EUR_USD,1.13245,sell,none,0,670.2462,-3683.0,-1,already in matching position,36.95488396867868,30.040125267275357,1.1329646613327549,1.133630943995935
2026-09-30T20:15:57.985498+00:00,GBP_USD,1.32611,sell,none,0,670.2312,-4884.0,-1,already in matching position,15.302110517952288,41.397889281496944,1.326246603157535,1.3266218486966295
2026-09-30T20:33:56.390513+00:00,XAU_USD,4157.095,sell,none,0,668.4395,-2.0,-1,"computed 0 units — insufficient margin (available=88.44, needed for 3 units)",30.195115145800827,44.23105519072122,4155.0460663841895,4158.508571906099
2026-09-30T20:33:56.692110+00:00,EUR_USD,1.13296,sell,none,0,668.4395,-3683.0,-1,already in matching position,37.39304614131408,38.864442641838195,1.132963729066204,1.1335699490872133
2026-09-30T20:33:57.040843+00:00,GBP_USD,1.32657,none,none,0,668.4096,-4884.0,-1,no signal,14.232261495791391,47.951308778693615,1.3263112825260281,1.3266171351787541
2026-09-30T20:48:20.185990+00:00,XAU_USD,4158.88,sell,none,0,665.77,-2.0,-1,"computed 0 units — insufficient margin (available=85.67, needed for 3 units)",28.609936207395894,47.11309067472833,4155.812853107352,4158.542338096454
2026-09-30T20:48:20.493143+00:00,EUR_USD,1.13309,sell,none,0,665.7425,-3683.0,-1,already in matching position,37.24726450919977,40.910420162660415,1.1329889832529632,1.133526317352012
2026-09-30T20:48:20.849370+00:00,GBP_USD,1.32654,none,none,0,665.7574,-4884.0,-1,no signal,13.48231128870079,47.57762386477026,1.3263570260208226,1.3266101228897764
2026-09-30T20:59:31.199395+00:00,XAU_USD,4158.88,sell,none,0,667.2572,-2.0,-1,"computed 0 units — insufficient margin (available=87.31, needed for 3 units)",28.609936207395894,47.11309067472833,4155.812853107352,4158.542338096454
2026-09-30T20:59:31.626569+00:00,EUR_USD,1.13309,sell,none,0,667.2572,-3683.0,-1,already in matching position,37.24726450919977,40.910420162660415,1.1329889832529632,1.133526317352012
2026-09-30T20:59:32.023636+00:00,GBP_USD,1.32654,none,none,0,667.2572,-4884.0,-1,no signal,13.48231128870079,47.57762386477026,1.3263570260208226,1.3266101228897764
2026-09-30T21:17:45.672187+00:00,XAU_USD,4157.135,sell,none,0,665.7403,-2.0,-1,"computed 0 units — insufficient margin (available=87.21, needed for 3 units)",27.214185135656386,44.68210491730752,4156.077282485881,4158.414398269503
2026-09-30T21:17:46.431860+00:00,EUR_USD,1.13318,sell,none,0,665.7403,-3683.0,-1,already in matching position,36.749617709049716,43.14049752101778,1.1330209492818966,1.1334472044231505
2026-09-30T21:17:46.604437+00:00,GBP_USD,1.32694,none,none,0,665.7128,-4884.0,-1,no signal,12.469873067434321,53.099085017837574,1.3264740966533264,1.3266194404047738
2026-09-30T21:35:38.187955+00:00,XAU_USD,4157.135,sell,none,0,665.4482,-2.0,-1,"computed 0 units — insufficient margin (available=86.58, needed for 3 units)",27.214185135656386,44.68210491730752,4156.077282485881,4158.414398269503
2026-09-30T21:35:38.786056+00:00,EUR_USD,1.1331,sell,none,0,665.4482,-3683.0,-1,already in matching position,36.41321657741713,42.16126760359026,1.1330367594255173,1.1334156403846822
2026-09-30T21:35:39.874278+00:00,GBP_USD,1.3268,none,none,0,665.4482,-4884.0,-1,no signal,12.293980661551082,51.20074461106792,1.3265392773226612,1.3266358549134305
2026-09-30T21:51:26.067174+00:00,XAU_USD,4157.135,sell,none,0,666.4723,-2.0,-1,"computed 0 units — insufficient margin (available=87.76, needed for 3 units)",27.214185135656386,44.68210491730752,4156.077282485881,4158.414398269503
2026-09-30T21:51:26.892148+00:00,EUR_USD,1.13309,sell,none,0,666.3979,-3683.0,-1,already in matching position,36.10084409804399,42.032832754314896,1.1330474075404138,1.1333860367133475
2026-09-30T21:51:27.082921+00:00,GBP_USD,1.32674,none,none,0,666.3979,-4884.0,-1,no signal,12.101051859957424,50.36962473645715,1.326579421858129,1.3266453226485733
2026-09-30T22:02:10.140545+00:00,XAU_USD,4157.135,sell,none,0,668.22,-2.0,-1,"computed 0 units — insufficient margin (available=88.50, needed for 3 units)",27.214185135656386,44.68210491730752,4156.077282485881,4158.414398269503
2026-09-30T22:02:10.600963+00:00,EUR_USD,1.13308,sell,none,0,668.22,-3683.0,-1,already in matching position,35.81078393862607,41.895390538803106,1.1330539260323311,1.1333582151939523
2026-09-30T22:02:11.098434+00:00,GBP_USD,1.32651,none,none,0,668.22,-4884.0,-1,no signal,11.620815214920118,47.2062669301799,1.3265655374865033,1.326633020589612
2026-09-30T22:21:36.434236+00:00,XAU_USD,4156.59,sell,none,0,669.1697,-2.0,-1,"computed 0 units — insufficient margin (available=89.38, needed for 3 units)",26.325241545541907,43.919872105069125,4156.1798259887055,4158.2485438813665
2026-09-30T22:21:36.739449+00:00,EUR_USD,1.1332,sell,none,0,669.2294,-3683.0,-1,already in matching position,35.0509747791239,44.25116241740024,1.133083140825865,1.1333438319945022
2026-09-30T22:21:37.058560+00:00,GBP_USD,1.32655,none,none,0,669.2294,-4884.0,-1,no signal,11.324462350408625,47.82002931934515,1.3265624299892027,1.3266254732632836
2026-09-30T22:36:55.824871+00:00,XAU_USD,4156.18,sell,none,0,669.9059,-2.0,-1,"computed 0 units — insufficient margin (available=90.27, needed for 3 units)",25.49979392614987,43.32114899638843,4156.179860790965,4158.0604944376055
2026-09-30T22:36:56.054524+00:00,EUR_USD,1.13311,sell,none,0,669.9059,-3683.0,-1,already in matching position,34.19770149633457,42.84802751494988,1.1330885126606922,1.1333225745404565
2026-09-30T22:36:56.304283+00:00,GBP_USD,1.32646,none,none,0,669.9059,-4884.0,-1,no signal,10.700000989606679,46.509852054426055,1.3265419439913624,1.3266104302393487
2026-09-30T22:51:53.338165+00:00,XAU_USD,4154.55,sell,none,0,671.6667,-2.0,-1,"computed 0 units — insufficient margin (available=91.85, needed for 4 units)",24.895493482601655,40.9321397363687,4155.853888632772,4157.741358579641
2026-09-30T22:51:53.701707+00:00,EUR_USD,1.13314,sell,none,0,671.5547,-3683.0,-1,already in matching position,33.594131605231766,43.49123924526355,1.1330988101285537,1.1333059768549605
2026-09-30T22:51:54.170910+00:00,GBP_USD,1.32649,none,none,0,671.5547,-4884.0,-1,no signal,10.419252438832947,47.03081512587439,1.32653155519309,1.3265994820357714
2026-09-30T23:02:14.966470+00:00,XAU_USD,4154.445,sell,none,0,673.7754,-2.0,-1,"computed 0 units — insufficient margin (available=94.12, needed for 4 units)",24.589456245741495,40.77614483367697,4155.572110906218,4157.441689617855
2026-09-30T23:02:15.170416+00:00,EUR_USD,1.13303,sell,none,0,673.7754,-3683.0,-1,already in matching position,33.19235424570272,41.64070584262114,1.1330850481028432,1.1332808880499639
2026-09-30T23:02:15.380659+00:00,GBP_USD,1.32636,none,none,0,673.7754,-4884.0,-1,no signal,10.186464509955588,44.98616549780991,1.326497244154472,1.3265777109416104
2026-09-30T23:19:09.713205+00:00,XAU_USD,4152.285,sell,none,0,674.4185,-2.0,-1,"computed 0 units — insufficient margin (available=94.71, needed for 4 units)",24.68684851956162,37.601465488323065,4154.914688724974,4156.9728996525955
2026-09-30T23:19:10.030073+00:00,EUR_USD,1.1331,sell,none,0,674.4185,-3683.0,-1,already in matching position,32.88474110020149,43.29423699963566,1.1330880384822746,1.1332644436817851
2026-09-30T23:19:10.370308+00:00,GBP_USD,1.32633,none,none,0,674.4185,-4884.0,-1,no signal,10.283941258918615,44.5053141379618,1.3264637953235776,1.3265551917651002
2026-09-30T23:33:04.510431+00:00,XAU_USD,4154.315,sell,none,0,672.1007,-2.0,-1,"computed 0 units — insufficient margin (available=92.38, needed for 4 units)",24.49167329194415,42.159257790719884,4154.79475097998,4156.731272411451
2026-09-30T23:33:04.965351+00:00,EUR_USD,1.13314,sell,none,0,672.1007,-3683.0,-1,already in matching position,32.12072182844603,44.26601944266775,1.1330984307858196,1.1332531306198046
2026-09-30T23:33:05.342237+00:00,GBP_USD,1.32652,none,none,0,672.1007,-4884.0,-1,no signal,9.668336334488671,48.276167127364026,1.3264750362588622,1.3265519925137272
2026-09-30T23:47:03.395907+00:00,XAU_USD,4155.135,sell,none,0,670.5783,-2.0,-1,"computed 0 units — insufficient margin (available=90.72, needed for 4 units)",23.98630424283449,43.940535301757436,4154.862800783983,4156.586156737682
2026-09-30T23:47:03.558600+00:00,EUR_USD,1.13298,sell,none,0,670.5783,-3683.0,-1,already in matching position,31.841684211239727,41.222860411946044,1.1330747446286558,1.1332283005634587
2026-09-30T23:47:03.995068+00:00,GBP_USD,1.32644,none,none,0,670.5783,-4884.0,-1,no signal,9.096703190375168,46.83317850382281,1.3264680290070898,1.3265418113761156
2026-09-30T23:58:05.172629+00:00,XAU_USD,4155.135,sell,none,0,672.0531,-2.0,-1,"computed 0 units — insufficient margin (available=92.20, needed for 4 units)",23.98630424283449,43.940535301757436,4154.862800783983,4156.586156737682
2026-09-30T23:58:05.599440+00:00,EUR_USD,1.13298,sell,none,0,672.0256,-3683.0,-1,already in matching position,31.841684211239727,41.222860411946044,1.1330747446286558,1.1332283005634587
2026-09-30T23:58:05.991322+00:00,GBP_USD,1.32644,none,none,0,672.0256,-4884.0,-1,no signal,9.096703190375168,46.83317850382281,1.3264680290070898,1.3265418113761156
2026-10-01T00:23:46.110775+00:00,XAU_USD,4152.875,sell,sell,-1,691.6516,0.0,-1,sell order FILLED (margin-capped size),23.723704829607836,40.55443904374114,4154.66079250175,4156.207360940232
2026-10-01T00:23:46.519934+00:00,EUR_USD,1.13294,sell,none,0,691.3454,-3683.0,-1,already in matching position,33.40002574475143,42.57463063930055,1.1329878365623398,1.1331584302177344
2026-10-01T00:23:46.930351+00:00,GBP_USD,1.32633,none,none,0,691.3149,-4884.0,-1,no signal,9.818064265697313,44.72969266764649,1.3264375385645375,1.3265149680794341
2026-10-01T00:47:41.624847+00:00,XAU_USD,4144.825,sell,none,0,689.1611,-1.0,-1,already in matching position,27.639561814536606,31.809997036866122,4150.97990720112,4154.159595818373
2026-10-01T00:47:41.981510+00:00,EUR_USD,1.13357,sell,none,0,689.0469,-3683.0,-1,already in matching position,31.05037639999507,55.190959750911304,1.1331446153998976,1.1332025869568052
2026-10-01T00:47:42.337672+00:00,GBP_USD,1.32705,none,none,0,689.1154,-4884.0,-1,no signal,10.042640315907757,58.64615585402214,1.326571624681304,1.3265631967598628
2026-10-01T01:03:43.026630+00:00,XAU_USD,4145.26,sell,none,0,684.184,-1.0,-1,already in matching position,29.230175715216205,32.779319362202,4149.835925760896,4153.350541653066
2026-10-01T01:03:43.479934+00:00,EUR_USD,1.13331,sell,none,0,684.184,-3683.0,-1,already in matching position,29.288385342419687,50.12427600423654,1.1331776923199182,1.1332123517789137
2026-10-01T01:03:43.878722+00:00,GBP_USD,1.32684,none,none,0,684.184,-4884.0,-1,no signal,10.340293717881744,54.275583485134746,1.3266252997450432,1.3265883606907842
2026-10-01T01:22:56.561292+00:00,XAU_USD,4159.67,sell,sell,-1,675.6098,0.0,-1,sell order FILLED (margin-capped size),27.485461478433564,55.397791902694735,4151.802740608718,4153.925037866424
2026-10-01T01:22:56.902375+00:00,EUR_USD,1.13345,sell,none,0,675.1379,-3683.0,-1,already in matching position,28.30975870599166,52.645197115072364,1.1332321538559347,1.1332339561626488
2026-10-01T01:22:57.233897+00:00,GBP_USD,1.32706,none,none,0,675.1379,-4884.0,-1,no signal,10.2606906989539,57.82187252698264,1.3267122397960345,1.3266312369916218
2026-10-01T01:38:22.671325+00:00,XAU_USD,4159.475,sell,none,0,677.1247,-1.0,-1,already in matching position,26.430663714256998,55.127468446945684,4153.337192486974,4154.429579878567
2026-10-01T01:38:22.993771+00:00,EUR_USD,1.13357,buy,buy,6034,677.2267,-3683.0,-1,buy order FILLED (margin-capped size),26.883483449967414,54.75609868271024,1.133299723084748,1.1332645056024078
2026-10-01T01:38:23.284292+00:00,GBP_USD,1.32706,none,none,0,677.1387,-4884.0,-1,no signal,10.247148327363904,57.82187252698264,1.3267817918368277,1.3266702154469288
2026-10-01T01:52:56.428819+00:00,XAU_USD,4161.47,sell,none,0,679.0198,-1.0,-1,already in matching position,25.416298622764,57.416869276859735,4154.963753989579,4155.069618071425
2026-10-01T01:52:56.832636+00:00,EUR_USD,1.13326,buy,buy,8571,679.1094,0.0,-1,buy order FILLED (margin-capped size),26.09972110121758,48.7148037570712,1.1332917784677985,1.1332640960021887
2026-10-01T01:52:57.615937+00:00,GBP_USD,1.32676,none,none,0,678.533,-4884.0,-1,no signal,9.544812981636134,51.504466485912666,1.3267774334694622,1.326678377679026
2026-10-01T02:05:34.910657+00:00,XAU_USD,4156.74,buy,buy,1,683.8285,-1.0,-1,buy order FILLED (margin-capped size),23.946772099195623,50.799253896555186,4155.319003191664,4155.221470974022
2026-10-01T02:05:35.187657+00:00,EUR_USD,1.13276,sell,sell,-12425,683.8285,0.0,-1,sell order FILLED (margin-capped size),26.636899414166336,40.880404224965105,1.1331854227742388,1.133218269092899
2026-10-01T02:05:35.362589+00:00,GBP_USD,1.32605,none,none,0,683.0713,-4884.0,-1,no signal,10.685905263792618,40.2862208320747,1.3266319467755698,1.3266212524354781
2026-10-01T02:23:39.270162+00:00,XAU_USD,4154.245,sell,none,0,684.7635,0.0,-1,"computed 0 units — insufficient margin (available=168.68, needed for 3 units)",22.775413953194448,47.677696187831955,4155.104202553332,4155.132700885474
2026-10-01T02:23:40.111747+00:00,EUR_USD,1.13234,sell,none,0,684.7635,-12425.0,-1,already in matching position,28.127792630831806,35.688391981401296,1.1330163382193912,1.13313842644809
2026-10-01T02:23:40.439891+00:00,GBP_USD,1.32564,none,none,0,684.873,-4884.0,-1,no signal,12.677764461241742,35.48029107987453,1.326433557420456,1.3265320476686164
2026-10-01T02:40:54.154076+00:00,XAU_USD,4155.12,sell,none,0,685.1648,0.0,-1,"computed 0 units — insufficient margin (available=169.05, needed for 3 units)",21.732475868736532,48.864446039274256,4155.107362042666,4155.131546259522
2026-10-01T02:40:54.926565+00:00,EUR_USD,1.13249,sell,none,0,685.1648,-12425.0,-1,already in matching position,29.512193474878302,38.68357920482825,1.132911070575513,1.1330794785891725
2026-10-01T02:40:55.160862+00:00,GBP_USD,1.3256,none,none,0,685.1648,-4884.0,-1,no signal,14.787028586732749,35.04109407979932,1.326266845936365,1.3264473160623784
2026-10-01T02:55:35.656211+00:00,XAU_USD,4154.96,sell,none,0,685.8082,0.0,-1,"computed 0 units — insufficient margin (available=169.84, needed for 3 units)",20.764033361739898,48.647162685401945,4155.077889634133,4155.11595114502
2026-10-01T02:55:35.901832+00:00,EUR_USD,1.13256,sell,none,0,685.8446,-12425.0,-1,already in matching position,30.618189418344144,40.085924407739434,1.1328408564604104,1.133032253262884
2026-10-01T02:55:36.057469+00:00,GBP_USD,1.32568,sell,none,0,685.8446,-4884.0,-1,already in matching position,16.745630988974394,36.728028640659524,1.326149476749092,1.3263775600567076
2026-10-01T03:10:53.094479+00:00,XAU_USD,4161.01,buy,none,0,685.659,0.0,-1,"computed 0 units — insufficient margin (available=169.65, needed for 3 units)",19.763108821473207,56.52018127140875,4156.264311707307,4155.6517737682
2026-10-01T03:10:53.569952+00:00,EUR_USD,1.13254,sell,none,0,685.659,-12425.0,-1,already in matching position,31.45857533706805,39.805806288681374,1.1327806851683284,1.1329875029662582
2026-10-01T03:10:54.067730+00:00,GBP_USD,1.32552,sell,none,0,685.659,-4884.0,-1,already in matching position,18.686535880229044,34.78251112142321,1.3260235813992736,1.3262996000515523
2026-10-01T03:29:52.051291+00:00,XAU_USD,4167.47,buy,none,0,689.9605,0.0,-1,"computed 0 units — insufficient margin (available=173.86, needed for 3 units)",19.89176426987879,63.03662025997529,4158.505449365846,4156.72615797109
2026-10-01T03:29:52.720013+00:00,EUR_USD,1.13248,sell,none,0,689.9605,-12425.0,-1,already in matching position,32.27847826003116,38.92697424396888,1.1327205481346627,1.132941366332962
2026-10-01T03:29:52.874118+00:00,GBP_USD,1.32552,sell,none,0,689.9605,-4884.0,-1,already in matching position,20.811691314530016,34.78251112142321,1.3259228651194188,1.3262287273195932
2026-10-01T03:48:39.194550+00:00,XAU_USD,4169.82,buy,none,0,686.5079,0.0,-1,"computed 0 units — insufficient margin (available=170.50, needed for 3 units)",20.38649211538344,63.65373474932189,4161.763487594142,4158.57756857115
2026-10-01T03:48:39.603547+00:00,EUR_USD,1.1325,sell,none,0,686.5079,-12425.0,-1,already in matching position,34.69973173614901,41.751683284888,1.1325931508061844,1.1328399721760016
2026-10-01T03:48:40.421455+00:00,GBP_USD,1.32543,sell,none,0,686.5079,-4884.0,-1,already in matching position,25.128905240879348,37.22788284471507,1.3256942336764284,1.3260636589418124
2026-10-01T04:01:13.527202+00:00,XAU_USD,4175.48,buy,none,0,680.3342,0.0,-1,"computed 0 units — insufficient margin (available=164.23, needed for 3 units)",21.587491985134534,68.00586262457936,4164.506790075314,4160.1141532465
2026-10-01T04:01:14.144512+00:00,EUR_USD,1.13291,sell,none,0,680.3342,-12425.0,-1,already in matching position,33.94965258607821,49.44087344857707,1.1326565206449475,1.1328463383418195
2026-10-01T04:01:14.328709+00:00,GBP_USD,1.32583,sell,none,0,680.3342,-4884.0,-1,already in matching position,25.505440894499017,44.845114510645686,1.3257213869411428,1.3260424172198295
2026-10-01T04:22:02.716213+00:00,XAU_USD,4177.65,buy,none,0,691.6256,0.0,-1,"computed 0 units — insufficient margin (available=175.65, needed for 3 units)",22.842453783418804,69.51310480542446,4167.135432060251,4161.708321133181
2026-10-01T04:22:03.436815+00:00,EUR_USD,1.13254,sell,none,0,691.5328,-12425.0,-1,already in matching position,32.63733475964714,43.81921603063748,1.132633216515958,1.132818489401654
2026-10-01T04:22:03.892406+00:00,GBP_USD,1.32553,sell,none,0,691.4232,-4884.0,-1,already in matching position,25.18271898598988,40.84212321708052,1.3256831095529145,1.3259958338362086
2026-10-01T04:40:06.336820+00:00,XAU_USD,4171.91,buy,none,0,688.8357,0.0,-1,"computed 0 units — insufficient margin (available=172.82, needed for 3 units)",23.18448116738641,61.288275763293406,4168.090345648201,4162.63574648471
2026-10-01T04:40:07.107042+00:00,EUR_USD,1.13202,sell,none,0,689.1873,-12425.0,-1,already in matching position,32.63366131323368,37.38542606422987,1.1325105732127665,1.132745899456049
2026-10-01T04:40:07.701493+00:00,GBP_USD,1.32504,sell,none,0,689.1873,-4884.0,-1,already in matching position,25.770455095433412,35.299696182235806,1.3255544876423317,1.3259089398510986
2026-10-01T04:56:13.753005+00:00,XAU_USD,4175.435,buy,none,0,692.0729,0.0,-1,"computed 0 units — insufficient margin (available=176.17, needed for 3 units)",23.502078023927755,64.09768231402708,4169.559276518561,4163.7993149860995
2026-10-01T04:56:13.932209+00:00,EUR_USD,1.13207,sell,none,0,692.5173,-12425.0,-1,already in matching position,32.630250255849774,38.323151708238846,1.1324224585702134,1.1326844540509535
2026-10-01T04:56:14.115706+00:00,GBP_USD,1.32522,sell,none,0,692.5539,-4884.0,-1,already in matching position,26.316210054202408,38.596159998261285,1.3254875901138654,1.3258463089555441
2026-10-01T05:11:46.335392+00:00,XAU_USD,4179.92,buy,buy,2,696.5683,0.0,-1,buy order FILLED (margin-capped size),24.27598667156003,67.34489795360687,4171.631421214849,4165.264831805545
2026-10-01T05:11:46.516875+00:00,EUR_USD,1.13187,sell,sell,-5201,695.9279,0.0,-1,sell order FILLED (margin-capped size),32.9388696756714,36.00065332659832,1.1323119668561707,1.132610412773594
2026-10-01T05:11:46.650015+00:00,GBP_USD,1.32506,sell,none,0,695.6107,-4884.0,-1,already in matching position,26.840984050253052,36.80127345718369,1.3254020720910924,1.3257748263232219
2026-10-01T05:29:59.591649+00:00,XAU_USD,4182.655,buy,none,0,702.7732,2.0,-1,"computed 0 units — insufficient margin (available=76.66, needed for 3 units)",25.322324554859353,69.17577976455414,4173.83613697188,4166.845756186859
2026-10-01T05:29:59.928506+00:00,EUR_USD,1.13164,sell,none,0,702.3531,-5201.0,-1,already in matching position,33.79169386435271,33.48728216914921,1.1321775734849366,1.13252219343054
2026-10-01T05:30:00.327492+00:00,GBP_USD,1.32464,sell,none,0,702.4295,-4884.0,-1,already in matching position,27.978170419005522,32.52535913382701,1.325249657672874,1.325671660293838
2026-10-01T05:47:08.150714+00:00,XAU_USD,4187.13,buy,none,0,703.0818,2.0,-1,"computed 0 units — insufficient margin (available=76.95, needed for 3 units)",28.570936333512417,71.93729322595144,4178.623527662004,4170.366988584181
2026-10-01T05:47:09.058635+00:00,EUR_USD,1.1321,sell,none,0,703.2943,-5201.0,-1,already in matching position,34.10953977375134,42.40804997742503,1.1321208470303596,1.1324340441574712
2026-10-01T05:47:09.885329+00:00,GBP_USD,1.32495,sell,none,0,703.0819,-4884.0,-1,already in matching position,29.07972686651613,38.5267757911171,1.3251049809106397,1.325527405201519
2026-10-01T06:01:24.407387+00:00,XAU_USD,4188.17,buy,none,0,704.3905,2.0,-1,"computed 0 units — insufficient margin (available=78.12, needed for 3 units)",30.26432661436987,72.60100059444386,4180.532822129603,4171.985444167437
2026-10-01T06:01:24.745050+00:00,EUR_USD,1.13181,sell,none,0,704.5399,-5201.0,-1,already in matching position,33.986866683843,38.72181316970917,1.1320586776242878,1.1323773128704282
2026-10-01T06:01:24.964626+00:00,GBP_USD,1.32455,sell,none,0,704.3307,-4884.0,-1,already in matching position,29.1766904646507,34.21820235820667,1.3249939847285117,1.325438550183199
2026-10-01T06:27:35.557014+00:00,XAU_USD,4191.605,buy,none,0,701.5276,2.0,-1,"computed 0 units — insufficient margin (available=223.16, needed for 4 units)",32.051097375710846,74.72708500455425,4182.747257703682,4173.769040152215
2026-10-01T06:27:36.258243+00:00,EUR_USD,1.13244,sell,sell,-5322,701.6472,0.0,-1,sell order FILLED (margin-capped size),32.521739977441165,49.077360734343884,1.1321349420994302,1.1323830117003892
2026-10-01T06:27:36.443141+00:00,GBP_USD,1.32572,sell,none,0,701.3781,-4884.0,-1,already in matching position,27.11578653674561,51.35470607000101,1.3251391877828094,1.3254641365301807
2026-10-01T06:50:52.331172+00:00,XAU_USD,4184.49,buy,none,0,691.212,2.0,-1,"computed 0 units — insufficient margin (available=213.54, needed for 3 units)",33.33889750789102,63.16386152996167,4184.227444930357,4176.070198472905
2026-10-01T06:50:52.762950+00:00,EUR_USD,1.13118,sell,sell,-5099,691.2637,0.0,-1,sell order FILLED (margin-capped size),32.03489376252269,35.55229590940215,1.1319095629436355,1.1322353815705695
2026-10-01T06:50:53.135547+00:00,GBP_USD,1.32556,sell,none,0,691.2965,-4884.0,-1,already in matching position,23.939945204758875,49.79300593512874,1.3252362801809983,1.325452674818331
2026-10-01T07:04:30.134802+00:00,XAU_USD,4181.79,buy,none,0,685.0554,2.0,-1,"computed 0 units — insufficient margin (available=207.59, needed for 3 units)",32.981309862039915,59.342704879924504,4183.739955944286,4176.590180429913
2026-10-01T07:04:30.283830+00:00,EUR_USD,1.1318,sell,sell,-4952,685.0554,0.0,-1,sell order FILLED (margin-capped size),32.84612030469998,43.98156259888025,1.1318876503549085,1.1321958014277904
2026-10-01T07:04:30.604276+00:00,GBP_USD,1.32634,sell,none,0,684.8264,-4884.0,-1,already in matching position,23.376982792083766,57.43754605124749,1.3254570241447987,1.3255333407439374
2026-10-01T07:26:03.740284+00:00,XAU_USD,4172.64,buy,none,0,678.3315,0.0,-1,buy order REJECTED by OANDA: STOP_LOSS_ON_FILL_LOSS,30.895122793610543,48.61031141868543,4181.519964755429,4176.231073118102
2026-10-01T07:26:03.926915+00:00,EUR_USD,1.13155,sell,none,0,678.2949,-4952.0,-1,already in matching position,33.59940209386461,41.617848367078864,1.1318201202839269,1.1321370922070821
2026-10-01T07:26:04.180228+00:00,GBP_USD,1.3261,buy,none,0,678.2584,-4884.0,-1,buy order REJECTED by OANDA: STOP_LOSS_ON_FILL_LOSS,23.13097793975398,54.678825905013184,1.325585619315839,1.325584855221761
2026-10-01T07:43:47.637194+00:00,XAU_USD,4156.92,buy,buy,2,687.246,0.0,-1,buy order FILLED (margin-capped size),30.5735183687171,36.42272277555014,4176.599971804344,4174.475521016457
2026-10-01T07:43:48.146466+00:00,EUR_USD,1.1306,sell,sell,-8889,686.4977,0.0,-1,sell order FILLED (margin-capped size),35.17877794357713,34.114832877630135,1.1315760962271415,1.1319973565518928
2026-10-01T07:43:48.311231+00:00,GBP_USD,1.32404,sell,sell,-2420,685.824,0.0,-1,sell order FILLED (margin-capped size),22.820033962376723,37.86704162904476,1.3252764954526715,1.3254444138379644
2026-10-01T07:58:27.014981+00:00,XAU_USD,4163.85,buy,none,0,683.9287,2.0,-1,"computed 0 units — insufficient margin (available=36.47, needed for 3 units)",30.367951669792976,43.18534509409891,4174.049977443476,4173.509564560415
2026-10-01T07:58:27.444010+00:00,EUR_USD,1.13047,sell,none,0,683.9104,-8889.0,-1,already in matching position,37.13925794006975,33.231923500567504,1.1313548769817132,1.1318585059562662
2026-10-01T07:58:27.981179+00:00,GBP_USD,1.32284,sell,none,0,684.0599,-2420.0,-1,already in matching position,23.887049206903995,31.744144481194425,1.3247891963621372,1.325207648943604
2026-10-01T08:19:09.776644+00:00,XAU_USD,4159.525,sell,none,0,681.7586,2.0,-1,"computed 0 units — insufficient margin (available=34.47, needed for 3 units)",29.90570950068988,40.10243940455967,4169.498585563825,4171.432491372244
2026-10-01T08:19:10.024151+00:00,EUR_USD,1.1296,sell,none,0,681.9297,-8889.0,-1,already in matching position,39.38642315143471,27.692189033797078,1.1308543212682967,1.1315343024431954
2026-10-01T08:19:10.232721+00:00,GBP_USD,1.32286,sell,none,0,681.505,-2420.0,-1,already in matching position,25.190660376980894,34.02177968354242,1.324173085671768,1.3248407016062844
2026-10-01T08:38:38.421622+00:00,XAU_USD,4157.395,sell,none,0,687.3262,2.0,-1,"computed 0 units — insufficient margin (available=39.90, needed for 3 units)",30.213166657808095,38.63737850778682,4167.077868451061,4170.1563557929485
2026-10-01T08:38:39.478272+00:00,EUR_USD,1.13016,sell,none,0,686.1739,-8889.0,-1,already in matching position,40.82073815255886,35.209844783698145,1.1307154570146374,1.1314093658574504
2026-10-01T08:38:39.988474+00:00,GBP_USD,1.3226,sell,none,0,685.9559,-2420.0,-1,already in matching position,26.13133854132662,32.775337750197096,1.3238584685374144,1.3246370014602586
2026-10-01T08:54:45.784303+00:00,XAU_USD,4152.0,sell,sell,-1,681.8645,2.0,-1,sell order FILLED (margin-capped size),30.953768621790754,35.13603906658501,4164.062294760848,4168.50577799359
2026-10-01T08:54:46.145822+00:00,EUR_USD,1.12895,sell,sell,-12558,681.8951,0.0,-1,sell order FILLED (margin-capped size),42.51941797293652,28.351042544889353,1.1303623656117099,1.1311857871431368
2026-10-01T08:54:47.104144+00:00,GBP_USD,1.32152,sell,sell,-3411,681.0933,0.0,-1,sell order FILLED (margin-capped size),27.572020919001346,28.16018921603498,1.3233907748299316,1.3243536376911442
2026-10-01T09:10:25.439328+00:00,XAU_USD,4153.6,sell,none,0,678.2791,1.0,-1,"computed 0 units — insufficient margin (available=50.36, needed for 2 units)",31.693089047754675,36.96057337768002,4161.969835808679,4167.1507072669
2026-10-01T09:10:25.603178+00:00,EUR_USD,1.12912,sell,none,0,678.2376,-12558.0,-1,already in matching position,44.180164444724575,30.40233266675473,1.1301138924893679,1.1309979883119425
2026-10-01T09:10:25.787926+00:00,GBP_USD,1.32117,sell,none,0,678.291,-3411.0,-1,already in matching position,29.21880759290322,26.841118471371473,1.3229466198639455,1.3240642160828584
2026-10-01T09:30:43.781300+00:00,XAU_USD,4159.86,sell,sell,-1,675.6339,1.0,-1,sell order FILLED (margin-capped size),30.408971501086324,43.84812350982586,4161.430294917555,4165.999014270165
2026-10-01T09:30:44.147510+00:00,EUR_USD,1.12963,sell,sell,-13434,675.6339,0.0,-1,sell order FILLED (margin-capped size),44.509309216436634,36.3841714897331,1.1299220911931955,1.130751477943754
2026-10-01T09:30:44.489487+00:00,GBP_USD,1.3224,sell,none,0,674.787,-3411.0,-1,already in matching position,31.187945119543535,38.18358749467677,1.3226602367129252,1.3237291042007093
2026-10-01T09:49:30.397101+00:00,XAU_USD,4161.575,sell,none,0,682.4812,0.0,-1,"computed 0 units — insufficient margin (available=186.93, needed for 3 units)",29.6998713362377,45.59530603278995,4161.459235934044,4165.596831154696
2026-10-01T09:49:30.769289+00:00,EUR_USD,1.12912,sell,none,0,682.3545,-13434.0,-1,already in matching position,44.57420681750529,33.13515423166959,1.1297616729545565,1.130603161767049
2026-10-01T09:49:30.936011+00:00,GBP_USD,1.32192,sell,none,0,682.3545,-3411.0,-1,already in matching position,31.532656061244612,35.75929273121838,1.3225121893703402,1.323564640182463
2026-10-01T10:02:37.467439+00:00,XAU_USD,4154.525,sell,sell,-2,705.4777,0.0,-1,sell order FILLED (margin-capped size),29.68265398003956,40.07506641729088,4160.072388747235,4164.590301049723
2026-10-01T10:02:38.126312+00:00,EUR_USD,1.12704,sell,sell,-6643,705.0398,0.0,-1,sell order FILLED (margin-capped size),45.852469183590166,23.800419478268537,1.1292173383636452,1.1302792379700444
2026-10-01T10:02:38.539800+00:00,GBP_USD,1.32006,sell,none,0,704.3012,-3411.0,-1,already in matching position,33.05635992488498,28.269317145252728,1.3220217514962722,1.3232460365295118
2026-10-01T10:23:45.870898+00:00,XAU_USD,4159.295,sell,sell,-1,670.3167,0.0,-1,sell order FILLED (margin-capped size),30.04966170912789,44.93291349397869,4159.916910997788,4164.108910045203
2026-10-01T10:23:46.686023+00:00,EUR_USD,1.12776,sell,none,0,670.0386,-6643.0,-1,already in matching position,47.215686449600526,31.04227348125484,1.1289258706909162,1.130050216336404
2026-10-01T10:23:47.191718+00:00,GBP_USD,1.32068,sell,none,0,670.0922,-3411.0,-1,already in matching position,34.814253770232185,33.285519189731616,1.321753401197018,1.3230127604813744
2026-10-01T10:40:32.462079+00:00,XAU_USD,4167.89,sell,sell,-2,662.0189,0.0,-1,sell order FILLED,28.87893465350987,52.41791559054345,4161.511528798231,4164.4526454956385
2026-10-01T10:40:33.245908+00:00,EUR_USD,1.12896,sell,sell,-5569,661.3465,0.0,-1,sell order FILLED (margin-capped size),46.51524078412423,41.091024534241654,1.128932696552733,1.129951105760367
2026-10-01T10:40:33.430530+00:00,GBP_USD,1.32198,sell,none,0,661.2631,-3411.0,-1,already in matching position,34.779682558492794,42.38364940934148,1.3217987209576145,1.3229188731648858
2026-10-01T10:56:15.823638+00:00,XAU_USD,4171.45,sell,none,0,646.4576,-2.0,-1,"computed 0 units — insufficient margin (available=59.23, needed for 2 units)",27.049201343154433,55.13791069755246,4163.499223038585,4165.088768632399
2026-10-01T10:56:15.980806+00:00,EUR_USD,1.12908,sell,none,0,646.221,-5569.0,-1,already in matching position,45.211804509380016,42.001215927764974,1.1289621572421864,1.1298719143276064
2026-10-01T10:56:16.151755+00:00,GBP_USD,1.32197,sell,none,0,646.2044,-3411.0,-1,already in matching position,34.027822922054824,42.33582150406782,1.3218329767660917,1.322832611968078
2026-10-01T11:12:23.236404+00:00,XAU_USD,4176.02,sell,none,0,655.5528,-2.0,-1,"computed 0 units — insufficient margin (available=182.22, needed for 2 units)",25.65955955133463,58.42357148790008,4166.003378430869,4166.082516938544
2026-10-01T11:12:23.636846+00:00,EUR_USD,1.12938,sell,none,0,655.5528,-5569.0,-1,already in matching position,43.54066184859071,44.3175146035511,1.1290457257937492,1.1298271948432783
2026-10-01T11:12:24.019156+00:00,GBP_USD,1.32254,sell,sell,-3719,655.5528,0.0,-1,sell order FILLED (margin-capped size),33.615193131256184,46.07143081179421,1.3219743814128733,1.3228060108800708
2026-10-01T11:30:47.196379+00:00,XAU_USD,4171.975,buy,none,0,659.3844,-2.0,-1,"computed 0 units — insufficient margin (available=62.02, needed for 2 units)",22.45675696382613,54.4072807828672,4167.772362195757,4166.908485073177
2026-10-01T11:30:47.564896+00:00,EUR_USD,1.12822,sell,none,0,658.9671,-5569.0,-1,already in matching position,41.379203200329734,37.76620896766029,1.1288524645079994,1.1296019792093208
2026-10-01T11:30:47.737672+00:00,GBP_USD,1.32153,sell,none,0,659.1352,-3719.0,-1,already in matching position,32.578500392968365,40.88622048863281,1.321868804104239,1.3226126536198932
2026-10-01T11:48:53.653645+00:00,XAU_USD,4179.29,buy,buy,1,634.3574,0.0,-1,buy order FILLED (margin-capped size),21.729966566277618,59.53628046266322,4170.075889756606,4168.034077339252
2026-10-01T11:48:53.839357+00:00,EUR_USD,1.12974,sell,none,0,634.0533,-5569.0,-1,already in matching position,39.4761459151173,48.79425850370619,1.1290299716063996,1.1296145265539281
2026-10-01T11:48:54.020170+00:00,GBP_USD,1.32316,sell,none,0,634.0533,-3719.0,-1,already in matching position,30.899149252357468,50.95664112275757,1.3221270432833911,1.3226624123817212
2026-10-01T12:02:12.039474+00:00,XAU_USD,4182.73,buy,none,0,631.1324,1.0,-1,already in matching position,21.576615641841887,61.71734265094845,4172.606711805285,4169.3700703084105
2026-10-01T12:02:13.279069+00:00,EUR_USD,1.13046,sell,sell,-11309,631.2087,0.0,-1,sell order FILLED (margin-capped size),37.00187314003167,53.039288030866786,1.1293159772851198,1.1296913877762982
2026-10-01T12:02:13.503241+00:00,GBP_USD,1.32416,sell,sell,-3082,630.3584,0.0,-1,sell order FILLED (margin-capped size),29.54102036673437,55.91817056147251,1.322533634626713,1.3227985567106555
2026-10-01T12:28:43.983798+00:00,XAU_USD,4176.76,buy,none,0,640.3034,1.0,-1,"computed 0 units — insufficient margin (available=58.74, needed for 2 units)",21.01183809141636,56.068945714488855,4173.437369444228,4170.041882098555
2026-10-01T12:28:44.195712+00:00,EUR_USD,1.12976,sell,none,0,640.2952,-11309.0,-1,already in matching position,34.68415800057606,48.80323943868825,1.129404781828096,1.1296976252511803
2026-10-01T12:28:44.524004+00:00,GBP_USD,1.32335,sell,none,0,640.2952,-3082.0,-1,already in matching position,28.279900687227187,51.38366301348792,1.3226969077013704,1.3228486879187777
2026-10-01T12:52:37.162323+00:00,XAU_USD,4182.4,buy,none,0,647.2237,1.0,-1,"computed 0 units — insufficient margin (available=65.67, needed for 2 units)",20.27466246582894,59.97101138001274,4176.113516444307,4171.902381899632
2026-10-01T12:52:37.998465+00:00,EUR_USD,1.12899,sell,none,0,647.2304,-11309.0,-1,already in matching position,30.650464478258904,44.508153499811655,1.1292874603699816,1.1295913431827935
2026-10-01T12:52:38.168595+00:00,GBP_USD,1.32323,sell,none,0,647.2304,-3082.0,-1,already in matching position,25.633639482495635,50.74450157614278,1.322877620928877,1.3229090809246098
2026-10-01T13:06:45.880535+00:00,XAU_USD,4178.715,buy,none,0,644.918,1.0,-1,"computed 0 units — insufficient margin (available=63.60, needed for 2 units)",20.400657810987756,56.34841540294143,4176.633813155446,4172.521710817847
2026-10-01T13:06:46.248617+00:00,EUR_USD,1.12864,sell,none,0,644.9104,-11309.0,-1,already in matching position,29.347148343543726,42.571733482250146,1.1291579682959854,1.1295048574389033
2026-10-01T13:06:46.596605+00:00,GBP_USD,1.32297,sell,none,0,644.9104,-3082.0,-1,already in matching position,24.420038651865177,49.18981435311931,1.3228960967431016,1.3229146190223726
2026-10-01T13:30:00.054610+00:00,XAU_USD,4173.205,buy,none,0,638.632,0.0,-1,"computed 0 units — insufficient margin (available=214.77, needed for 2 units)",19.666604374588353,51.35329844732479,4175.948050524357,4172.583828016224
2026-10-01T13:30:00.287188+00:00,EUR_USD,1.12864,sell,none,0,638.8014,-11309.0,-1,already in matching position,27.240316746615687,42.96698011828911,1.1289458997094308,1.129341535073474
2026-10-01T13:30:00.515881+00:00,GBP_USD,1.32216,sell,none,0,638.8861,-3082.0,-1,already in matching position,21.682740820688508,44.49460393067056,1.3226759019155852,1.3228067925804732
2026-10-01T13:50:08.618519+00:00,XAU_USD,4163.19,buy,none,0,631.2353,0.0,-1,"computed 0 units — insufficient margin (available=207.37, needed for 2 units)",18.02330228362277,43.55356574420798,4172.023152335589,4171.298535550598
2026-10-01T13:50:09.495694+00:00,EUR_USD,1.12869,sell,none,0,631.2353,-11309.0,-1,already in matching position,26.05762697101279,43.387730201811436,1.1288947197675447,1.129282304612249
2026-10-01T13:50:09.781131+00:00,GBP_USD,1.32246,sell,none,0,631.1044,-3082.0,-1,already in matching position,20.319225648522263,46.62625366387243,1.322632721532468,1.3227752659822483
2026-10-01T14:03:16.827914+00:00,XAU_USD,4165.2,sell,none,0,633.0077,0.0,-1,"computed 0 units — insufficient margin (available=209.09, needed for 2 units)",17.727054898554474,45.423071996351865,4170.658521868471,4170.744123227816
2026-10-01T14:03:17.260827+00:00,EUR_USD,1.12964,sell,none,0,633.1155,-11309.0,-1,already in matching position,24.285333691236207,50.812617107256955,1.129043775814036,1.1293148223747718
2026-10-01T14:03:18.120080+00:00,GBP_USD,1.32355,sell,none,0,633.2848,-3082.0,-1,already in matching position,19.437409592104686,53.59891679543572,1.3228161772259746,1.3228456963474984
2026-10-01T14:25:45.190516+00:00,XAU_USD,4154.225,sell,none,0,636.4964,0.0,-1,"computed 0 units — insufficient margin (available=212.55, needed for 2 units)",18.347108608586378,38.0188056373355,4167.371817494777,4169.24238475256
2026-10-01T14:25:45.933937+00:00,EUR_USD,1.12876,sell,none,0,636.7202,-11309.0,-1,already in matching position,22.825104548931563,44.9337254950391,1.1289870206512287,1.1292643839770653
2026-10-01T14:25:46.174830+00:00,GBP_USD,1.32248,sell,none,0,636.7202,-3082.0,-1,already in matching position,18.084390386605758,47.09483177682365,1.3227489417807798,1.3228124512249986
2026-10-01T14:44:39.255525+00:00,XAU_USD,4162.465,sell,sell,-2,649.0358,0.0,-1,sell order FILLED,18.922872767901715,45.23658232089559,4166.390453995822,4168.626258865964
2026-10-01T14:44:40.194971+00:00,EUR_USD,1.12848,sell,sell,-5525,648.1419,0.0,-1,sell order FILLED (margin-capped size),21.48114664237595,43.22027539267231,1.128885616520983,1.1291930763427867
2026-10-01T14:44:40.432924+00:00,GBP_USD,1.32234,sell,none,0,647.7471,-3082.0,-1,daily trade limit reached,16.828015410071025,46.30311589830573,1.3226671534246242,1.3227695011136351
2026-10-01T14:59:27.642074+00:00,XAU_USD,4166.32,sell,none,0,663.6003,-2.0,-1,daily trade limit reached,18.106727971405327,48.271554945442375,4166.376363196658,4168.416598969058
2026-10-01T14:59:28.153971+00:00,EUR_USD,1.12748,sell,none,0,663.7502,-5525.0,-1,daily trade limit reached,21.55282384050073,37.69216430531917,1.1286044932167867,1.129037342129806
2026-10-01T14:59:28.643267+00:00,GBP_USD,1.32227,sell,none,0,663.5772,-3082.0,-1,daily trade limit reached,16.171357133119365,45.8877341532127,1.3225877227396994,1.3227240919214864
2026-10-01T15:20:39.304684+00:00,XAU_USD,4156.6,sell,none,0,658.0284,-2.0,-1,daily trade limit reached,17.723341827137933,41.68403611906096,4163.871272445862,4166.8897512140975
2026-10-01T15:20:39.691472+00:00,EUR_USD,1.126,sell,none,0,657.6308,0.0,-1,daily trade limit reached,23.71289847538192,31.144908742028804,1.1277628756587437,1.128559786884137
2026-10-01T15:20:40.040741+00:00,GBP_USD,1.32084,sell,none,0,657.8296,0.0,-1,daily trade limit reached,15.630024025258088,38.22241029527867,1.3220065425534075,1.3224218941499886
2026-10-01T15:38:12.159949+00:00,XAU_USD,4166.585,sell,none,0,657.8284,-2.0,-1,daily trade limit reached,17.294196098266855,49.50201503299287,4164.414017956689,4166.86204655827
2026-10-01T15:38:12.626242+00:00,EUR_USD,1.12525,sell,none,0,656.5276,0.0,-1,daily trade limit reached,24.992041529593365,28.339285040212957,1.127260300526995,1.1282588971673975
2026-10-01T15:38:12.941723+00:00,GBP_USD,1.32116,sell,none,0,656.9101,0.0,-1,daily trade limit reached,15.525002728949776,40.75025907386097,1.321837234042726,1.3223071764999896
2026-10-01T15:54:50.947496+00:00,XAU_USD,4169.28,sell,none,0,660.0846,-2.0,-1,daily trade limit reached,16.27427284352772,51.395991205206,4165.387214365352,4167.081860507518
2026-10-01T15:54:52.436579+00:00,EUR_USD,1.12379,sell,none,0,660.3849,0.0,-1,daily trade limit reached,27.285354049770156,23.837547193830275,1.126566240421596,1.127852633788543
2026-10-01T15:54:53.576739+00:00,GBP_USD,1.31993,sell,none,0,659.4656,0.0,-1,daily trade limit reached,16.46396061553762,34.84777294863956,1.321455787234181,1.322091069545445
2026-10-01T16:09:34.810826+00:00,XAU_USD,4169.585,sell,none,0,645.2186,0.0,-1,daily trade limit reached,15.327201249841377,51.61715681705609,4166.226771492282,4167.309418643198
2026-10-01T16:09:35.181344+00:00,EUR_USD,1.12315,sell,none,0,645.2186,0.0,-1,daily trade limit reached,29.77031339360012,22.174669639190498,1.1258829923372768,1.1274251216259483
2026-10-01T16:09:35.515958+00:00,GBP_USD,1.31943,sell,none,0,645.2186,0.0,-1,daily trade limit reached,17.551896187357563,32.76985364005074,1.321050629787345,1.3218491541322228
2026-10-01T16:28:13.475343+00:00,XAU_USD,4169.67,none,none,0,645.2186,0.0,-1,no signal,14.559488259308324,51.683142233632545,4166.915417193825,4167.524016948361
2026-10-01T16:28:14.405131+00:00,EUR_USD,1.12376,sell,none,0,645.2186,0.0,-1,daily trade limit reached,32.07777564144222,27.374871067336386,1.1254583938698215,1.127091928750862
2026-10-01T16:28:14.613058+00:00,GBP_USD,1.31957,sell,none,0,645.2186,0.0,-1,daily trade limit reached,18.538317634270964,33.95731929702292,1.320754503829876,1.3216419583020207
2026-10-01T16:45:07.248027+00:00,XAU_USD,4165.785,none,none,0,645.2186,0.0,-1,no signal,13.00078647449029,48.33890898513653,4166.7556670040485,4167.349890039967
2026-10-01T16:45:08.296249+00:00,EUR_USD,1.12254,sell,none,0,645.2186,0.0,-1,daily trade limit reached,34.98347304809356,23.701429792567794,1.124602972076686,1.1264027510337704
2026-10-01T16:45:08.756993+00:00,GBP_USD,1.31885,sell,none,0,645.2186,0.0,-1,daily trade limit reached,19.616015203294907,32.11275256177731,1.3202384824511206,1.321245006861174
2026-10-01T16:59:27.976410+00:00,XAU_USD,4165.785,none,none,0,645.2186,0.0,-1,no signal,13.00078647449029,48.33890898513653,4166.7556670040485,4167.349890039967
2026-10-01T16:59:28.172133+00:00,EUR_USD,1.12254,sell,none,0,645.2186,0.0,-1,daily trade limit reached,34.98347304809356,23.701429792567794,1.124602972076686,1.1264027510337704
2026-10-01T16:59:28.407518+00:00,GBP_USD,1.31885,sell,none,0,645.2186,0.0,-1,daily trade limit reached,19.616015203294907,32.11275256177731,1.3202384824511206,1.321245006861174
2026-10-01T17:19:02.810968+00:00,XAU_USD,4171.435,none,none,0,645.2186,0.0,-1,no signal,11.966642885152929,53.4428543562827,4167.005026882592,4167.317553752039
2026-10-01T17:19:03.533189+00:00,EUR_USD,1.12176,none,none,0,645.2186,0.0,-1,no signal,38.31938820675896,21.675096329490188,1.123598702129079,1.1256069016808017
2026-10-01T17:19:04.452742+00:00,GBP_USD,1.31832,sell,none,0,645.2186,0.0,-1,daily trade limit reached,21.064178256463272,29.980131388826436,1.3195734287687175,1.3207505841827885
2026-10-01T17:36:00.269645+00:00,XAU_USD,4172.65,none,none,0,645.2186,0.0,-1,no signal,11.668580706345288,54.41129288380371,4168.134021506074,4167.802321592763
2026-10-01T17:36:01.411785+00:00,EUR_USD,1.12268,sell,none,0,645.2186,0.0,-1,daily trade limit reached,39.30054896540089,29.790086437525446,1.1234149617032632,1.1253408197098198
2026-10-01T17:36:02.707114+00:00,GBP_USD,1.31948,sell,none,0,645.2186,0.0,-1,daily trade limit reached,20.796489933035975,39.88405835638515,1.319554743014974,1.3206350765298076
2026-10-01T17:52:11.817325+00:00,XAU_USD,4176.755,none,none,0,645.2186,0.0,-1,no signal,12.347028113419334,57.61888857116898,4169.858217204859,4168.616201447967
2026-10-01T17:52:12.500491+00:00,EUR_USD,1.12308,sell,none,0,645.2186,0.0,-1,daily trade limit reached,38.93891935426845,33.03849166317666,1.1233479693626105,1.1251352906452907
2026-10-01T17:52:13.262030+00:00,GBP_USD,1.31962,sell,none,0,645.2186,0.0,-1,daily trade limit reached,19.48696862315309,40.96928122960243,1.3195677944119795,1.3205427968452796
2026-10-01T18:05:45.172597+00:00,XAU_USD,4170.375,none,none,0,645.2186,0.0,-1,no signal,12.204079126789292,51.54832384712734,4169.961573763888,4168.776092225424
2026-10-01T18:05:45.844081+00:00,EUR_USD,1.12251,sell,none,0,645.2186,0.0,-1,daily trade limit reached,38.77550324753573,30.84820382553515,1.1231803754900884,1.124896627859355
2026-10-01T18:05:48.200817+00:00,GBP_USD,1.31854,sell,none,0,645.2186,0.0,-1,daily trade limit reached,19.106931799531484,35.62633466233028,1.3193622355295838,1.3203607244047997
2026-10-01T18:50:00.737814+00:00,XAU_USD,4178.65,none,none,0,645.2186,0.0,-1,no signal,12.055873991373499,58.402680888217056,4172.445845767112,4170.255666585592
2026-10-01T18:50:01.287943+00:00,EUR_USD,1.12368,sell,none,0,645.2186,0.0,-1,daily trade limit reached,37.239208232657646,40.49391248040172,1.1232021122509255,1.1244716062053757
2026-10-01T18:50:01.705526+00:00,GBP_USD,1.31946,sell,none,0,645.2186,0.0,-1,daily trade limit reached,17.325519787111432,43.38661295768592,1.3191686645911471,1.3200043459089401
2026-10-01T19:01:32.802944+00:00,XAU_USD,4177.07,none,none,0,645.2186,0.0,-1,no signal,12.325416898317917,56.69448867542557,4173.370676613689,4170.875151441447
2026-10-01T19:01:33.134108+00:00,EUR_USD,1.12347,sell,none,0,645.2186,0.0,-1,daily trade limit reached,36.13340450022977,39.38063157372093,1.1232556898007404,1.1243805510957958
2026-10-01T19:01:33.551258+00:00,GBP_USD,1.31894,sell,none,0,645.2186,0.0,-1,daily trade limit reached,16.417174109157383,40.38681944679014,1.3191229316729176,1.3199075871899455
2026-10-01T19:21:13.844794+00:00,XAU_USD,4176.665,none,none,0,645.2186,0.0,-1,no signal,12.306143902252886,56.240405908004796,4174.029541290952,4171.401501310406
2026-10-01T19:21:14.061905+00:00,EUR_USD,1.12398,sell,none,0,645.2186,0.0,-1,daily trade limit reached,34.91225021422421,43.4469957126358,1.1234005518405925,1.1243441373598142
2026-10-01T19:21:14.293541+00:00,GBP_USD,1.31942,sell,none,0,645.2186,0.0,-1,daily trade limit reached,15.767612407364796,44.22063947545524,1.3191823453383342,1.3198632610817687
2026-10-01T19:36:17.578619+00:00,XAU_USD,4176.875,none,none,0,645.2186,0.0,-1,no signal,12.573820134458956,56.43524603251058,4174.598633032761,4171.89909210037
2026-10-01T19:36:17.901709+00:00,EUR_USD,1.1242,sell,none,0,645.2186,0.0,-1,daily trade limit reached,33.62758501223707,45.15606875966822,1.123560441472474,1.1243310339634676
2026-10-01T19:36:18.473782+00:00,GBP_USD,1.31978,none,none,0,645.2186,0.0,-1,no signal,14.855894508639645,46.97497146480103,1.3193018762706674,1.3198556918925168
2026-10-01T19:50:02.051843+00:00,XAU_USD,4176.63,none,none,0,645.2186,0.0,-1,no signal,12.58973321957385,56.121293307275,4175.004906426209,4172.3291746366995
2026-10-01T19:50:02.258028+00:00,EUR_USD,1.12438,sell,none,0,645.2186,0.0,-1,daily trade limit reached,32.127503808378094,46.57857736100922,1.1237243531779793,1.124335485421334
2026-10-01T19:50:02.492068+00:00,GBP_USD,1.3198,none,none,0,645.2186,0.0,-1,no signal,13.930668882565294,47.13116199479357,1.3194015010165339,1.319850628993197
2026-10-01T20:20:42.945739+00:00,XAU_USD,4177.87,none,none,0,645.2186,0.0,-1,no signal,12.850417209580105,57.50106711976881,4175.853940112775,4173.196590608843
2026-10-01T20:20:43.257672+00:00,EUR_USD,1.12435,sell,none,0,645.2186,0.0,-1,daily trade limit reached,29.375913455542104,46.91685033289612,1.123893586033907,1.1243090788606065
2026-10-01T20:20:43.655459+00:00,GBP_USD,1.31976,none,none,0,645.2186,0.0,-1,no signal,12.142554935866315,47.336564869964796,1.3194761606505816,1.319806800820824
2026-10-01T20:38:38.323889+00:00,XAU_USD,4175.75,none,none,0,645.2186,0.0,-1,no signal,12.794980668854896,54.336918502964494,4175.833152090219,4173.428718735311
2026-10-01T20:38:38.731221+00:00,EUR_USD,1.12454,sell,none,0,645.2186,0.0,-1,daily trade limit reached,27.831092447214967,48.49299386350325,1.1240228688271257,1.1243300716914604
2026-10-01T20:38:39.809375+00:00,GBP_USD,1.32004,none,none,0,645.2186,0.0,-1,no signal,11.403423458795759,49.65520789337501,1.3195889285204654,1.3198280007462035
2026-10-01T20:53:10.927667+00:00,XAU_USD,4174.26,none,none,0,645.2186,0.0,-1,no signal,12.422406112152448,52.164271327972955,4175.518521672176,4173.504289759374
2026-10-01T20:53:11.229338+00:00,EUR_USD,1.1243,sell,none,0,645.2186,0.0,-1,daily trade limit reached,26.460952080239682,46.61036835292997,1.1240782950617005,1.1243273379013277
2026-10-01T20:53:11.467040+00:00,GBP_USD,1.31974,none,none,0,645.2186,0.0,-1,no signal,10.772541121444458,47.2546238053052,1.3196191428163724,1.3198200006783667
2026-10-01T21:04:45.233366+00:00,XAU_USD,4177.385,none,none,0,645.2186,0.0,-1,no signal,12.503500293891987,56.12654503084261,4175.891817337741,4173.857081599431
2026-10-01T21:04:45.828694+00:00,EUR_USD,1.12426,sell,none,0,645.2186,0.0,-1,daily trade limit reached,25.502178479089718,46.28782717355078,1.1241146360493606,1.1243212162739342
2026-10-01T21:04:46.197236+00:00,GBP_USD,1.31954,none,none,0,645.2186,0.0,-1,no signal,10.612098610074016,45.6694696228512,1.319603314253098,1.3197945460712424
2026-10-01T21:23:04.097397+00:00,XAU_USD,4177.385,none,none,0,645.2186,0.0,-1,no signal,12.503500293891987,56.12654503084261,4175.891817337741,4173.857081599431
2026-10-01T21:23:04.363903+00:00,EUR_USD,1.12452,sell,none,0,645.2186,0.0,-1,daily trade limit reached,24.458208026546387,48.76941685094364,1.1241957088394885,1.1243392875217582
2026-10-01T21:23:04.971323+00:00,GBP_USD,1.31948,none,none,0,645.2186,0.0,-1,no signal,10.463116278087215,45.179828687643024,1.3195786514024785,1.3197659509738566
2026-10-01T21:40:07.355710+00:00,XAU_USD,4177.385,none,none,0,645.2186,0.0,-1,no signal,12.503500293891987,56.12654503084261,4175.891817337741,4173.857081599431
2026-10-01T21:40:08.459767+00:00,EUR_USD,1.12458,sell,none,0,645.2186,0.0,-1,daily trade limit reached,23.27809615638421,49.35097206407975,1.124272567071591,1.1243611704743255
2026-10-01T21:40:09.173628+00:00,GBP_USD,1.32002,none,none,0,645.2186,0.0,-1,no signal,9.889877573286432,50.340231833484914,1.319666921121983,1.3197890463398696
2026-10-01T21:55:09.021313+00:00,XAU_USD,4177.385,none,none,0,645.2186,0.0,-1,no signal,12.503500293891987,56.12654503084261,4175.891817337741,4173.857081599431
2026-10-01T21:55:09.862926+00:00,EUR_USD,1.12442,sell,none,0,645.2186,0.0,-1,daily trade limit reached,22.320605138165366,47.79293157366087,1.1243020536572728,1.1243665186130232
2026-10-01T21:55:10.075060+00:00,GBP_USD,1.31984,none,none,0,645.2186,0.0,-1,no signal,9.197436240756591,48.6947656856417,1.3197015368975864,1.3197936784907907
2026-10-01T22:08:20.639112+00:00,XAU_USD,4177.385,none,none,0,645.2186,0.0,-1,no signal,12.503500293892001,56.12654503084261,4175.891817337741,4173.857081599431
2026-10-01T22:08:21.012814+00:00,EUR_USD,1.12409,sell,none,0,645.2186,0.0,-1,daily trade limit reached,22.40754710927773,44.66114928334127,1.1242596429258183,1.1243413805572937
2026-10-01T22:08:21.212477+00:00,GBP_USD,1.3196,none,none,0,645.2186,0.0,-1,no signal,9.38571886417603,46.5117356705534,1.319681229518069,1.3197760713552644
2026-10-01T22:23:52.289681+00:00,XAU_USD,4173.6,none,none,0,645.2186,0.0,-1,no signal,12.245425998864135,50.65380637191292,4175.433453870192,4173.833710544936
2026-10-01T22:23:53.132104+00:00,EUR_USD,1.1242,sell,none,0,645.2186,0.0,-1,daily trade limit reached,22.488278939596366,45.932964108142855,1.1242477143406546,1.124328527779358
2026-10-01T22:23:53.436242+00:00,GBP_USD,1.31946,none,none,0,645.2186,0.0,-1,no signal,9.560552728779784,45.2377061842648,1.3196369836144553,1.319747337595695
2026-10-01T22:39:12.988876+00:00,XAU_USD,4172.305,none,none,0,645.2186,0.0,-1,no signal,11.886979886754474,48.897065269743436,4174.807763096154,4173.694736859033
2026-10-01T22:39:13.191915+00:00,EUR_USD,1.12426,sell,none,0,645.2186,0.0,-1,daily trade limit reached,22.563244210606516,46.65315190976939,1.1242501714725237,1.1243222979812344
2026-10-01T22:39:13.355865+00:00,GBP_USD,1.31935,none,none,0,645.2186,0.0,-1,no signal,9.871393507065378,44.21296104353066,1.3195795868915643,1.3197112159960864
2026-10-01T22:53:20.322376+00:00,XAU_USD,4176.105,none,none,0,645.2186,0.0,-1,no signal,12.032775700166063,53.94455214185829,4175.067210476924,4173.913851690029
2026-10-01T22:53:20.744280+00:00,EUR_USD,1.12436,sell,none,0,645.2186,0.0,-1,daily trade limit reached,22.448510104796835,47.898797178446145,1.124272137178019,1.1243257254374859
2026-10-01T22:53:21.119009+00:00,GBP_USD,1.31946,none,none,0,645.2186,0.0,-1,no signal,10.07821613502235,45.541474189618086,1.3195556695132515,1.3196883781782605
2026-10-01T23:04:05.330243+00:00,XAU_USD,4178.91,none,none,0,645.2186,0.0,-1,no signal,12.60059835572651,57.29742706107637,4175.835768381539,4174.368046990936
2026-10-01T23:04:05.740698+00:00,EUR_USD,1.12442,sell,none,0,645.2186,0.0,-1,daily trade limit reached,22.269689480433694,48.67319791607417,1.1243017097424153,1.1243342958522597
2026-10-01T23:04:06.074369+00:00,GBP_USD,1.3196,none,none,0,645.2186,0.0,-1,no signal,10.016830541423769,47.262825203866065,1.3195645356106014,1.3196803437984186
2026-10-01T23:19:48.755948+00:00,XAU_USD,4179.98,none,none,0,645.2186,0.0,-1,no signal,13.376783254122763,58.537445084129125,4176.6646147052315,4174.878224537214
2026-10-01T23:19:49.015135+00:00,EUR_USD,1.12442,sell,none,0,645.2186,0.0,-1,daily trade limit reached,22.052488533019975,48.67319791607418,1.1243253677939322,1.124342087138418
2026-10-01T23:19:49.196491+00:00,GBP_USD,1.31972,none,none,0,645.2186,0.0,-1,no signal,9.523125309154977,48.75791823705201,1.319595628488481,1.3196839489076533
2026-10-01T23:34:01.982111+00:00,XAU_USD,4181.07,none,none,0,645.2186,0.0,-1,no signal,14.444608818875949,59.81752773493525,4177.545691764186,4175.441113215649
2026-10-01T23:34:02.392960+00:00,EUR_USD,1.12444,sell,none,0,645.2186,0.0,-1,daily trade limit reached,21.742674082035006,48.96643710519066,1.124348294235146,1.1243509883076528
2026-10-01T23:34:02.606809+00:00,GBP_USD,1.31966,none,none,0,645.2186,0.0,-1,no signal,9.064684736333968,48.024804012184,1.319608502790785,1.3196817717342302
2026-10-01T23:47:51.623805+00:00,XAU_USD,4179.3,none,none,0,645.2186,0.0,-1,no signal,14.856640654281618,56.753410561587565,4177.896553411349,4175.791921105136
2026-10-01T23:47:52.062005+00:00,EUR_USD,1.12455,buy,none,0,645.2186,0.0,-1,daily trade limit reached,21.231175836966806,50.636865655153784,1.1243886353881167,1.1243690802796844
2026-10-01T23:47:52.579338+00:00,GBP_USD,1.31973,none,none,0,645.2186,0.0,-1,no signal,8.571314398376263,48.98846952787266,1.319632802232628,1.3196861561220274
2026-10-01T23:58:36.487319+00:00,XAU_USD,4179.3,none,none,0,645.2186,0.0,-1,no signal,14.856640654281618,56.753410561587565,4177.896553411349,4175.791921105136
2026-10-01T23:58:37.149098+00:00,EUR_USD,1.12455,buy,none,0,645.2186,0.0,-1,daily trade limit reached,21.231175836966806,50.636865655153784,1.1243886353881167,1.1243690802796844
2026-10-01T23:58:37.335314+00:00,GBP_USD,1.31973,none,none,0,645.2186,0.0,-1,no signal,8.571314398376263,48.98846952787266,1.319632802232628,1.3196861561220274
2026-10-02T00:24:18.591881+00:00,XAU_USD,4170.015,none,none,0,645.2186,0.0,-1,no signal,14.526704846545742,43.846440070436536,4176.979994183264,4175.781463723253
2026-10-02T00:24:19.494755+00:00,EUR_USD,1.12414,buy,buy,15497,645.2186,0.0,-1,buy order FILLED (margin-capped size),19.847820354658708,44.875444500518114,1.1244079266483948,1.124385520892301
2026-10-02T00:24:19.919194+00:00,GBP_USD,1.31916,none,none,0,644.3881,0.0,-1,no signal,8.843273723380658,41.75338541647156,1.319556993428882,1.3196436001008491
2026-10-02T00:45:53.033399+00:00,XAU_USD,4159.46,sell,none,0,638.8099,0.0,-1,"computed 0 units — insufficient margin (available=199.23, needed for 3 units)",15.283026316392784,34.622402986142674,4171.52639627729,4173.389722085333
2026-10-02T00:45:53.961197+00:00,EUR_USD,1.12363,sell,sell,-4787,638.8099,15497.0,-1,sell order FILLED (margin-capped size),20.7760014708455,39.04573751862617,1.1241710730549728,1.1242767114812404
2026-10-02T00:45:54.871408+00:00,GBP_USD,1.31886,none,none,0,638.7279,0.0,-1,no signal,10.816902382974792,38.364627317248,1.3193412757944847,1.3195257852073135
2026-10-02T01:01:41.047069+00:00,XAU_USD,4153.565,sell,sell,-2,636.9215,0.0,-1,sell order FILLED (margin-capped size),16.638932392241617,30.60775488694034,4167.934117021832,4171.58747462303
2026-10-02T01:01:41.595009+00:00,EUR_USD,1.12344,sell,sell,-7726,636.0483,0.0,-1,sell order FILLED (margin-capped size),21.64753864745016,37.04764410482118,1.1240248584439783,1.1242006468011276
2026-10-02T01:01:41.883555+00:00,GBP_USD,1.3184,none,none,0,635.483,0.0,-1,no signal,12.481064520370555,33.7531832431839,1.319153020635588,1.3194234410975576
2026-10-02T01:20:34.375309+00:00,XAU_USD,4141.195,sell,none,0,650.2576,-2.0,-1,"computed 0 units — insufficient margin (available=117.37, needed for 2 units)",19.311680421120098,24.252680996309124,4162.586293617465,4168.824522384572
2026-10-02T01:20:34.761638+00:00,EUR_USD,1.12346,sell,none,0,650.3018,-7726.0,-1,already in matching position,22.58153074879723,37.41072479994828,1.1239118867551827,1.1241333152737523
2026-10-02T01:20:35.156361+00:00,GBP_USD,1.31856,none,none,0,650.2867,0.0,-1,no signal,14.056448226529769,36.60742773146214,1.3190344165084704,1.319344946452325
2026-10-02T01:36:04.573457+00:00,XAU_USD,4150.13,sell,none,0,644.094,-2.0,-1,"computed 0 units — insufficient margin (available=110.76, needed for 2 units)",21.793517876507234,34.785462788173746,4160.095034893972,4167.125020349611
2026-10-02T01:36:05.342247+00:00,EUR_USD,1.12342,sell,none,0,644.034,-7726.0,-1,already in matching position,23.465102244350415,36.95169569560167,1.1238135094041464,1.1240684684306839
2026-10-02T01:36:05.600579+00:00,GBP_USD,1.31836,sell,sell,-2261,643.6735,0.0,-1,sell order FILLED (margin-capped size),15.644643242643856,34.60062450687495,1.3188995332067766,1.31925540586575
2026-10-02T01:50:58.099617+00:00,XAU_USD,4149.6,sell,none,0,644.0541,-2.0,-1,"computed 0 units — insufficient margin (available=35.56, needed for 2 units)",23.79479792036832,34.47919666882149,4157.996027915178,4165.5318366814645
2026-10-02T01:50:58.793647+00:00,EUR_USD,1.12347,sell,none,0,644.0714,-7726.0,-1,already in matching position,24.580326812224644,37.976161430277344,1.1237448075233172,1.1240140622097126
2026-10-02T01:50:59.225061+00:00,GBP_USD,1.31853,sell,none,0,644.0564,-2261.0,-1,already in matching position,17.35305283009133,37.7256145369182,1.3188256265654212,1.3191894598779546
2026-10-02T02:02:21.406882+00:00,XAU_USD,4151.585,sell,none,0,635.7665,-2.0,-1,"computed 0 units — insufficient margin (available=102.64, needed for 2 units)",25.681549344401994,36.72615351380989,4156.713822332143,4164.263942437695
2026-10-02T02:02:22.132372+00:00,EUR_USD,1.12368,sell,none,0,635.8115,-7726.0,-1,already in matching position,24.914979657335284,42.22251938263963,1.1237318460186538,1.1239836929179203
2026-10-02T02:02:22.332953+00:00,GBP_USD,1.3189,sell,sell,-2101,635.8098,0.0,-1,sell order FILLED (margin-capped size),17.858254576482295,43.997783344960446,1.3188405012523372,1.319163145343595
2026-10-02T02:20:32.649396+00:00,XAU_USD,4154.035,sell,none,0,621.9869,-2.0,-1,already in matching position,26.411412384775463,39.48464325034196,4156.178057865714,4163.334038579722
2026-10-02T02:20:33.621835+00:00,EUR_USD,1.12389,sell,sell,-7393,622.293,0.0,-1,sell order FILLED (margin-capped size),23.727092581054126,46.18992191176779,1.1237634768149232,1.1239751753799274
2026-10-02T02:20:34.061439+00:00,GBP_USD,1.31947,sell,sell,-1997,621.8251,0.0,-1,sell order FILLED (margin-capped size),16.91192945406733,52.015758987414756,1.3189664010018698,1.31919104122145
2026-10-02T02:35:24.562626+00:00,XAU_USD,4160.305,sell,none,0,620.6529,-2.0,-1,"computed 0 units — insufficient margin (available=29.95, needed for 2 units)",26.24723243028405,45.97579364297285,4157.003446292572,4163.058671436111
2026-10-02T02:35:24.786319+00:00,EUR_USD,1.12416,sell,none,0,620.6529,-7393.0,-1,already in matching position,22.624054581650164,50.861844797981796,1.1238427814519385,1.1239919776181158
2026-10-02T02:35:25.163227+00:00,GBP_USD,1.31969,sell,none,0,620.4998,-1997.0,-1,already in matching position,16.226650992382414,54.71092472451391,1.3191111208014958,1.319236401110409
2026-10-02T02:50:45.219540+00:00,XAU_USD,4156.64,sell,none,0,614.5729,-2.0,-1,"computed 0 units — insufficient margin (available=23.76, needed for 2 units)",26.09477961539915,43.06775966962392,4156.930757034058,4162.47515585101
2026-10-02T02:50:46.115745+00:00,EUR_USD,1.1243,sell,none,0,614.5058,-7393.0,-1,already in matching position,21.143139058488863,53.13400445886549,1.123934225161551,1.1240199796528325
2026-10-02T02:50:46.292904+00:00,GBP_USD,1.31988,sell,none,0,614.5977,-1997.0,-1,already in matching position,15.69000596918624,56.95936384224439,1.3192648966411966,1.3192949101003717
2026-10-02T03:01:44.608907+00:00,XAU_USD,4165.88,sell,sell,-2,609.7651,0.0,-1,sell order FILLED,25.21501534018131,51.41192023307856,4158.720605627247,4162.784687137281
2026-10-02T03:01:44.843351+00:00,EUR_USD,1.12443,sell,sell,-5448,608.8011,0.0,-1,sell order FILLED (margin-capped size),19.70926808662156,55.20532078555296,1.1240333801292408,1.1240572542298477
2026-10-02T03:01:45.096377+00:00,GBP_USD,1.31996,buy,buy,1437,606.7301,-1997.0,-1,buy order FILLED (margin-capped size),15.625948943156429,57.906950930062365,1.3194039173129573,1.3193553728185197
2026-10-02T03:21:23.411452+00:00,XAU_USD,4171.74,sell,none,0,604.3813,-2.0,-1,"computed 0 units — insufficient margin (available=134.27, needed for 2 units)",23.4381957346263,55.83303939451009,4161.324484501798,4163.598806488438
2026-10-02T03:21:24.504386+00:00,EUR_USD,1.12474,buy,buy,3220,604.3813,-5448.0,-1,buy order FILLED (margin-capped size),19.141907218501135,59.77124027828296,1.1241747041033927,1.1241193220271344
2026-10-02T03:21:24.978877+00:00,GBP_USD,1.3204,buy,buy,4615,604.5344,0.0,-1,buy order FILLED (margin-capped size),16.108684493921622,62.76279666884152,1.319603133850366,1.3194503389259271
2026-10-02T03:38:09.127765+00:00,XAU_USD,4172.9,sell,none,0,601.9975,-2.0,-1,"computed 0 units — insufficient margin (available=132.95, needed for 2 units)",22.10583728166753,56.67346922131806,4163.6395876014385,4164.444369534943
2026-10-02T03:38:09.864341+00:00,EUR_USD,1.12505,buy,buy,3190,601.9975,0.0,-1,buy order FILLED (margin-capped size),19.2913476345268,63.75038636882949,1.1243497632827144,1.1242039291155768
2026-10-02T03:38:10.018143+00:00,GBP_USD,1.32074,buy,none,0,601.8511,4615.0,-1,already in matching position,17.04227851043887,66.02440968131464,1.319830507080293,1.3195675808417517
2026-10-02T03:53:48.689583+00:00,XAU_USD,4173.915,buy,none,0,604.2059,-2.0,-1,"computed 0 units — insufficient margin (available=44.60, needed for 2 units)",21.116923419717263,57.43665873210095,4165.694670081151,4165.305335940857
2026-10-02T03:53:48.928543+00:00,EUR_USD,1.12514,buy,none,0,604.3589,3190.0,-1,already in matching position,19.663792672268826,64.83780001699964,1.1245078106261714,1.1242890264687062
2026-10-02T03:53:49.135982+00:00,GBP_USD,1.32068,buy,none,0,604.3589,4615.0,-1,already in matching position,18.093021358358182,64.94335634531843,1.3200004056642345,1.319668709856138
2026-10-02T04:07:04.799170+00:00,XAU_USD,4177.745,buy,buy,1,596.1934,0.0,-1,buy order FILLED (margin-capped size),20.411528809630227,60.279854248302065,4168.104736064921,4166.436214491688
2026-10-02T04:07:05.190982+00:00,EUR_USD,1.12519,buy,none,0,595.8111,3190.0,-1,already in matching position,20.383747833603344,65.45774655937895,1.1246442485009371,1.1243709331533693
2026-10-02T04:07:05.706395+00:00,GBP_USD,1.3208,buy,none,0,595.8187,4615.0,-1,already in matching position,19.237536852474616,66.13755236646357,1.3201603245313875,1.3197715544146709
2026-10-02T04:25:43.583023+00:00,XAU_USD,4184.1,buy,none,0,599.7794,1.0,-1,"computed 0 units — insufficient margin (available=197.42, needed for 2 units)",20.82714085348928,64.51542625482583,4171.3037888519375,4168.042013174261
2026-10-02T04:25:44.358515+00:00,EUR_USD,1.12516,buy,none,0,599.8889,3190.0,-1,already in matching position,21.107895291785752,64.7204274107172,1.12474739880075,1.1244426665030631
2026-10-02T04:25:44.545324+00:00,GBP_USD,1.32097,buy,none,0,599.8544,4615.0,-1,already in matching position,20.58511670646076,67.81046165537718,1.32032225962511,1.319880504013337
2026-10-02T04:43:08.432268+00:00,XAU_USD,4188.015,buy,none,0,593.8155,1.0,-1,"computed 0 units — insufficient margin (available=191.70, needed for 2 units)",21.255258731525494,66.85995329971874,4174.64603108155,4169.857739249328
2026-10-02T04:43:08.928231+00:00,EUR_USD,1.12538,buy,none,0,593.8501,3190.0,-1,already in matching position,21.670356808957443,67.60242172694643,1.1248739190406,1.1245278786391482
2026-10-02T04:43:09.242498+00:00,GBP_USD,1.32108,buy,none,0,593.8847,4615.0,-1,already in matching position,21.836440856590773,68.8817292036854,1.3204738077000882,1.3199895491030336
2026-10-02T04:57:17.676687+00:00,XAU_USD,4182.445,buy,none,0,593.0954,1.0,-1,"computed 0 units — insufficient margin (available=191.02, needed for 2 units)",21.857847833852052,60.71369984318888,4176.20582486524,4171.002035681207
2026-10-02T04:57:18.105605+00:00,EUR_USD,1.12528,buy,none,0,593.1193,3190.0,-1,already in matching position,22.53324594147481,65.00306639496912,1.1249551352324803,1.1245962533083165
2026-10-02T04:57:18.493656+00:00,GBP_USD,1.32095,buy,none,0,593.0428,4615.0,-1,already in matching position,23.140651554307308,66.08270679650937,1.3205690461600708,1.3200768628209396
2026-10-02T05:13:43.037465+00:00,XAU_USD,4184.99,buy,none,0,598.8307,1.0,-1,"computed 0 units — insufficient margin (available=196.27, needed for 2 units)",22.291660776840246,62.413858368102986,4177.962659892192,4172.273668801097
2026-10-02T05:13:43.750439+00:00,EUR_USD,1.12526,buy,none,0,598.8551,3190.0,-1,already in matching position,22.982257174072664,64.46915394561833,1.1250161081859842,1.1246565939166513
2026-10-02T05:13:44.233493+00:00,GBP_USD,1.32108,buy,none,0,598.396,4615.0,-1,already in matching position,24.275232233691472,67.50473151938002,1.3206712369280567,1.3201680571099452
2026-10-02T05:31:07.749154+00:00,XAU_USD,4187.215,buy,none,0,594.9531,1.0,-1,"computed 0 units — insufficient margin (available=192.63, needed for 2 units)",24.443688943319135,63.58080469658908,4181.379902331004,4174.911420496775
2026-10-02T05:31:08.722902+00:00,EUR_USD,1.12496,buy,none,0,595.046,3190.0,-1,already in matching position,22.685084091718153,56.66197284584385,1.12501990923903,1.124721647865001
2026-10-02T05:31:09.056616+00:00,GBP_USD,1.32086,buy,none,0,595.1283,4615.0,-1,already in matching position,25.88317573839859,62.60407605761788,1.3207503916339565,1.3202939314958224
2026-10-02T05:47:47.261720+00:00,XAU_USD,4187.46,buy,none,0,595.3087,1.0,-1,"computed 0 units — insufficient margin (available=193.08, needed for 2 units)",25.492164918307807,63.75849168809313,4182.595921864803,4176.052200451613
2026-10-02T05:47:47.657074+00:00,EUR_USD,1.12505,buy,none,0,595.2322,3190.0,-1,already in matching position,21.7265792471547,58.351786687488776,1.1250259273912242,1.1247514980590918
2026-10-02T05:47:48.079673+00:00,GBP_USD,1.32116,buy,none,0,595.2322,4615.0,-1,already in matching position,26.606429295607846,66.37266492754131,1.3208323133071653,1.3203726649962022
2026-10-02T05:59:43.026453+00:00,XAU_USD,4187.46,buy,none,0,595.7696,1.0,-1,"computed 0 units — insufficient margin (available=193.36, needed for 2 units)",25.492164918307807,63.75849168809313,4182.595921864803,4176.052200451613
2026-10-02T05:59:43.348512+00:00,EUR_USD,1.12505,buy,none,0,595.7696,3190.0,-1,already in matching position,21.7265792471547,58.351786687488776,1.1250259273912242,1.1247514980590918
2026-10-02T05:59:44.176852+00:00,GBP_USD,1.32116,buy,none,0,595.7696,4615.0,-1,already in matching position,26.606429295607846,66.37266492754131,1.3208323133071653,1.3203726649962022
2026-10-02T06:24:09.527252+00:00,XAU_USD,4192.195,buy,none,0,604.9869,1.0,-1,"computed 0 units — insufficient margin (available=202.71, needed for 2 units)",27.24773332508821,66.81443115977581,4185.1563899934745,4178.391446654226
2026-10-02T06:24:09.862656+00:00,EUR_USD,1.12566,buy,none,0,604.9808,3190.0,-1,already in matching position,20.726670715950842,64.61867941380729,1.1250973935303836,1.1248281802141253
2026-10-02T06:24:10.704562+00:00,GBP_USD,1.32159,buy,none,0,604.9359,4615.0,-1,already in matching position,27.4843799389922,66.63209591438665,1.320959480516586,1.32050873140182
2026-10-02T06:46:15.995233+00:00,XAU_USD,4180.445,buy,none,0,596.103,1.0,-1,"computed 0 units — insufficient margin (available=194.14, needed for 2 units)",28.056442246334985,52.62361724857251,4184.901889595823,4179.49247657374
2026-10-02T06:46:16.336253+00:00,EUR_USD,1.12574,buy,none,0,596.0398,3190.0,-1,already in matching position,21.87053305972243,64.05061351109015,1.1253511318594458,1.1249980001769633
2026-10-02T06:46:16.742894+00:00,GBP_USD,1.32156,buy,none,0,596.1239,4615.0,-1,already in matching position,29.690837487809674,63.52575576862222,1.3212268675306151,1.3207176292577023
2026-10-02T07:02:18.453592+00:00,XAU_USD,4181.08,buy,none,0,594.066,1.0,-1,"computed 0 units — insufficient margin (available=192.02, needed for 2 units)",27.30408442553725,53.21176842039491,4184.137511676659,4179.636796885218
2026-10-02T07:02:18.895701+00:00,EUR_USD,1.12585,buy,none,0,594.0313,3190.0,-1,already in matching position,22.786523637174703,65.33330854859973,1.1254509054875568,1.1250754547063302
2026-10-02T07:02:19.214275+00:00,GBP_USD,1.32137,buy,none,0,593.9895,4615.0,-1,already in matching position,30.101201144789098,60.413196619041464,1.3212554940244923,1.3207769356888202
2026-10-02T07:23:25.046962+00:00,XAU_USD,4187.76,buy,none,0,600.453,1.0,-1,already in matching position,27.14005810761994,58.98078553879537,4184.862009341328,4180.375269895653
2026-10-02T07:23:25.941482+00:00,EUR_USD,1.1266,buy,buy,6915,600.4904,0.0,-1,buy order FILLED (margin-capped size),24.267527747098384,72.53014403606205,1.1256807243900455,1.1252140497330274
2026-10-02T07:23:26.202376+00:00,GBP_USD,1.32148,buy,none,0,599.5304,4615.0,-1,already in matching position,28.399264656168384,61.58667066856901,1.3213003952195939,1.3208408506262002
2026-10-02T07:40:09.195954+00:00,XAU_USD,4185.385,buy,none,0,596.3178,1.0,-1,"computed 0 units — insufficient margin (available=88.40, needed for 2 units)",27.165960208578422,56.32181413456732,4184.966607473063,4180.830699905139
2026-10-02T07:40:09.850547+00:00,EUR_USD,1.12618,buy,none,0,595.8184,6915.0,-1,already in matching position,25.78438628547263,64.45981989549259,1.1257805795120364,1.1253018633936611
2026-10-02T07:40:10.216031+00:00,GBP_USD,1.32106,buy,none,0,595.3486,4615.0,-1,already in matching position,26.99667775987859,54.895513977194625,1.3212523161756753,1.3208607732965456
2026-10-02T07:55:27.152184+00:00,XAU_USD,4183.025,buy,none,0,596.329,1.0,-1,already in matching position,26.802905494019846,53.72972003004128,4184.57828597845,4181.030181731944
2026-10-02T07:55:27.815875+00:00,EUR_USD,1.12562,buy,buy,6822,596.21,0.0,-1,buy order FILLED (margin-capped size),25.24505823649343,55.579819407058835,1.125748463609629,1.125330784903328
2026-10-02T07:55:28.478476+00:00,GBP_USD,1.32085,buy,none,0,595.8971,4615.0,-1,already in matching position,25.478277497382564,51.86152206083297,1.3211718529405403,1.3208597939059505
2026-10-02T08:11:30.912910+00:00,XAU_USD,4187.41,buy,none,0,606.024,1.0,-1,already in matching position,27.041958697243857,57.63147302588816,4185.14462878276,4181.610165210858
2026-10-02T08:11:31.801575+00:00,EUR_USD,1.12604,buy,none,0,605.2233,6822.0,-1,already in matching position,25.173921815372204,60.02747759422118,1.1258067708877033,1.1253952590030254
2026-10-02T08:11:32.304804+00:00,GBP_USD,1.32136,buy,buy,5172,605.1096,0.0,-1,buy order FILLED (margin-capped size),25.075542045019592,57.941070744550956,1.3212094823524323,1.320905267187228
2026-10-02T08:31:58.870012+00:00,XAU_USD,4185.28,buy,none,0,592.026,1.0,-1,"computed 0 units — insufficient margin (available=68.27, needed for 2 units)",27.867449363480862,54.66719803994071,4185.743762420967,4182.53137620732
2026-10-02T08:31:59.558744+00:00,EUR_USD,1.12555,buy,none,0,591.52,6822.0,-1,already in matching position,25.150653976666856,52.65381741307076,1.1258087333681304,1.1254708752091118
2026-10-02T08:31:59.710789+00:00,GBP_USD,1.32112,buy,none,0,591.5032,5172.0,-1,already in matching position,24.736852368433826,54.25695273226556,1.3212076687055567,1.3209582373448163
2026-10-02T08:48:25.205696+00:00,XAU_USD,4180.83,buy,none,0,584.4008,1.0,-1,already in matching position,27.672419080259687,49.841270589855995,4184.761009936774,4182.376705643018
2026-10-02T08:48:25.439432+00:00,EUR_USD,1.12484,buy,buy,10234,584.4773,0.0,-1,buy order FILLED (margin-capped size),23.432905046174692,44.704081119668054,1.1256149866945044,1.1254135229173743
2026-10-02T08:48:25.702793+00:00,GBP_USD,1.32064,buy,buy,2769,583.9293,0.0,-1,buy order FILLED (margin-capped size),23.391363649773034,47.63482500068297,1.3210941349644454,1.3209293066771057
2026-10-02T09:01:09.885801+00:00,XAU_USD,4184.335,buy,none,0,588.224,1.0,-1,"computed 0 units — insufficient margin (available=47.61, needed for 2 units)",27.238009925839332,53.3355140028455,4184.675807949419,4182.554732402743
2026-10-02T09:01:10.379725+00:00,EUR_USD,1.12514,buy,none,0,588.1705,10234.0,-1,already in matching position,22.115768313890843,48.25881290348149,1.1255199893556036,1.125388657197613
2026-10-02T09:01:10.554555+00:00,GBP_USD,1.32082,buy,none,0,588.1705,2769.0,-1,already in matching position,21.93265610572022,50.094655402148994,1.3210393079715563,1.3209193697064598
2026-10-02T09:21:58.281463+00:00,XAU_USD,4186.365,buy,none,0,592.7365,1.0,-1,"computed 0 units — insufficient margin (available=52.25, needed for 2 units)",27.11548384086894,55.27869731893841,4185.013646359535,4182.90112036613
2026-10-02T09:21:58.930112+00:00,EUR_USD,1.12494,buy,none,0,592.7365,10234.0,-1,already in matching position,20.892712776770107,46.12975098239587,1.125403991484483,1.1253478701796482
2026-10-02T09:21:59.087260+00:00,GBP_USD,1.32124,buy,none,0,593.0117,2769.0,-1,already in matching position,20.70419687964764,55.363487178696,1.321079446377245,1.3209485179149636
2026-10-02T09:39:03.225846+00:00,XAU_USD,4186.715,buy,none,0,586.9043,1.0,-1,"computed 0 units — insufficient margin (available=46.39, needed for 2 units)",27.001709619110713,55.62182316503869,4185.353917087628,4183.247836696482
2026-10-02T09:39:03.521249+00:00,EUR_USD,1.12528,buy,none,0,586.9043,10234.0,-1,already in matching position,19.544721484258215,50.155635610079116,1.1253791931875865,1.1253417001633166
2026-10-02T09:39:03.724236+00:00,GBP_USD,1.3212,buy,none,0,586.9043,2769.0,-1,already in matching position,20.15988228893142,54.770413462247895,1.3211035571017962,1.320971379922694
2026-10-02T09:54:42.810528+00:00,XAU_USD,4184.36,buy,none,0,589.9382,1.0,-1,"computed 0 units — insufficient margin (available=49.37, needed for 2 units)",26.400026120247777,52.692320724065894,4185.155133670103,4183.348942451347
2026-10-02T09:54:42.958407+00:00,EUR_USD,1.12488,sell,sell,-1185,589.9515,10234.0,-1,sell order FILLED (margin-capped size),18.479906526354213,45.81744192817136,1.1252793545500692,1.1252997274211969
2026-10-02T09:54:43.089109+00:00,GBP_USD,1.32064,buy,none,0,589.9515,2769.0,-1,already in matching position,18.720432751967827,47.154513542365144,1.3210108456814371,1.3209412544751764
2026-10-02T10:08:01.506621+00:00,XAU_USD,4184.24,buy,none,0,585.2818,1.0,-1,"computed 0 units — insufficient margin (available=78.63, needed for 2 units)",25.32777523253294,52.54046973903974,4184.972106936082,4183.429947683043
2026-10-02T10:08:01.751919+00:00,EUR_USD,1.1251,sell,sell,-1885,585.213,9049.0,-1,sell order FILLED (margin-capped size),17.742694681543426,48.45801223535058,1.1252434836400553,1.1252815703829062
2026-10-02T10:08:02.008855+00:00,GBP_USD,1.32116,buy,none,0,585.213,2769.0,-1,already in matching position,17.445389650170284,53.60570314245637,1.3210406765451497,1.3209611404319785
2026-10-02T10:25:41.785865+00:00,XAU_USD,4171.87,sell,none,0,568.9204,0.0,-1,daily loss limit reached,24.375838631609696,39.805753481646526,4182.351685548866,4182.379043348221
2026-10-02T10:25:42.006740+00:00,EUR_USD,1.12407,sell,none,0,568.9204,0.0,-1,daily loss limit reached,18.146230598468325,38.89965589667951,1.1250087869120444,1.1251714276208238
2026-10-02T10:25:42.183295+00:00,GBP_USD,1.3209,buy,none,0,568.9204,2769.0,-1,daily loss limit reached,16.557209460358123,50.29935193608019,1.3210125412361198,1.3209555822108896
2026-10-02T10:42:38.719493+00:00,XAU_USD,4174.165,sell,none,0,569.5015,0.0,-1,daily loss limit reached,24.01642468587912,42.58616788885936,4180.714348439093,4181.632312134746
2026-10-02T10:42:38.946836+00:00,EUR_USD,1.12383,sell,none,0,569.5015,0.0,-1,daily loss limit reached,19.925566599469562,37.065057536971935,1.1247730295296356,1.1250494796552943
2026-10-02T10:42:39.638522+00:00,GBP_USD,1.32098,buy,none,0,569.5015,2769.0,-1,daily loss limit reached,16.507164737687955,51.294791090237105,1.321006032988896,1.3209578020098998
2026-10-02T10:56:37.913236+00:00,XAU_USD,4181.715,sell,none,0,569.626,0.0,-1,daily loss limit reached,22.312183627794646,50.66036624269448,4180.914478751274,4181.639829213405
2026-10-02T10:56:38.154020+00:00,EUR_USD,1.12334,sell,none,0,569.626,0.0,-1,daily loss limit reached,21.577807171827875,33.58264904024044,1.1244864236237087,1.1248940724139038
2026-10-02T10:56:38.351141+00:00,GBP_USD,1.32072,buy,none,0,569.626,2769.0,-1,daily loss limit reached,16.137563445528297,47.934557749632155,1.3209488263911167,1.3209361836453632
2026-10-02T11:12:13.372799+00:00,XAU_USD,4182.71,sell,none,0,568.5603,0.0,-1,daily loss limit reached,20.73719443084275,51.62587630121714,4181.27358300102,4181.737117466731
2026-10-02T11:12:13.609626+00:00,EUR_USD,1.12347,sell,none,0,568.5179,0.0,-1,daily loss limit reached,23.112030560446307,35.31894628920769,1.124283138898967,1.1247646112853669
2026-10-02T11:12:13.803902+00:00,GBP_USD,1.3207,sell,none,0,568.5179,2769.0,-1,daily loss limit reached,15.750024221170518,47.67583429359362,1.3208990611128935,1.3209147124048757
2026-10-02T11:29:45.520873+00:00,XAU_USD,4187.46,buy,none,0,569.709,0.0,-1,daily loss limit reached,20.074114303000076,56.04766555693759,4182.510866400816,4182.25737951521
2026-10-02T11:29:45.673379+00:00,EUR_USD,1.12328,sell,none,0,569.7505,0.0,-1,daily loss limit reached,25.090225042831598,33.923114214073124,1.1240825111191737,1.1246296466230608
2026-10-02T11:29:45.983460+00:00,GBP_USD,1.32044,sell,none,0,569.6883,2769.0,-1,daily loss limit reached,16.119354603421773,44.32635616377914,1.3208072488903149,1.320871556731705
2026-10-02T11:47:24.036403+00:00,XAU_USD,4179.705,sell,none,0,570.1654,0.0,-1,daily loss limit reached,18.15860803449794,48.22027890302259,4181.662354496523,4181.897875632404
2026-10-02T11:47:24.520309+00:00,EUR_USD,1.1241,sell,none,0,570.1654,0.0,-1,daily loss limit reached,25.340679226831483,44.43573664846032,1.1240376071162712,1.1245112782008766
2026-10-02T11:47:25.002877+00:00,GBP_USD,1.32122,none,none,0,570.1654,2769.0,-1,no signal,14.545076426357717,54.83962375854931,1.3209142392898015,1.3209105427534755
2026-10-02T11:59:34.740651+00:00,XAU_USD,4179.705,sell,none,0,569.3148,0.0,-1,daily loss limit reached,18.15860803449794,48.22027890302259,4181.662354496523,4181.897875632404
2026-10-02T11:59:35.026327+00:00,EUR_USD,1.1241,sell,none,0,569.3148,0.0,-1,daily loss limit reached,25.340679226831483,44.43573664846032,1.1240376071162712,1.1245112782008766
2026-10-02T11:59:35.441013+00:00,GBP_USD,1.32122,none,none,0,569.3148,2769.0,-1,no signal,14.545076426357717,54.83962375854931,1.3209142392898015,1.3209105427534755
2026-10-02T12:23:42.593570+00:00,XAU_USD,4177.995,sell,none,0,567.2463,0.0,-1,news blackout: Average Hourly Earnings m/m,16.03051792577054,46.57264207322263,4180.913306877775,4181.515558373888
2026-10-02T12:23:43.891070+00:00,EUR_USD,1.12254,sell,none,0,567.2463,0.0,-1,news blackout: Average Hourly Earnings m/m,27.38386807235041,32.82856983971425,1.1236200685544135,1.1242319654552697
2026-10-02T12:23:44.692881+00:00,GBP_USD,1.32,none,none,0,567.2463,0.0,-1,no signal,14.722489113332799,40.69843902118121,1.320687513145473,1.3208054072342774
2026-10-02T12:45:31.987024+00:00,XAU_USD,4211.205,buy,none,0,567.2463,0.0,-1,news blackout: Average Hourly Earnings m/m,17.97582291636478,69.50856331465916,4187.959116401777,4184.6748829536255
2026-10-02T12:45:32.315324+00:00,EUR_USD,1.12414,sell,none,0,567.2463,0.0,-1,news blackout: Average Hourly Earnings m/m,27.283220023622043,48.808492404042894,1.1236664438748247,1.1241432772357598
2026-10-02T12:45:32.636860+00:00,GBP_USD,1.32228,buy,none,0,567.2463,0.0,-1,news blackout: Average Hourly Earnings m/m,16.95873878066361,62.07578357682096,1.3210272084131027,1.3209406671357664
2026-10-02T13:01:53.470546+00:00,XAU_USD,4217.74,buy,none,0,567.2463,0.0,-1,daily loss limit reached,20.424389071469705,72.09755744074462,4193.915293121421,4187.680802685114
2026-10-02T13:01:54.000002+00:00,EUR_USD,1.12606,sell,none,0,567.2463,0.0,-1,daily loss limit reached,26.237853176488198,61.14930026251235,1.1241451550998598,1.1243175247597816
2026-10-02T13:01:55.352252+00:00,GBP_USD,1.32321,buy,none,0,567.2463,0.0,-1,daily loss limit reached,18.220214031966417,67.37774841381528,1.3214637667304823,1.321146970123424
2026-10-02T13:22:56.349041+00:00,XAU_USD,4195.85,buy,none,0,567.2463,0.0,-1,daily loss limit reached,21.52789875778433,55.192456914882165,4194.302234497138,4188.4234569864675
2026-10-02T13:22:57.004364+00:00,EUR_USD,1.12466,sell,none,0,567.2463,0.0,-1,daily loss limit reached,25.32342465391495,51.416088060970424,1.1242481240798878,1.1243486588725287
2026-10-02T13:22:57.189307+00:00,GBP_USD,1.32122,buy,none,0,567.2463,0.0,-1,daily loss limit reached,18.321401214143386,50.9602612954343,1.321415013384386,1.3211536092031126
2026-10-02T13:40:38.717225+00:00,XAU_USD,4193.525,buy,none,0,567.2463,0.0,-1,daily loss limit reached,21.291471574169783,53.75085787294354,4194.1467875977105,4188.887233624061
2026-10-02T13:40:38.908549+00:00,EUR_USD,1.12528,buy,none,0,567.2463,0.0,-1,daily loss limit reached,24.03988432094097,54.84399152733401,1.1244544992639103,1.1244333262477533
2026-10-02T13:40:39.724013+00:00,GBP_USD,1.32278,buy,none,0,567.2463,0.0,-1,daily loss limit reached,18.35102375089886,59.326942418428956,1.3216880107075089,1.3213014629119204
2026-10-02T13:57:03.812693+00:00,XAU_USD,4186.495,buy,none,0,567.2463,0.0,-1,daily loss limit reached,21.455226103594036,49.537611355540975,4192.616430078168,4188.669757840055
2026-10-02T13:57:04.251520+00:00,EUR_USD,1.1256,buy,none,0,567.2463,0.0,-1,daily loss limit reached,23.079792259015722,56.548064546267476,1.1246835994111284,1.1245393874979577
2026-10-02T13:57:04.562669+00:00,GBP_USD,1.32296,buy,none,0,567.2463,0.0,-1,daily loss limit reached,18.3785303921718,60.17131405779753,1.321942408566007,1.3214522390108367
2026-10-02T14:14:43.916861+00:00,XAU_USD,4191.68,buy,none,0,567.2463,0.0,-1,daily loss limit reached,21.085649362000595,52.495259708353345,4192.429144062535,4188.943416218232
2026-10-02T14:14:44.880139+00:00,EUR_USD,1.1276,buy,none,0,567.2463,0.0,-1,daily loss limit reached,23.80661202168556,65.34939256923917,1.1252668795289027,1.1248176249981432
2026-10-02T14:14:45.816238+00:00,GBP_USD,1.32475,buy,none,0,567.2463,0.0,-1,daily loss limit reached,19.78052586640766,67.41568419710401,1.3225039268528056,1.321752035464397
2026-10-02T14:35:40.290984+00:00,XAU_USD,4174.395,buy,none,0,567.2463,0.0,-1,daily loss limit reached,20.34465636772428,42.883479629327454,4188.280852200022,4187.62922827953
2026-10-02T14:35:41.030793+00:00,EUR_USD,1.12814,buy,none,0,567.2463,0.0,-1,daily loss limit reached,26.172790518366487,67.03426101633409,1.1263108028984978,1.1253991942133414
2026-10-02T14:35:42.288337+00:00,GBP_USD,1.32487,buy,none,0,567.2463,0.0,-1,daily loss limit reached,22.400014878072703,66.64352953429245,1.3232773131857958,1.3222526739375182
2026-10-02T14:54:05.096984+00:00,XAU_USD,4176.09,sell,none,0,567.2463,0.0,-1,daily loss limit reached,19.242064767413435,43.97863896601028,4185.842681760018,4186.580207526846
2026-10-02T14:54:05.932969+00:00,EUR_USD,1.12826,buy,none,0,567.2463,0.0,-1,daily loss limit reached,27.357821076981008,67.49431771539562,1.1267006423187984,1.1256592674666739
2026-10-02T14:54:06.271594+00:00,GBP_USD,1.32529,buy,none,0,567.2463,0.0,-1,daily loss limit reached,24.06233781847046,68.18756344663684,1.3236798505486367,1.322528794488653
2026-10-02T15:09:28.852343+00:00,XAU_USD,4159.165,sell,none,0,567.2463,0.0,-1,daily loss limit reached,18.684408447639676,36.46090905196907,4180.507145408015,4184.087915933496
2026-10-02T15:09:29.019704+00:00,EUR_USD,1.12791,buy,none,0,567.2463,0.0,-1,daily loss limit reached,27.757216659611238,64.65995502106792,1.1269425138550389,1.1258638795151579
2026-10-02T15:09:29.194755+00:00,GBP_USD,1.32488,buy,none,0,567.2463,0.0,-1,daily loss limit reached,25.60592340598265,65.02335303879994,1.3239198804389094,1.32274254044423
2026-10-02T15:29:46.677166+00:00,XAU_USD,4145.66,sell,none,0,567.2463,0.0,-1,daily loss limit reached,19.047666983194528,31.791081613536107,4173.537716326413,4180.594469030451
2026-10-02T15:29:47.063916+00:00,EUR_USD,1.12661,buy,none,0,567.2463,0.0,-1,daily loss limit reached,27.23628666917049,55.360670337606514,1.126876011084031,1.1259317086501435
2026-10-02T15:29:47.614097+00:00,GBP_USD,1.32354,buy,none,0,567.2463,0.0,-1,daily loss limit reached,25.199633174238723,55.89416269157244,1.3238439043511274,1.3228150367674818
2026-10-02T15:49:23.446732+00:00,XAU_USD,4134.825,sell,none,0,567.2463,0.0,-1,daily loss limit reached,20.590046052288056,28.468325177104404,4160.834738448904,4173.288197545828
2026-10-02T15:49:23.721356+00:00,EUR_USD,1.12582,buy,none,0,567.2463,0.0,-1,daily loss limit reached,24.31920538692863,50.51372419428253,1.1265278470937798,1.1259288501240856
2026-10-02T15:49:23.985360+00:00,GBP_USD,1.32258,buy,none,0,567.2463,0.0,-1,daily loss limit reached,22.66357568828337,50.25034754962771,1.3234624987847214,1.3228122617913074
2026-10-02T16:01:54.414036+00:00,XAU_USD,4127.395,sell,none,0,567.2463,0.0,-1,daily loss limit reached,21.73527214380753,26.388650468951397,4154.146790759124,4169.116088678025
2026-10-02T16:01:55.961849+00:00,EUR_USD,1.12583,buy,none,0,567.2463,0.0,-1,daily loss limit reached,22.622899829541215,50.5760360185133,1.126388277675024,1.1259198637491685
2026-10-02T16:01:56.307376+00:00,GBP_USD,1.323,buy,none,0,567.2463,0.0,-1,daily loss limit reached,21.31173953401543,52.59283896147421,1.3233699990277772,1.3228293289011885
2026-10-02T16:21:29.598659+00:00,XAU_USD,4134.97,sell,none,0,567.2463,0.0,-1,daily loss limit reached,22.798696371647026,31.85440107922831,4150.311432607299,4166.011898798205
2026-10-02T16:21:29.832697+00:00,EUR_USD,1.12554,buy,none,0,567.2463,0.0,-1,daily loss limit reached,21.135274504474904,48.66238913252437,1.1262186221400192,1.1258853306810623
2026-10-02T16:21:30.779704+00:00,GBP_USD,1.32309,buy,none,0,567.2463,0.0,-1,daily loss limit reached,20.571623212978235,53.10242351934769,1.3233139992222218,1.3228530262738079
2026-10-02T16:39:21.023956+00:00,XAU_USD,4136.28,sell,none,0,567.2463,0.0,-1,daily loss limit reached,23.29644683587545,32.7839058992481,4147.505146085839,4163.308998907459
2026-10-02T16:39:21.221363+00:00,EUR_USD,1.12512,buy,none,0,567.2463,0.0,-1,daily loss limit reached,20.062010557827406,45.95066921007033,1.1259988977120154,1.125815755164602
2026-10-02T16:39:21.554871+00:00,GBP_USD,1.32256,buy,none,0,567.2463,0.0,-1,daily loss limit reached,19.577051097074186,49.713478623801116,1.3231631993777775,1.3228263875216435
2026-10-02T16:55:09.393142+00:00,XAU_USD,4135.48,sell,none,0,567.2463,0.0,-1,daily loss limit reached,23.749781101640984,32.492432162358085,4145.100116868672,4160.779089915872
2026-10-02T16:55:10.239744+00:00,EUR_USD,1.1252,buy,none,0,567.2463,0.0,-1,daily loss limit reached,19.065408321654733,46.56151407766424,1.1258391181696124,1.1257597774223653
2026-10-02T16:55:10.904480+00:00,GBP_USD,1.3225,buy,none,0,567.2463,0.0,-1,daily loss limit reached,18.602957361780994,49.329666745899274,1.323030559502222,1.3227967159287668
2026-10-02T17:09:29.368085+00:00,XAU_USD,4138.925,sell,none,0,567.2463,0.0,-1,daily loss limit reached,24.170734348423267,35.16561138505655,4143.865093494937,4158.792354468974
2026-10-02T17:09:29.635936+00:00,EUR_USD,1.12566,buy,none,0,567.2463,0.0,-1,daily loss limit reached,17.956998624412833,50.05670066657429,1.12580329453569,1.1257507067476047
2026-10-02T17:09:29.894899+00:00,GBP_USD,1.3232,buy,none,0,567.2463,0.0,-1,daily loss limit reached,18.219013624852472,53.81012577357254,1.3230644476017777,1.3228333781170607
2026-10-02T17:28:20.095154+00:00,XAU_USD,4136.145,sell,none,0,567.2463,0.0,-1,daily loss limit reached,24.13829172004286,33.99573414273016,4142.32107479595,4156.733504062703
2026-10-02T17:28:20.314835+00:00,EUR_USD,1.12582,buy,none,0,567.2463,0.0,-1,daily loss limit reached,16.927761048402473,51.251041810984205,1.1258066356285519,1.125757006134186
2026-10-02T17:28:20.572903+00:00,GBP_USD,1.3235,buy,none,0,567.2463,0.0,-1,daily loss limit reached,18.08526835779081,55.62126391621521,1.3231515580814222,1.3228939801064188
2026-10-02T17:44:38.967845+00:00,XAU_USD,4133.985,sell,none,0,567.2463,0.0,-1,daily loss limit reached,24.40523813357032,33.07503843921603,4140.653859836761,4154.665458238821
2026-10-02T17:44:39.921185+00:00,EUR_USD,1.1252,sell,none,0,567.2463,0.0,-1,daily loss limit reached,15.951476183765738,46.60055279116285,1.1256853085028415,1.1257063692128961
2026-10-02T17:44:40.327868+00:00,GBP_USD,1.32321,buy,none,0,567.2463,0.0,-1,daily loss limit reached,18.10090367395263,53.43988197190541,1.3231632464651377,1.3229227091876534
2026-10-02T17:57:42.595153+00:00,XAU_USD,4137.79,sell,none,0,567.2463,0.0,-1,daily loss limit reached,24.5442048027965,36.345481002676635,4140.081087869408,4153.131325671655
2026-10-02T17:57:42.962709+00:00,EUR_USD,1.12546,sell,none,0,567.2463,0.0,-1,daily loss limit reached,15.044925952317357,48.70267046734818,1.1256402468022733,1.1256839720117238
2026-10-02T17:57:43.405196+00:00,GBP_USD,1.32376,buy,none,0,567.2463,0.0,-1,daily loss limit reached,18.226393620690363,56.89282783766087,1.3232825971721103,1.3229988265342303
2026-10-02T18:18:55.646062+00:00,XAU_USD,4140.135,sell,none,0,567.2463,0.0,-1,daily loss limit reached,24.620798004487497,38.61502418723486,4139.672496236422,4150.654690637732
2026-10-02T18:18:56.565827+00:00,EUR_USD,1.12526,none,none,0,567.2463,0.0,-1,no signal,13.269693858397712,47.06796509660121,1.1255433579534548,1.1256310512493584
2026-10-02T18:18:56.757798+00:00,GBP_USD,1.3236,buy,none,0,567.2463,0.0,-1,daily loss limit reached,18.89450356711296,55.50406792771612,1.323422462190151,1.3231163855654795
2026-10-02T18:40:17.475793+00:00,XAU_USD,4140.0,sell,none,0,567.2463,0.0,-1,daily loss limit reached,24.58174346591595,38.53512574692014,4139.737996989138,4149.686082397938
2026-10-02T18:40:17.967087+00:00,EUR_USD,1.12526,none,none,0,567.2463,0.0,-1,no signal,12.683649113558735,47.06796509660121,1.125486686362764,1.1255973193175985
2026-10-02T18:40:18.408027+00:00,GBP_USD,1.32368,buy,none,0,567.2463,0.0,-1,daily loss limit reached,18.85573154615588,56.08133064766624,1.323473969752121,1.323167623241345
2026-10-02T18:56:37.901821+00:00,XAU_USD,4142.4,sell,none,0,567.2463,0.0,-1,daily loss limit reached,24.18086698293703,40.87719211949673,4140.27039759131,4149.023711270853
2026-10-02T18:56:38.606296+00:00,EUR_USD,1.12512,none,none,0,567.2463,0.0,-1,no signal,12.13946470763683,45.82605821501259,1.1254133490902112,1.1255539266523622
2026-10-02T18:56:38.850937+00:00,GBP_USD,1.32372,buy,none,0,567.2463,0.0,-1,daily loss limit reached,18.860207505205484,56.386003511486294,1.323523175801697,1.3232178393103136
2026-10-02T19:12:58.281944+00:00,XAU_USD,4146.505,sell,none,0,567.2463,0.0,-1,daily loss limit reached,23.206893136846283,44.754712108009876,4141.517318073048,4148.794737518957
2026-10-02T19:12:59.213054+00:00,EUR_USD,1.12518,none,none,0,567.2463,0.0,-1,no signal,12.000363872298523,46.47784433198025,1.125366679272169,1.1255199333203294
2026-10-02T19:12:59.541343+00:00,GBP_USD,1.3239,buy,none,0,567.2463,0.0,-1,daily loss limit reached,19.27961751465546,57.804562161251795,1.3235985406413577,1.3232798539184667
2026-10-02T19:31:11.297146+00:00,XAU_USD,4148.52,sell,none,0,567.2463,0.0,-1,daily loss limit reached,20.661994551592382,46.63229058751591,4144.119083566751,4148.78879133798
2026-10-02T19:31:12.870582+00:00,EUR_USD,1.12585,none,none,0,567.2463,0.0,-1,no signal,11.126417306114535,53.49260155110113,1.1254814747341884,1.12554663910771
2026-10-02T19:31:13.246035+00:00,GBP_USD,1.3247,buy,none,0,567.2463,0.0,-1,daily loss limit reached,21.482620810853284,63.653317788275636,1.3239390660104688,1.3234973999326172
2026-10-02T19:48:05.789113+00:00,XAU_USD,4142.895,sell,none,0,567.2463,0.0,-1,daily loss limit reached,19.79530363380527,42.13926968170401,4143.874266853401,4148.252992125436
2026-10-02T19:48:07.019741+00:00,EUR_USD,1.12585,none,none,0,567.2463,0.0,-1,no signal,10.901654619835332,53.49260155110113,1.1255551797873509,1.1255742173706453
2026-10-02T19:48:07.409012+00:00,GBP_USD,1.32469,buy,none,0,567.2463,0.0,-1,daily loss limit reached,22.734794272152687,63.52981413115278,1.324089252808375,1.323605818120561
2026-10-02T19:59:48.243622+00:00,XAU_USD,4142.895,sell,none,0,567.2463,0.0,-1,daily loss limit reached,19.79530363380527,42.13926968170401,4143.874266853401,4148.252992125436
2026-10-02T19:59:48.578793+00:00,EUR_USD,1.12585,none,none,0,567.2463,0.0,-1,no signal,10.901654619835332,53.49260155110113,1.1255551797873509,1.1255742173706453
2026-10-02T19:59:49.122952+00:00,GBP_USD,1.32469,buy,none,0,567.2463,0.0,-1,daily loss limit reached,22.734794272152687,63.52981413115278,1.324089252808375,1.323605818120561
2026-10-02T20:18:20.068042+00:00,XAU_USD,4143.36,sell,none,0,567.2463,0.0,-1,daily loss limit reached,18.787874512113248,43.426760860803576,4144.398730786177,4147.770324070609
2026-10-02T20:18:20.859450+00:00,EUR_USD,1.12552,none,none,0,567.2463,0.0,-1,no signal,9.567837032667184,49.404458548401735,1.1255905150639045,1.1255896011327646
2026-10-02T20:18:21.178711+00:00,GBP_USD,1.32438,buy,none,0,567.2463,0.0,-1,daily loss limit reached,23.378100716690486,59.440712723931355,1.3242339217973602,1.3237608414219513
2026-10-02T20:34:43.552267+00:00,XAU_USD,4143.49,sell,none,0,567.2463,0.0,-1,daily loss limit reached,18.29639484598742,43.559955761321156,4144.216984628942,4147.381203700553
2026-10-02T20:34:43.723907+00:00,EUR_USD,1.12545,none,none,0,567.2463,0.0,-1,no signal,9.48578451960672,48.551297009569446,1.1255624120511236,1.125576910120695
2026-10-02T20:34:44.555995+00:00,GBP_USD,1.32432,buy,none,0,567.2463,0.0,-1,daily loss limit reached,23.523868132888495,58.642927226726265,1.3242511374378882,1.3238116740199557
2026-10-02T20:50:52.229473+00:00,XAU_USD,4138.64,sell,none,0,567.2463,0.0,-1,daily loss limit reached,18.394148846419213,39.79556818083857,4143.101587703153,4146.586548818685
2026-10-02T20:50:52.934984+00:00,EUR_USD,1.12512,none,none,0,567.2463,0.0,-1,no signal,9.409592900336362,44.63777113680714,1.1254739296408989,1.1255353728369955
2026-10-02T20:50:53.130657+00:00,GBP_USD,1.32395,buy,none,0,567.2463,0.0,-1,daily loss limit reached,23.13233759425261,53.843691182555446,1.3241909099503106,1.3238242491090504
2026-10-02T21:01:41.352136+00:00,XAU_USD,4140.52,sell,none,0,567.2463,0.0,-1,daily loss limit reached,18.844351703865527,41.89182706538872,4142.585270162523,4146.035044380622
2026-10-02T21:01:41.607510+00:00,EUR_USD,1.12524,none,none,0,567.2463,0.0,-1,no signal,9.54840450794791,46.33185893821955,1.1254271437127192,1.1255085207609048
2026-10-02T21:01:41.931727+00:00,GBP_USD,1.32405,buy,none,0,567.2463,0.0,-1,daily loss limit reached,22.30971221624736,54.91754940038116,1.3241627279602486,1.3238447719173185
2026-10-02T21:19:57.643115+00:00,XAU_USD,4140.52,sell,none,0,567.2463,0.0,-1,daily loss limit reached,18.844351703865527,41.89182706538872,4142.585270162523,4146.035044380622
2026-10-02T21:19:58.024269+00:00,EUR_USD,1.12524,none,none,0,567.2463,0.0,-1,no signal,9.54840450794791,46.33185893821955,1.1254271437127192,1.1255085207609048
2026-10-02T21:19:58.427633+00:00,GBP_USD,1.32405,buy,none,0,567.2463,0.0,-1,daily loss limit reached,22.30971221624736,54.91754940038116,1.3241627279602486,1.3238447719173185
2026-10-02T21:35:36.297521+00:00,XAU_USD,4140.52,sell,none,0,567.2463,0.0,-1,daily loss limit reached,18.844351703865527,41.89182706538872,4142.585270162523,4146.035044380622
2026-10-02T21:35:36.548035+00:00,EUR_USD,1.12524,none,none,0,567.2463,0.0,-1,no signal,9.54840450794791,46.33185893821955,1.1254271437127192,1.1255085207609048
2026-10-02T21:35:36.889735+00:00,GBP_USD,1.32405,buy,none,0,567.2463,0.0,-1,daily loss limit reached,22.30971221624736,54.91754940038116,1.3241627279602486,1.3238447719173185
2026-10-02T23:29:28.052636+00:00,XAU_USD,4140.52,sell,none,0,567.2463,0.0,-1,daily loss limit reached,18.844351703865527,41.89182706538872,4142.585270162523,4146.035044380622
2026-10-02T23:29:28.918439+00:00,EUR_USD,1.12524,none,none,0,567.2463,0.0,-1,no signal,9.54840450794791,46.33185893821955,1.1254271437127192,1.1255085207609048
2026-10-02T23:29:29.813565+00:00,GBP_USD,1.32405,buy,none,0,567.2463,0.0,-1,daily loss limit reached,22.30971221624736,54.91754940038116,1.3241627279602486,1.3238447719173185
2026-10-02T23:43:49.491116+00:00,XAU_USD,4140.52,sell,none,0,567.2463,0.0,-1,daily loss limit reached,18.844351703865527,41.89182706538872,4142.585270162523,4146.035044380622
2026-10-02T23:43:49.850045+00:00,EUR_USD,1.12524,none,none,0,567.2463,0.0,-1,no signal,9.54840450794791,46.33185893821955,1.1254271437127192,1.1255085207609048
2026-10-02T23:43:50.269199+00:00,GBP_USD,1.32405,buy,none,0,567.2463,0.0,-1,daily loss limit reached,22.30971221624736,54.91754940038116,1.3241627279602486,1.3238447719173185
2026-10-02T23:54:46.442836+00:00,XAU_USD,4140.52,sell,none,0,567.2463,0.0,-1,daily loss limit reached,18.844351703865527,41.89182706538872,4142.585270162523,4146.035044380622
2026-10-02T23:54:46.739252+00:00,EUR_USD,1.12524,none,none,0,567.2463,0.0,-1,no signal,9.54840450794791,46.33185893821955,1.1254271437127192,1.1255085207609048
2026-10-02T23:54:47.181283+00:00,GBP_USD,1.32405,buy,none,0,567.2463,0.0,-1,daily loss limit reached,22.30971221624736,54.91754940038116,1.3241627279602486,1.3238447719173185
2026-10-03T00:11:26.008934+00:00,XAU_USD,4140.52,sell,none,0,567.2463,0.0,-1,sell order REJECTED by OANDA: MARKET_HALTED,18.844351703865527,41.89182706538872,4142.585270162523,4146.035044380622
2026-10-03T00:11:26.270574+00:00,EUR_USD,1.12524,none,none,0,567.2463,0.0,-1,no signal,9.54840450794791,46.33185893821955,1.1254271437127192,1.1255085207609048
2026-10-03T00:11:26.450331+00:00,GBP_USD,1.32405,buy,none,0,567.2463,0.0,-1,buy order REJECTED by OANDA: MARKET_HALTED,22.30971221624736,54.91754940038116,1.3241627279602486,1.3238447719173185
2026-10-03T00:35:25.578531+00:00,XAU_USD,4140.52,sell,none,0,567.2463,0.0,-1,sell order REJECTED by OANDA: MARKET_HALTED,18.844351703865527,41.89182706538872,4142.585270162523,4146.035044380622
2026-10-03T00:35:25.839830+00:00,EUR_USD,1.12524,none,none,0,567.2463,0.0,-1,no signal,9.54840450794791,46.33185893821955,1.1254271437127192,1.1255085207609048
2026-10-03T00:35:26.127033+00:00,GBP_USD,1.32405,buy,none,0,567.2463,0.0,-1,buy order REJECTED by OANDA: MARKET_HALTED,22.30971221624736,54.91754940038116,1.3241627279602486,1.3238447719173185
2026-10-03T00:53:56.239420+00:00,XAU_USD,4140.52,sell,none,0,567.2463,0.0,-1,sell order REJECTED by OANDA: MARKET_HALTED,18.844351703865527,41.89182706538872,4142.585270162523,4146.035044380622
2026-10-03T00:53:56.633480+00:00,EUR_USD,1.12524,none,none,0,567.2463,0.0,-1,no signal,9.54840450794791,46.33185893821955,1.1254271437127192,1.1255085207609048
2026-10-03T00:53:57.059377+00:00,GBP_USD,1.32405,buy,none,0,567.2463,0.0,-1,buy order REJECTED by OANDA: MARKET_HALTED,22.30971221624736,54.91754940038116,1.3241627279602486,1.3238447719173185
2026-10-03T01:07:13.447093+00:00,XAU_USD,4140.52,sell,none,0,567.2463,0.0,-1,sell order REJECTED by OANDA: MARKET_HALTED,18.844351703865527,41.89182706538872,4142.585270162523,4146.035044380622
2026-10-03T01:07:13.783261+00:00,EUR_USD,1.12524,none,none,0,567.2463,0.0,-1,no signal,9.54840450794791,46.33185893821955,1.1254271437127192,1.1255085207609048
2026-10-03T01:07:14.201521+00:00,GBP_USD,1.32405,buy,none,0,567.2463,0.0,-1,buy order REJECTED by OANDA: MARKET_HALTED,22.30971221624736,54.91754940038116,1.3241627279602486,1.3238447719173185
2026-10-03T01:23:57.278137+00:00,XAU_USD,4140.52,sell,none,0,567.2463,0.0,-1,sell order REJECTED by OANDA: MARKET_HALTED,18.844351703865527,41.89182706538872,4142.585270162523,4146.035044380622
2026-10-03T01:23:57.681247+00:00,EUR_USD,1.12524,none,none,0,567.2463,0.0,-1,no signal,9.54840450794791,46.33185893821955,1.1254271437127192,1.1255085207609048
2026-10-03T01:23:58.224366+00:00,GBP_USD,1.32405,buy,none,0,567.2463,0.0,-1,buy order REJECTED by OANDA: MARKET_HALTED,22.30971221624736,54.91754940038116,1.3241627279602486,1.3238447719173185
2026-10-03T01:39:40.604991+00:00,XAU_USD,4140.52,sell,none,0,567.2463,0.0,-1,sell order REJECTED by OANDA: MARKET_HALTED,18.844351703865527,41.89182706538872,4142.585270162523,4146.035044380622
2026-10-03T01:39:40.942092+00:00,EUR_USD,1.12524,none,none,0,567.2463,0.0,-1,no signal,9.54840450794791,46.33185893821955,1.1254271437127192,1.1255085207609048
2026-10-03T01:39:41.436355+00:00,GBP_USD,1.32405,buy,none,0,567.2463,0.0,-1,buy order REJECTED by OANDA: MARKET_HALTED,22.30971221624736,54.91754940038116,1.3241627279602486,1.3238447719173185
2026-10-03T01:52:40.409074+00:00,XAU_USD,4140.52,sell,none,0,567.2463,0.0,-1,sell order REJECTED by OANDA: MARKET_HALTED,18.844351703865527,41.89182706538872,4142.585270162523,4146.035044380622
2026-10-03T01:52:40.868807+00:00,EUR_USD,1.12524,none,none,0,567.2463,0.0,-1,no signal,9.54840450794791,46.33185893821955,1.1254271437127192,1.1255085207609048
2026-10-03T01:52:41.328794+00:00,GBP_USD,1.32405,buy,none,0,567.2463,0.0,-1,buy order REJECTED by OANDA: MARKET_HALTED,22.30971221624736,54.91754940038116,1.3241627279602486,1.3238447719173185
2026-10-03T02:03:25.274830+00:00,XAU_USD,4140.52,sell,none,0,567.2463,0.0,-1,sell order REJECTED by OANDA: MARKET_HALTED,18.844351703865527,41.89182706538872,4142.585270162523,4146.035044380622
2026-10-03T02:03:25.587486+00:00,EUR_USD,1.12524,none,none,0,567.2463,0.0,-1,no signal,9.54840450794791,46.33185893821955,1.1254271437127192,1.1255085207609048
2026-10-03T02:03:26.310903+00:00,GBP_USD,1.32405,buy,none,0,567.2463,0.0,-1,buy order REJECTED by OANDA: MARKET_HALTED,22.30971221624736,54.91754940038116,1.3241627279602486,1.3238447719173185
2026-10-03T02:23:07.816954+00:00,XAU_USD,4140.52,sell,none,0,567.2463,0.0,-1,sell order REJECTED by OANDA: MARKET_HALTED,18.844351703865527,41.89182706538872,4142.585270162523,4146.035044380622
2026-10-03T02:23:08.192243+00:00,EUR_USD,1.12524,none,none,0,567.2463,0.0,-1,no signal,9.54840450794791,46.33185893821955,1.1254271437127192,1.1255085207609048
2026-10-03T02:23:08.630478+00:00,GBP_USD,1.32405,buy,none,0,567.2463,0.0,-1,buy order REJECTED by OANDA: MARKET_HALTED,22.30971221624736,54.91754940038116,1.3241627279602486,1.3238447719173185
2026-10-03T02:48:16.458373+00:00,XAU_USD,4140.52,sell,none,0,567.2463,0.0,-1,sell order REJECTED by OANDA: MARKET_HALTED,18.844351703865527,41.89182706538872,4142.585270162523,4146.035044380622
2026-10-03T02:48:17.335016+00:00,EUR_USD,1.12524,none,none,0,567.2463,0.0,-1,no signal,9.54840450794791,46.33185893821955,1.1254271437127192,1.1255085207609048
2026-10-03T02:48:17.747518+00:00,GBP_USD,1.32405,buy,none,0,567.2463,0.0,-1,buy order REJECTED by OANDA: MARKET_HALTED,22.30971221624736,54.91754940038116,1.3241627279602486,1.3238447719173185
2026-10-03T03:11:38.262290+00:00,XAU_USD,4140.52,sell,none,0,567.2463,0.0,-1,sell order REJECTED by OANDA: MARKET_HALTED,18.844351703865527,41.89182706538872,4142.585270162523,4146.035044380622
2026-10-03T03:11:38.465007+00:00,EUR_USD,1.12524,none,none,0,567.2463,0.0,-1,no signal,9.54840450794791,46.33185893821955,1.1254271437127192,1.1255085207609048
2026-10-03T03:11:38.706012+00:00,GBP_USD,1.32405,buy,none,0,567.2463,0.0,-1,buy order REJECTED by OANDA: MARKET_HALTED,22.30971221624736,54.91754940038116,1.3241627279602486,1.3238447719173185
2026-10-03T03:36:02.292504+00:00,XAU_USD,4140.52,sell,none,0,567.2463,0.0,-1,sell order REJECTED by OANDA: MARKET_HALTED,18.844351703865527,41.89182706538872,4142.585270162523,4146.035044380622
2026-10-03T03:36:02.933238+00:00,EUR_USD,1.12524,none,none,0,567.2463,0.0,-1,no signal,9.54840450794791,46.33185893821955,1.1254271437127192,1.1255085207609048
2026-10-03T03:36:03.207662+00:00,GBP_USD,1.32405,buy,none,0,567.2463,0.0,-1,buy order REJECTED by OANDA: MARKET_HALTED,22.30971221624736,54.91754940038116,1.3241627279602486,1.3238447719173185
2026-10-03T03:59:41.962422+00:00,XAU_USD,4140.52,sell,none,0,567.2463,0.0,-1,sell order REJECTED by OANDA: MARKET_HALTED,18.844351703865527,41.89182706538872,4142.585270162523,4146.035044380622
2026-10-03T03:59:42.272314+00:00,EUR_USD,1.12524,none,none,0,567.2463,0.0,-1,no signal,9.54840450794791,46.33185893821955,1.1254271437127192,1.1255085207609048
2026-10-03T03:59:42.688440+00:00,GBP_USD,1.32405,buy,none,0,567.2463,0.0,-1,buy order REJECTED by OANDA: MARKET_HALTED,22.30971221624736,54.91754940038116,1.3241627279602486,1.3238447719173185
2026-10-03T04:19:30.082008+00:00,XAU_USD,4140.52,sell,none,0,567.2463,0.0,-1,sell order REJECTED by OANDA: MARKET_HALTED,18.844351703865527,41.89182706538872,4142.585270162523,4146.035044380622
2026-10-03T04:19:30.285397+00:00,EUR_USD,1.12524,none,none,0,567.2463,0.0,-1,no signal,9.54840450794791,46.33185893821955,1.1254271437127192,1.1255085207609048
2026-10-03T04:19:30.557398+00:00,GBP_USD,1.32405,buy,none,0,567.2463,0.0,-1,buy order REJECTED by OANDA: MARKET_HALTED,22.30971221624736,54.91754940038116,1.3241627279602486,1.3238447719173185
2026-10-03T04:36:27.324297+00:00,XAU_USD,4140.52,sell,none,0,567.2463,0.0,-1,sell order REJECTED by OANDA: MARKET_HALTED,18.844351703865527,41.89182706538872,4142.585270162523,4146.035044380622
2026-10-03T04:36:27.654899+00:00,EUR_USD,1.12524,none,none,0,567.2463,0.0,-1,no signal,9.54840450794791,46.33185893821955,1.1254271437127192,1.1255085207609048
2026-10-03T04:36:27.917923+00:00,GBP_USD,1.32405,buy,none,0,567.2463,0.0,-1,buy order REJECTED by OANDA: MARKET_HALTED,22.30971221624736,54.91754940038116,1.3241627279602486,1.3238447719173185
2026-10-03T04:51:21.377975+00:00,XAU_USD,4140.52,sell,none,0,567.2463,0.0,-1,sell order REJECTED by OANDA: MARKET_HALTED,18.844351703865527,41.89182706538872,4142.585270162523,4146.035044380622
2026-10-03T04:51:21.573109+00:00,EUR_USD,1.12524,none,none,0,567.2463,0.0,-1,no signal,9.54840450794791,46.33185893821955,1.1254271437127192,1.1255085207609048
2026-10-03T04:51:21.779489+00:00,GBP_USD,1.32405,buy,none,0,567.2463,0.0,-1,buy order REJECTED by OANDA: MARKET_HALTED,22.30971221624736,54.91754940038116,1.3241627279602486,1.3238447719173185
2026-10-03T05:01:26.998657+00:00,XAU_USD,4140.52,sell,none,0,567.2463,0.0,-1,sell order REJECTED by OANDA: MARKET_HALTED,18.844351703865527,41.89182706538872,4142.585270162523,4146.035044380622
2026-10-03T05:01:27.130894+00:00,EUR_USD,1.12524,none,none,0,567.2463,0.0,-1,no signal,9.54840450794791,46.33185893821955,1.1254271437127192,1.1255085207609048
2026-10-03T05:01:28.630431+00:00,GBP_USD,1.32405,buy,none,0,567.2463,0.0,-1,buy order REJECTED by OANDA: MARKET_HALTED,22.30971221624736,54.91754940038116,1.3241627279602486,1.3238447719173185
2026-10-03T05:25:42.353057+00:00,XAU_USD,4140.52,sell,none,0,567.2463,0.0,-1,sell order REJECTED by OANDA: MARKET_HALTED,18.844351703865527,41.89182706538872,4142.585270162523,4146.035044380622
2026-10-03T05:25:42.705083+00:00,EUR_USD,1.12524,none,none,0,567.2463,0.0,-1,no signal,9.54840450794791,46.33185893821955,1.1254271437127192,1.1255085207609048
2026-10-03T05:25:43.235332+00:00,GBP_USD,1.32405,buy,none,0,567.2463,0.0,-1,buy order REJECTED by OANDA: MARKET_HALTED,22.30971221624736,54.91754940038116,1.3241627279602486,1.3238447719173185
2026-10-03T05:46:30.026601+00:00,XAU_USD,4140.52,sell,none,0,567.2463,0.0,-1,sell order REJECTED by OANDA: MARKET_HALTED,18.844351703865527,41.89182706538872,4142.585270162523,4146.035044380622
2026-10-03T05:46:30.474178+00:00,EUR_USD,1.12524,none,none,0,567.2463,0.0,-1,no signal,9.54840450794791,46.33185893821955,1.1254271437127192,1.1255085207609048
2026-10-03T05:46:31.446782+00:00,GBP_USD,1.32405,buy,none,0,567.2463,0.0,-1,buy order REJECTED by OANDA: MARKET_HALTED,22.30971221624736,54.91754940038116,1.3241627279602486,1.3238447719173185
2026-10-03T06:04:57.015900+00:00,XAU_USD,4140.52,sell,none,0,567.2463,0.0,-1,sell order REJECTED by OANDA: MARKET_HALTED,18.844351703865527,41.89182706538872,4142.585270162523,4146.035044380622
2026-10-03T06:04:57.230603+00:00,EUR_USD,1.12524,none,none,0,567.2463,0.0,-1,no signal,9.54840450794791,46.33185893821955,1.1254271437127192,1.1255085207609048
2026-10-03T06:04:57.434275+00:00,GBP_USD,1.32405,buy,none,0,567.2463,0.0,-1,buy order REJECTED by OANDA: MARKET_HALTED,22.30971221624736,54.91754940038116,1.3241627279602486,1.3238447719173185
2026-10-03T06:30:00.825768+00:00,XAU_USD,4140.52,sell,none,0,567.2463,0.0,-1,sell order REJECTED by OANDA: MARKET_HALTED,18.844351703865527,41.89182706538872,4142.585270162523,4146.035044380622
2026-10-03T06:30:01.008503+00:00,EUR_USD,1.12524,none,none,0,567.2463,0.0,-1,no signal,9.54840450794791,46.33185893821955,1.1254271437127192,1.1255085207609048
2026-10-03T06:30:01.185029+00:00,GBP_USD,1.32405,buy,none,0,567.2463,0.0,-1,buy order REJECTED by OANDA: MARKET_HALTED,22.30971221624736,54.91754940038116,1.3241627279602486,1.3238447719173185
2026-10-03T07:00:41.733838+00:00,XAU_USD,4140.52,sell,none,0,567.2463,0.0,-1,sell order REJECTED by OANDA: MARKET_HALTED,18.844351703865527,41.89182706538872,4142.585270162523,4146.035044380622
2026-10-03T07:00:42.171214+00:00,EUR_USD,1.12524,none,none,0,567.2463,0.0,-1,no signal,9.54840450794791,46.33185893821955,1.1254271437127192,1.1255085207609048
2026-10-03T07:00:42.702026+00:00,GBP_USD,1.32405,buy,none,0,567.2463,0.0,-1,buy order REJECTED by OANDA: MARKET_HALTED,22.30971221624736,54.91754940038116,1.3241627279602486,1.3238447719173185
2026-10-03T07:20:32.344227+00:00,XAU_USD,4140.52,sell,none,0,567.2463,0.0,-1,sell order REJECTED by OANDA: MARKET_HALTED,18.844351703865527,41.89182706538872,4142.585270162523,4146.035044380622
2026-10-03T07:20:33.097326+00:00,EUR_USD,1.12524,none,none,0,567.2463,0.0,-1,no signal,9.54840450794791,46.33185893821955,1.1254271437127192,1.1255085207609048
2026-10-03T07:20:33.382867+00:00,GBP_USD,1.32405,buy,none,0,567.2463,0.0,-1,buy order REJECTED by OANDA: MARKET_HALTED,22.30971221624736,54.91754940038116,1.3241627279602486,1.3238447719173185
2026-10-03T07:38:24.123961+00:00,XAU_USD,4140.52,sell,none,0,567.2463,0.0,-1,sell order REJECTED by OANDA: MARKET_HALTED,18.844351703865527,41.89182706538872,4142.585270162523,4146.035044380622
2026-10-03T07:38:24.304465+00:00,EUR_USD,1.12524,none,none,0,567.2463,0.0,-1,no signal,9.54840450794791,46.33185893821955,1.1254271437127192,1.1255085207609048
2026-10-03T07:38:24.471244+00:00,GBP_USD,1.32405,buy,none,0,567.2463,0.0,-1,buy order REJECTED by OANDA: MARKET_HALTED,22.30971221624736,54.91754940038116,1.3241627279602486,1.3238447719173185
2026-10-03T07:53:23.457549+00:00,XAU_USD,4140.52,sell,none,0,567.2463,0.0,-1,sell order REJECTED by OANDA: MARKET_HALTED,18.844351703865527,41.89182706538872,4142.585270162523,4146.035044380622
2026-10-03T07:53:23.706732+00:00,EUR_USD,1.12524,none,none,0,567.2463,0.0,-1,no signal,9.54840450794791,46.33185893821955,1.1254271437127192,1.1255085207609048
2026-10-03T07:53:23.956050+00:00,GBP_USD,1.32405,buy,none,0,567.2463,0.0,-1,buy order REJECTED by OANDA: MARKET_HALTED,22.30971221624736,54.91754940038116,1.3241627279602486,1.3238447719173185
2026-10-03T08:05:41.814189+00:00,XAU_USD,4140.52,sell,none,0,567.2463,0.0,-1,sell order REJECTED by OANDA: MARKET_HALTED,18.844351703865527,41.89182706538872,4142.585270162523,4146.035044380622
2026-10-03T08:05:42.013423+00:00,EUR_USD,1.12524,none,none,0,567.2463,0.0,-1,no signal,9.54840450794791,46.33185893821955,1.1254271437127192,1.1255085207609048
2026-10-03T08:05:42.256640+00:00,GBP_USD,1.32405,buy,none,0,567.2463,0.0,-1,buy order REJECTED by OANDA: MARKET_HALTED,22.30971221624736,54.91754940038116,1.3241627279602486,1.3238447719173185
2026-10-03T08:24:43.217674+00:00,XAU_USD,4140.52,sell,none,0,567.2463,0.0,-1,sell order REJECTED by OANDA: MARKET_HALTED,18.844351703865527,41.89182706538872,4142.585270162523,4146.035044380622
2026-10-03T08:24:43.422608+00:00,EUR_USD,1.12524,none,none,0,567.2463,0.0,-1,no signal,9.54840450794791,46.33185893821955,1.1254271437127192,1.1255085207609048
2026-10-03T08:24:43.792150+00:00,GBP_USD,1.32405,buy,none,0,567.2463,0.0,-1,buy order REJECTED by OANDA: MARKET_HALTED,22.30971221624736,54.91754940038116,1.3241627279602486,1.3238447719173185
2026-10-03T08:43:58.206161+00:00,XAU_USD,4140.52,sell,none,0,567.2463,0.0,-1,sell order REJECTED by OANDA: MARKET_HALTED,18.844351703865527,41.89182706538872,4142.585270162523,4146.035044380622
2026-10-03T08:43:58.446297+00:00,EUR_USD,1.12524,none,none,0,567.2463,0.0,-1,no signal,9.54840450794791,46.33185893821955,1.1254271437127192,1.1255085207609048
2026-10-03T08:43:58.665405+00:00,GBP_USD,1.32405,buy,none,0,567.2463,0.0,-1,buy order REJECTED by OANDA: MARKET_HALTED,22.30971221624736,54.91754940038116,1.3241627279602486,1.3238447719173185
2026-10-03T08:59:34.230089+00:00,XAU_USD,4140.52,sell,none,0,567.2463,0.0,-1,sell order REJECTED by OANDA: MARKET_HALTED,18.844351703865527,41.89182706538872,4142.585270162523,4146.035044380622
2026-10-03T08:59:34.621475+00:00,EUR_USD,1.12524,none,none,0,567.2463,0.0,-1,no signal,9.54840450794791,46.33185893821955,1.1254271437127192,1.1255085207609048
2026-10-03T08:59:35.548902+00:00,GBP_USD,1.32405,buy,none,0,567.2463,0.0,-1,buy order REJECTED by OANDA: MARKET_HALTED,22.30971221624736,54.91754940038116,1.3241627279602486,1.3238447719173185
2026-10-03T09:19:23.237465+00:00,XAU_USD,4140.52,sell,none,0,567.2463,0.0,-1,sell order REJECTED by OANDA: MARKET_HALTED,18.844351703865527,41.89182706538872,4142.585270162523,4146.035044380622
2026-10-03T09:19:23.381407+00:00,EUR_USD,1.12524,none,none,0,567.2463,0.0,-1,no signal,9.54840450794791,46.33185893821955,1.1254271437127192,1.1255085207609048
2026-10-03T09:19:23.689390+00:00,GBP_USD,1.32405,buy,none,0,567.2463,0.0,-1,buy order REJECTED by OANDA: MARKET_HALTED,22.30971221624736,54.91754940038116,1.3241627279602486,1.3238447719173185
2026-10-03T09:35:38.504490+00:00,XAU_USD,4140.52,sell,none,0,567.2463,0.0,-1,sell order REJECTED by OANDA: MARKET_HALTED,18.844351703865527,41.89182706538872,4142.585270162523,4146.035044380622
2026-10-03T09:35:39.348868+00:00,EUR_USD,1.12524,none,none,0,567.2463,0.0,-1,no signal,9.54840450794791,46.33185893821955,1.1254271437127192,1.1255085207609048
2026-10-03T09:35:39.741762+00:00,GBP_USD,1.32405,buy,none,0,567.2463,0.0,-1,buy order REJECTED by OANDA: MARKET_HALTED,22.30971221624736,54.91754940038116,1.3241627279602486,1.3238447719173185
2026-10-03T09:50:00.349886+00:00,XAU_USD,4140.52,sell,none,0,567.2463,0.0,-1,sell order REJECTED by OANDA: MARKET_HALTED,18.844351703865527,41.89182706538872,4142.585270162523,4146.035044380622
2026-10-03T09:50:00.578610+00:00,EUR_USD,1.12524,none,none,0,567.2463,0.0,-1,no signal,9.54840450794791,46.33185893821955,1.1254271437127192,1.1255085207609048
2026-10-03T09:50:00.905486+00:00,GBP_USD,1.32405,buy,none,0,567.2463,0.0,-1,buy order REJECTED by OANDA: MARKET_HALTED,22.30971221624736,54.91754940038116,1.3241627279602486,1.3238447719173185
2026-10-03T09:59:55.448006+00:00,XAU_USD,4140.52,sell,none,0,567.2463,0.0,-1,sell order REJECTED by OANDA: MARKET_HALTED,18.844351703865527,41.89182706538872,4142.585270162523,4146.035044380622
2026-10-03T09:59:55.766779+00:00,EUR_USD,1.12524,none,none,0,567.2463,0.0,-1,no signal,9.54840450794791,46.33185893821955,1.1254271437127192,1.1255085207609048
2026-10-03T09:59:56.272233+00:00,GBP_USD,1.32405,buy,none,0,567.2463,0.0,-1,buy order REJECTED by OANDA: MARKET_HALTED,22.30971221624736,54.91754940038116,1.3241627279602486,1.3238447719173185
2026-10-03T10:17:13.651363+00:00,XAU_USD,4140.52,sell,none,0,567.2463,0.0,-1,sell order REJECTED by OANDA: MARKET_HALTED,18.844351703865527,41.89182706538872,4142.585270162523,4146.035044380622
2026-10-03T10:17:13.903162+00:00,EUR_USD,1.12524,none,none,0,567.2463,0.0,-1,no signal,9.54840450794791,46.33185893821955,1.1254271437127192,1.1255085207609048
2026-10-03T10:17:14.669087+00:00,GBP_USD,1.32405,buy,none,0,567.2463,0.0,-1,buy order REJECTED by OANDA: MARKET_HALTED,22.30971221624736,54.91754940038116,1.3241627279602486,1.3238447719173185
2026-10-03T10:36:30.632063+00:00,XAU_USD,4140.52,sell,none,0,567.2463,0.0,-1,sell order REJECTED by OANDA: MARKET_HALTED,18.844351703865527,41.89182706538872,4142.585270162523,4146.035044380622
2026-10-03T10:36:30.789709+00:00,EUR_USD,1.12524,none,none,0,567.2463,0.0,-1,no signal,9.54840450794791,46.33185893821955,1.1254271437127192,1.1255085207609048
2026-10-03T10:36:31.052779+00:00,GBP_USD,1.32405,buy,none,0,567.2463,0.0,-1,buy order REJECTED by OANDA: MARKET_HALTED,22.30971221624736,54.91754940038116,1.3241627279602486,1.3238447719173185
2026-10-03T11:07:49.423935+00:00,XAU_USD,4140.52,sell,none,0,567.2463,0.0,-1,sell order REJECTED by OANDA: MARKET_HALTED,18.844351703865527,41.89182706538872,4142.585270162523,4146.035044380622
2026-10-03T11:07:49.796023+00:00,EUR_USD,1.12524,none,none,0,567.2463,0.0,-1,no signal,9.54840450794791,46.33185893821955,1.1254271437127192,1.1255085207609048
2026-10-03T11:07:50.095908+00:00,GBP_USD,1.32405,buy,none,0,567.2463,0.0,-1,buy order REJECTED by OANDA: MARKET_HALTED,22.30971221624736,54.91754940038116,1.3241627279602486,1.3238447719173185
2026-10-03T14:33:59.702663+00:00,XAU_USD,4140.52,sell,none,0,567.2463,0.0,-1,sell order REJECTED by OANDA: MARKET_HALTED,18.844351703865527,41.89182706538872,4142.585270162523,4146.035044380622
2026-10-03T14:33:59.838829+00:00,EUR_USD,1.12524,none,none,0,567.2463,0.0,-1,no signal,9.54840450794791,46.33185893821955,1.1254271437127192,1.1255085207609048
2026-10-03T14:34:00.027936+00:00,GBP_USD,1.32405,buy,none,0,567.2463,0.0,-1,buy order REJECTED by OANDA: MARKET_HALTED,22.30971221624736,54.91754940038116,1.3241627279602486,1.3238447719173185
2026-10-03T18:37:05.771436+00:00,XAU_USD,4140.52,sell,none,0,567.2463,0.0,-1,sell order REJECTED by OANDA: MARKET_HALTED,18.844351703865527,41.89182706538872,4142.585270162523,4146.035044380622
2026-10-03T18:37:06.743309+00:00,EUR_USD,1.12524,none,none,0,567.2463,0.0,-1,no signal,9.54840450794791,46.33185893821955,1.1254271437127192,1.1255085207609048
2026-10-03T18:37:07.167397+00:00,GBP_USD,1.32405,buy,none,0,567.2463,0.0,-1,buy order REJECTED by OANDA: MARKET_HALTED,22.30971221624736,54.91754940038116,1.3241627279602486,1.3238447719173185
2026-10-04T02:15:15.944621+00:00,XAU_USD,4140.52,sell,none,0,567.2463,0.0,-1,sell order REJECTED by OANDA: MARKET_HALTED,18.844351703865527,41.89182706538872,4142.585270162523,4146.035044380622
2026-10-04T02:15:17.351745+00:00,EUR_USD,1.12524,none,none,0,567.2463,0.0,-1,no signal,9.54840450794791,46.33185893821955,1.1254271437127192,1.1255085207609048
2026-10-04T02:15:17.771501+00:00,GBP_USD,1.32405,buy,none,0,567.2463,0.0,-1,buy order REJECTED by OANDA: MARKET_HALTED,22.30971221624736,54.91754940038116,1.3241627279602486,1.3238447719173185
2026-10-04T04:10:40.296162+00:00,XAU_USD,4140.52,sell,none,0,567.2463,0.0,-1,sell order REJECTED by OANDA: MARKET_HALTED,18.844351703865527,41.89182706538872,4142.585270162523,4146.035044380622
2026-10-04T04:10:40.645143+00:00,EUR_USD,1.12524,none,none,0,567.2463,0.0,-1,no signal,9.54840450794791,46.33185893821955,1.1254271437127192,1.1255085207609048
2026-10-04T04:10:41.536812+00:00,GBP_USD,1.32405,buy,none,0,567.2463,0.0,-1,buy order REJECTED by OANDA: MARKET_HALTED,22.30971221624736,54.91754940038116,1.3241627279602486,1.3238447719173185
2026-10-04T06:04:51.892886+00:00,XAU_USD,4140.52,sell,none,0,567.2463,0.0,-1,sell order REJECTED by OANDA: MARKET_HALTED,18.844351703865527,41.89182706538872,4142.585270162523,4146.035044380622
2026-10-04T06:04:52.634809+00:00,EUR_USD,1.12524,none,none,0,567.2463,0.0,-1,no signal,9.54840450794791,46.33185893821955,1.1254271437127192,1.1255085207609048
2026-10-04T06:04:53.138868+00:00,GBP_USD,1.32405,buy,none,0,567.2463,0.0,-1,buy order REJECTED by OANDA: MARKET_HALTED,22.30971221624736,54.91754940038116,1.3241627279602486,1.3238447719173185
2026-10-04T12:05:36.816633+00:00,XAU_USD,4140.52,sell,none,0,567.2463,0.0,-1,sell order REJECTED by OANDA: MARKET_HALTED,18.844351703865527,41.89182706538872,4142.585270162523,4146.035044380622
2026-10-04T12:05:37.107842+00:00,EUR_USD,1.12524,none,none,0,567.2463,0.0,-1,no signal,9.54840450794791,46.33185893821955,1.1254271437127192,1.1255085207609048
2026-10-04T12:05:37.408777+00:00,GBP_USD,1.32405,buy,none,0,567.2463,0.0,-1,buy order REJECTED by OANDA: MARKET_HALTED,22.30971221624736,54.91754940038116,1.3241627279602486,1.3238447719173185
2026-10-04T18:18:10.587028+00:00,XAU_USD,4140.52,sell,none,0,567.2463,0.0,-1,sell order REJECTED by OANDA: MARKET_HALTED,18.844351703865527,41.89182706538872,4142.585270162523,4146.035044380622
2026-10-04T18:18:10.764796+00:00,EUR_USD,1.12524,none,none,0,567.2463,0.0,-1,no signal,9.54840450794791,46.33185893821955,1.1254271437127192,1.1255085207609048
2026-10-04T18:18:10.966105+00:00,GBP_USD,1.32405,buy,none,0,567.2463,0.0,-1,buy order REJECTED by OANDA: MARKET_HALTED,22.30971221624736,54.91754940038116,1.3241627279602486,1.3238447719173185
2026-10-04T21:16:49.203272+00:00,XAU_USD,4140.52,sell,none,0,567.2463,0.0,-1,sell order REJECTED by OANDA: MARKET_HALTED,18.844351703865527,41.89182706538872,4142.585270162523,4146.035044380622
2026-10-04T21:16:49.355346+00:00,EUR_USD,1.12596,none,none,0,567.2463,0.0,-1,no signal,9.80635103111091,55.191543622988746,1.1255337149701754,1.1255495643280953
2026-10-04T21:16:49.603424+00:00,GBP_USD,1.32398,buy,buy,11567,567.2463,0.0,-1,buy order FILLED (margin-capped size),21.99297578349645,53.97096620339579,1.324126182368199,1.3238570653793804
2026-10-04T21:44:08.878072+00:00,XAU_USD,4140.52,sell,none,0,558.7755,0.0,-1,"computed 0 units — insufficient margin (available=177.49, needed for 2 units)",18.844351703865527,41.89182706538872,4142.585270162523,4146.035044380622
2026-10-04T21:44:09.541813+00:00,EUR_USD,1.12604,none,none,0,558.7755,0.0,-1,no signal,9.94080223387437,56.0595215253143,1.1256349719761405,1.1255941493891775
2026-10-04T21:44:10.197738+00:00,GBP_USD,1.32402,buy,none,0,558.7755,11567.0,-1,already in matching position,21.67423587493199,54.45407374251979,1.3241049458945593,1.3238718776176186
2026-10-04T21:58:28.419180+00:00,XAU_USD,4140.52,sell,none,0,560.7172,0.0,-1,"computed 0 units — insufficient margin (available=178.27, needed for 2 units)",18.844351703865527,41.89182706538872,4142.585270162523,4146.035044380622
2026-10-04T21:58:28.603918+00:00,EUR_USD,1.12604,none,none,0,560.7172,0.0,-1,no signal,10.065649779297585,56.0595215253143,1.1257159775809125,1.1256346812628886
2026-10-04T21:58:28.865363+00:00,GBP_USD,1.32402,buy,none,0,560.7171,11567.0,-1,already in matching position,21.694342010415294,54.45407374251979,1.3240879567156476,1.3238853432887443
2026-10-04T22:15:54.229144+00:00,XAU_USD,4141.065,sell,none,0,569.4937,0.0,-1,"computed 0 units — insufficient margin (available=184.65, needed for 2 units)",18.074114125382724,42.516685437065966,4142.281216130018,4145.583222164202
2026-10-04T22:15:54.659156+00:00,EUR_USD,1.12598,none,none,0,569.4937,0.0,-1,no signal,9.629665511240361,54.39987161028075,1.125731025651784,1.1256532902999077
2026-10-04T22:15:54.965837+00:00,GBP_USD,1.32481,buy,none,0,569.4937,11567.0,-1,already in matching position,22.483746709305922,63.64327472626423,1.3242166922980148,1.3239780523047473
2026-10-04T22:32:10.927230+00:00,XAU_USD,4141.34,sell,none,0,570.8763,0.0,-1,"computed 0 units — insufficient margin (available=185.87, needed for 2 units)",17.710188734028026,42.85063177171461,4142.0929729040145,4145.197474694729
2026-10-04T22:32:11.275437+00:00,EUR_USD,1.12586,none,none,0,570.9627,0.0,-1,no signal,9.46941964579097,52.8221478430156,1.1257568205214272,1.1256720820908253
2026-10-04T22:32:12.062413+00:00,GBP_USD,1.3249,buy,none,0,570.8762,11567.0,-1,already in matching position,23.301982593216962,64.52507620592155,1.3243533538384118,1.3240618657315883
2026-10-04T22:46:54.742492+00:00,XAU_USD,4143.07,sell,none,0,569.3208,0.0,-1,"computed 0 units — insufficient margin (available=184.47, needed for 2 units)",17.11393548404378,45.01474133401512,4142.288378323212,4145.004067904299
2026-10-04T22:46:54.945925+00:00,EUR_USD,1.12588,none,none,0,569.3208,0.0,-1,no signal,9.520942751327699,53.06646266422899,1.1257814564171418,1.1256909837189322
2026-10-04T22:46:55.321610+00:00,GBP_USD,1.32482,buy,none,0,569.3208,11567.0,-1,already in matching position,24.182631694024842,63.06094927292125,1.3244466830707295,1.3241307870287167
2026-10-04T22:59:03.751054+00:00,XAU_USD,4143.07,sell,none,0,568.8887,0.0,-1,"computed 0 units — insufficient margin (available=184.12, needed for 2 units)",17.11393548404378,45.01474133401512,4142.288378323212,4145.004067904299
2026-10-04T22:59:04.162706+00:00,EUR_USD,1.12588,none,none,0,568.8887,0.0,-1,no signal,9.520942751327699,53.06646266422899,1.1257814564171418,1.1256909837189322
2026-10-04T22:59:04.561416+00:00,GBP_USD,1.32482,buy,none,0,568.8887,11567.0,-1,already in matching position,24.182631694024842,63.06094927292125,1.3244466830707295,1.3241307870287167
2026-10-04T23:14:00.680354+00:00,XAU_USD,4147.78,sell,none,0,568.0243,0.0,-1,"computed 0 units — insufficient margin (available=183.08, needed for 2 units)",16.13453508410827,50.509505881669526,4143.38670265857,4145.256425367545
2026-10-04T23:14:01.156567+00:00,EUR_USD,1.12596,none,none,0,568.0243,0.0,-1,no signal,9.178470471704925,54.09059940377614,1.1258171651337134,1.1257154397444837
2026-10-04T23:14:01.520023+00:00,GBP_USD,1.32476,buy,none,0,568.0243,11567.0,-1,already in matching position,24.61546577517701,61.92601866246577,1.3245093464565838,1.3241879882079242
2026-10-04T23:29:00.624461+00:00,XAU_USD,4145.02,sell,none,0,566.6289,0.0,-1,"computed 0 units — insufficient margin (available=181.77, needed for 2 units)",15.095729671770542,47.513175288709824,4143.713362126857,4145.234932152313
2026-10-04T23:29:01.238127+00:00,EUR_USD,1.12556,none,none,0,566.7171,0.0,-1,no signal,9.572315124302309,48.40332079214845,1.1257657321069707,1.1257013088586216
2026-10-04T23:29:01.575362+00:00,GBP_USD,1.32459,buy,none,0,566.7171,11567.0,-1,already in matching position,24.398125707660192,58.702376386229396,1.324525477165267,1.3242245347344765
2026-10-04T23:44:30.864786+00:00,XAU_USD,4145.405,none,none,0,563.8055,0.0,-1,no signal,14.131124646028384,47.97678246333148,4144.051689701486,4145.250392865739
2026-10-04T23:44:31.065703+00:00,EUR_USD,1.12554,none,none,0,563.8055,0.0,-1,no signal,10.28918310914087,48.13082443635485,1.1257205856855768,1.1256866444169287
2026-10-04T23:44:31.454044+00:00,GBP_USD,1.3245,buy,none,0,563.8055,11567.0,-1,already in matching position,23.753254842922747,57.01035555949086,1.3245203817322135,1.3242495770313423
2026-10-04T23:55:39.111375+00:00,XAU_USD,4144.46,none,none,0,562.9229,0.0,-1,no signal,13.235419979267808,46.88216279048157,4144.133351761189,4145.178538968853
2026-10-04T23:55:39.965982+00:00,EUR_USD,1.12534,none,none,0,562.9229,0.0,-1,no signal,11.171434809633853,45.37957092969738,1.1256444685484615,1.125655131288117
2026-10-04T23:55:40.291040+00:00,GBP_USD,1.32417,buy,none,0,562.9229,11567.0,-1,already in matching position,22.6447052340762,51.18468200501406,1.3244503053857708,1.3242423427557657
2026-10-05T00:15:35.355809+00:00,XAU_USD,4149.095,none,none,0,563.0994,0.0,-1,no signal,13.005499059611013,52.8962004332959,4144.896345127162,4145.329742949465
2026-10-05T00:15:35.643839+00:00,EUR_USD,1.12486,none,none,0,562.8346,0.0,-1,no signal,13.58092859655017,39.6207751232025,1.1254548598710155,1.125565067180262
2026-10-05T00:15:40.445702+00:00,GBP_USD,1.32398,buy,none,0,562.8346,11567.0,-1,already in matching position,19.767522969681124,47.928071771848536,1.3243257954468934,1.3242199526907155
2026-10-05T00:44:42.868110+00:00,XAU_USD,4155.515,none,none,0,563.6289,0.0,-1,no signal,13.870621462906307,59.325161914394585,4147.0200761017295,4146.2556754086045
2026-10-05T00:44:43.216974+00:00,EUR_USD,1.12471,sell,sell,-4288,563.6289,0.0,-1,sell order FILLED (margin-capped size),15.387162149600936,37.958901460807354,1.1253058878968125,1.1254873338002382
2026-10-05T00:44:43.341917+00:00,GBP_USD,1.32398,buy,none,0,563.279,11567.0,-1,already in matching position,18.573879087797266,47.928071771848536,1.3242566363575148,1.3241981388097412
2026-10-05T01:03:52.849404+00:00,XAU_USD,4156.48,buy,none,0,562.2154,0.0,-1,"computed 0 units — insufficient margin (available=56.04, needed for 2 units)",15.558277631488906,59.41665944622889,4149.882448705107,4147.749566453392
2026-10-05T01:03:53.814728+00:00,EUR_USD,1.12434,sell,none,0,562.2154,-4288.0,-1,already in matching position,19.172465041181148,34.0258093342117,1.1249869682539602,1.1253030857853208
2026-10-05T01:03:54.765586+00:00,GBP_USD,1.32389,sell,sell,-1142,562.1272,11567.0,-1,sell order FILLED (margin-capped size),16.620953195273394,46.45123251604255,1.3241614472688095,1.3241636684378026
2026-10-05T01:22:43.727917+00:00,XAU_USD,4157.64,buy,none,0,560.0874,0.0,-1,"computed 0 units — insufficient margin (available=92.07, needed for 2 units)",16.95439063184936,60.4849056787379,4151.433958964086,4148.64869677581
2026-10-05T01:22:44.271864+00:00,EUR_USD,1.12381,sell,none,0,560.0874,-4288.0,-1,already in matching position,21.564164336845092,29.183563369900725,1.1247515746031682,1.125167350713928
2026-10-05T01:22:44.571830+00:00,GBP_USD,1.32348,sell,sell,-1878,560.0874,10425.0,-1,sell order FILLED (margin-capped size),16.835457950480816,40.27739923948869,1.3240251578150477,1.3241015167616386
2026-10-05T01:39:22.789105+00:00,XAU_USD,4156.37,buy,none,0,562.6277,0.0,-1,"computed 0 units — insufficient margin (available=157.02, needed for 2 units)",18.063570663737686,58.66425123939788,4152.421167171269,4149.350633432555
2026-10-05T01:39:23.058645+00:00,EUR_USD,1.12366,sell,none,0,562.6277,-4288.0,-1,already in matching position,24.06562826355229,27.970352228218132,1.1245332596825346,1.1250303188308437
2026-10-05T01:39:23.296642+00:00,GBP_USD,1.3236,sell,sell,-3203,562.6277,8547.0,-1,sell order FILLED (margin-capped size),17.262323349459052,42.678748828885496,1.3239401262520383,1.3240559243287624
2026-10-05T01:54:17.244664+00:00,XAU_USD,4152.72,buy,buy,1,563.5961,0.0,-1,buy order FILLED (margin-capped size),18.94819218264118,53.66457335819418,4152.480933737015,4149.656939484141
2026-10-05T01:54:17.500039+00:00,EUR_USD,1.12326,sell,sell,-5489,563.1764,0.0,-1,sell order FILLED (margin-capped size),26.58319532740397,24.98723887986803,1.1242786077460278,1.1248693807553123
2026-10-05T01:54:17.804273+00:00,GBP_USD,1.32352,sell,sell,-1488,562.8413,5344.0,-1,sell order FILLED (margin-capped size),17.394433033540203,41.48128526926104,1.3238561010016308,1.3240072039352384
2026-10-05T02:25:46.929560+00:00,XAU_USD,4160.39,buy,none,0,567.4049,1.0,-1,already in matching position,21.837739163807466,61.159367277244826,4155.32019759169,4151.515569821604
2026-10-05T02:25:47.107595+00:00,EUR_USD,1.12243,none,none,0,567.4049,0.0,-1,no signal,31.976744647582898,19.932889054996522,1.1237235089574578,1.124503041946539
2026-10-05T02:25:47.879180+00:00,GBP_USD,1.3228,sell,sell,-8373,567.4049,0.0,-1,sell order FILLED (margin-capped size),19.16815379468973,33.82320736978785,1.3236231046410438,1.3238737222605275
2026-10-05T02:44:10.866587+00:00,XAU_USD,4159.415,buy,none,0,563.3464,1.0,-1,"computed 0 units — insufficient margin (available=127.71, needed for 2 units)",22.45402133544831,59.73559472690787,4156.1391580733525,4152.233699837821
2026-10-05T02:44:11.408099+00:00,EUR_USD,1.12098,none,none,0,563.1935,0.0,-1,no signal,35.2562401299673,14.389903532204585,1.1231748071659662,1.1241827654059444
2026-10-05T02:44:12.087654+00:00,GBP_USD,1.32202,sell,none,0,563.0942,-8373.0,-1,already in matching position,21.73179462531261,27.37222647777473,1.323302483712835,1.3237052020550248
2026-10-05T02:59:29.468401+00:00,XAU_USD,4153.65,buy,none,0,559.488,0.0,-1,buy order REJECTED by OANDA: STOP_LOSS_ON_FILL_LOSS,22.181950767598323,52.02374399231511,4155.641326458683,4152.3624543980195
2026-10-05T02:59:29.818222+00:00,EUR_USD,1.1205,none,none,0,559.488,0.0,-1,no signal,38.470994236740545,13.092013606856085,1.122639845732773,1.1238479685508584
2026-10-05T02:59:30.680175+00:00,GBP_USD,1.32201,sell,none,0,559.488,0.0,-1,sell order REJECTED by OANDA: TAKE_PROFIT_ON_FILL_LOSS,24.11231825374815,27.300336384646528,1.3230439869702681,1.3235510927772953
2026-10-05T03:20:59.447877+00:00,XAU_USD,4137.95,sell,sell,-2,559.488,0.0,-1,sell order FILLED,21.432573097831465,37.482741215572325,4150.075648933557,4150.275995370263
2026-10-05T03:20:59.675295+00:00,EUR_USD,1.11788,none,none,0,558.6924,0.0,-1,no signal,45.463309360456925,16.194909072999536,1.120801501268975,1.122747742604015
2026-10-05T03:20:59.884734+00:00,GBP_USD,1.31992,none,none,0,558.6924,0.0,-1,no signal,31.10791577572195,20.19636046741617,1.3218777516609717,1.3228994155184257
2026-10-05T03:40:18.460667+00:00,XAU_USD,4143.485,sell,none,0,553.9499,-2.0,-1,already in matching position,21.31147609164353,43.75613675959444,4148.757519146846,4149.658632154785
2026-10-05T03:40:18.950272+00:00,EUR_USD,1.11858,sell,sell,-5807,554.0264,0.0,-1,sell order FILLED (margin-capped size),48.062472944600046,23.00289425819912,1.1203572010151799,1.1223688569127408
2026-10-05T03:40:19.596048+00:00,GBP_USD,1.32072,sell,sell,-1565,553.7169,0.0,-1,sell order FILLED (margin-capped size),33.54796922415592,30.63467319066494,1.3216462013287773,1.3227012868349324
2026-10-05T04:21:35.195546+00:00,XAU_USD,4135.17,sell,none,0,578.4999,-2.0,-1,"computed 0 units — insufficient margin (available=50.03, needed for 2 units)",20.777359309923714,36.874225910584954,4144.507609803186,4147.361233775195
2026-10-05T04:21:35.392793+00:00,EUR_USD,1.11688,none,none,0,578.4999,-5807.0,-1,no signal,55.29329257926713,20.89118708585066,1.118676966919772,1.1210167820531487
2026-10-05T04:21:35.556591+00:00,GBP_USD,1.31986,sell,none,0,578.4999,-1565.0,-1,already in matching position,40.44279128918335,28.461934144623,1.3207895750803342,1.3220063462321054
2026-10-05T04:55:31.464583+00:00,XAU_USD,4133.615,sell,none,0,572.5252,-2.0,-1,"computed 0 units — insufficient margin (available=44.33, needed for 2 units)",23.773823226619093,39.38414581316698,4139.449470274039,4144.388333698508
2026-10-05T04:55:32.038558+00:00,EUR_USD,1.11768,sell,none,0,572.3753,-5807.0,-1,already in matching position,58.27814212092668,30.37679103431053,1.1181228588286543,1.1203368446720237
2026-10-05T04:55:32.375082+00:00,GBP_USD,1.3203,sell,none,0,572.1494,-1565.0,-1,already in matching position,43.577244531479785,35.827409047810235,1.320486928051414,1.3216449142414095
2026-10-05T05:20:15.441951+00:00,XAU_USD,4138.775,sell,none,0,557.0208,-2.0,-1,"computed 0 units — insufficient margin (available=28.34, needed for 2 units)",24.819118511286316,45.30767008278946,4138.037860975385,4142.810399750832
2026-10-05T05:20:15.713286+00:00,EUR_USD,1.11852,sell,none,0,557.0208,-5807.0,-1,already in matching position,57.70465496876443,36.667570104836095,1.118225829650339,1.1200008633653087
2026-10-05T05:20:15.877496+00:00,GBP_USD,1.32102,sell,none,0,557.0208,-1565.0,-1,already in matching position,43.17079107807867,42.817976654625184,1.3206612339529051,1.3215273671416605
2026-10-05T05:42:21.450355+00:00,XAU_USD,4137.095,sell,none,0,560.3827,-2.0,-1,"computed 0 units — insufficient margin (available=31.67, needed for 2 units)",24.741188191077576,44.01307988920659,4137.849288780309,4142.2908179553015
2026-10-05T05:42:21.715291+00:00,EUR_USD,1.1186,sell,none,0,560.3827,-5807.0,-1,already in matching position,56.71318484988276,37.27951084384987,1.1183006637202713,1.1198735121502805
2026-10-05T05:42:22.383578+00:00,GBP_USD,1.32082,sell,none,0,560.3827,-1565.0,-1,already in matching position,42.530162732370535,41.382576054026266,1.3206929871623243,1.3214630610378733
2026-10-05T05:58:20.985905+00:00,XAU_USD,4140.8,sell,none,0,560.9243,-2.0,-1,"computed 0 units — insufficient margin (available=32.70, needed for 2 units)",24.976051163045085,47.57099677424077,4138.439431024247,4142.1552890502735
2026-10-05T05:58:21.326430+00:00,EUR_USD,1.11894,sell,none,0,560.9483,-5807.0,-1,already in matching position,55.69982687106692,39.935783463202426,1.1184285309762172,1.119788647409346
2026-10-05T05:58:21.633899+00:00,GBP_USD,1.32071,sell,none,0,560.9932,-1565.0,-1,already in matching position,42.22199742042259,40.57687678134421,1.3206963897298596,1.3213946009435211
2026-10-05T06:25:33.598773+00:00,XAU_USD,4151.49,sell,sell,-1,538.0408,0.0,-1,sell order FILLED (margin-capped size),23.72914617850421,55.9751270194382,4140.4584358555185,4142.391478553945
2026-10-05T06:25:33.953481+00:00,EUR_USD,1.11938,sell,none,0,537.7413,-5807.0,-1,already in matching position,52.204912335841506,43.371654258204956,1.118745459824779,1.119704501991195
2026-10-05T06:25:35.654272+00:00,GBP_USD,1.3212,sell,sell,-4435,537.6953,0.0,-1,sell order FILLED (margin-capped size),39.985867464934756,45.86339065827504,1.3208312894271101,1.321336860283902
