date,trades_today,start_of_day_equity,last_trade_time_by_instrument
2026-09-19,0,,{}
2026-09-19,0,,{}
2026-09-19,0,,{}
2026-09-19,0,,{}
2026-09-19,0,,{}
2026-09-19,0,,{}
2026-09-19,0,,{}
2026-09-19,0,,{}
2026-09-19,0,,{}
2026-09-19,0,,{}
2026-09-19,0,,{}
2026-09-19,0,,{}
2026-09-19,0,,{}
2026-09-19,0,,{}
2026-09-19,0,,{}
2026-09-19,0,,{}
2026-09-19,0,,{}
2026-09-19,0,,{}
2026-09-19,0,,{}
2026-09-19,0,,{}
2026-09-19,0,,{}
2026-09-19,0,,{}
2026-09-19,0,,{}
2026-09-19,0,,{}
2026-09-19,0,,{}
2026-09-19,0,,{}
2026-09-19,0,,{}
2026-09-19,0,,{}
2026-09-19,0,,{}
2026-09-19,0,,{}
2026-09-19,0,,{}
2026-09-19,0,,{}
2026-09-19,0,,{}
2026-09-19,0,,{}
2026-09-19,0,,{}
2026-09-19,0,,{}
2026-09-19,0,,{}
2026-09-19,0,,{}
2026-09-19,0,,{}
2026-09-19,0,,{}
2026-09-19,0,,{}
2026-09-19,0,,{}
2026-09-19,0,,{}
2026-09-19,0,,{}
2026-09-19,0,,{}
2026-09-19,0,,{}
2026-09-19,0,,{}
2026-09-19,0,,{}
2026-09-19,0,,{}
2026-09-19,0,,{}
2026-09-19,0,,{}
2026-09-19,0,,{}
2026-09-19,0,,{}
2026-09-19,0,,{}
2026-09-19,0,,{}
2026-09-19,0,,{}
2026-09-19,0,,{}
2026-09-19,0,,{}
2026-09-19,0,,{}
2026-09-19,0,,{}
2026-09-19,0,,{}
2026-09-19,0,,{}
2026-09-19,0,,{}
2026-09-19,0,,{}
2026-09-19,0,,{}
2026-09-19,0,,{}
2026-09-19,0,,{}
2026-09-19,0,,{}
2026-09-19,0,,{}
2026-09-19,0,,{}
2026-09-19,0,,{}
2026-09-19,0,,{}
2026-09-19,0,,{}
2026-09-19,0,,{}
2026-09-19,0,,{}
2026-09-19,0,,{}
2026-09-19,0,,{}
2026-09-19,0,,{}
2026-09-19,0,,{}
2026-09-19,0,,{}
2026-09-19,0,,{}
2026-09-19,0,,{}
2026-09-19,0,,{}
2026-09-19,0,,{}
2026-09-19,0,,{}
2026-09-19,0,,{}
2026-09-19,0,,{}
2026-09-19,0,,{}
2026-09-19,0,,{}
2026-09-19,0,,{}
2026-09-19,0,,{}
2026-09-19,0,,{}
2026-09-19,0,,{}
2026-09-19,0,,{}
2026-09-19,0,,{}
2026-09-19,0,,{}
2026-09-19,0,,{}
2026-09-19,0,,{}
2026-09-19,0,,{}
2026-09-19,0,,{}
2026-09-19,0,,{}
2026-09-19,0,,{}
2026-09-19,0,,{}
2026-09-19,0,,{}
2026-09-19,0,,{}
2026-09-19,0,,{}
2026-09-19,0,,{}
2026-09-19,0,,{}
2026-09-19,0,,{}
2026-09-19,0,,{}
2026-09-19,0,,{}
2026-09-19,0,,{}
2026-09-19,0,,{}
2026-09-19,0,,{}
2026-09-19,0,,{}
2026-09-19,0,,{}
2026-09-19,0,,{}
2026-09-19,0,,{}
2026-09-19,0,,{}
2026-09-19,0,,{}
2026-09-19,0,,{}
2026-09-19,0,,{}
2026-09-19,0,,{}
2026-09-19,0,,{}
2026-09-19,0,,{}
2026-09-19,0,,{}
2026-09-19,0,,{}
2026-09-19,0,,{}
2026-09-19,0,,{}
2026-09-19,0,,{}
2026-09-19,0,,{}
2026-09-19,0,,{}
2026-09-19,0,,{}
2026-09-19,0,,{}
2026-09-19,0,,{}
2026-09-19,0,,{}
2026-09-19,0,,{}
2026-09-19,0,,{}
2026-09-19,0,,{}
2026-09-19,0,,{}
2026-09-19,0,,{}
2026-09-19,0,,{}
2026-09-19,0,,{}
2026-09-19,0,,{}
2026-09-19,0,,{}
2026-09-19,0,,{}
2026-09-19,0,,{}
2026-09-19,0,,{}
2026-09-19,0,,{}
2026-09-19,0,,{}
2026-09-19,0,,{}
2026-09-19,0,,{}
2026-09-19,0,,{}
2026-09-19,0,,{}
2026-09-19,0,,{}
2026-09-19,0,,{}
2026-09-19,0,,{}
2026-09-19,0,,{}
2026-09-19,0,,{}
2026-09-19,0,,{}
2026-09-19,0,,{}
2026-09-19,0,,{}
2026-09-19,0,,{}
2026-09-19,0,,{}
2026-09-19,0,,{}
2026-09-19,0,,{}
2026-09-19,0,,{}
2026-09-19,0,,{}
2026-09-19,0,,{}
2026-09-19,0,,{}
2026-09-19,0,,{}
2026-09-21,3,959.5304,"{""XAU_USD"": ""2026-09-21T11:47:53.522985+00:00"", ""EUR_USD"": ""2026-09-21T11:47:54.174761+00:00"", ""GBP_USD"": ""2026-09-21T11:47:54.581915+00:00""}"
2026-09-21,3,959.5304,"{""XAU_USD"": ""2026-09-21T11:47:53.522985+00:00"", ""EUR_USD"": ""2026-09-21T11:47:54.174761+00:00"", ""GBP_USD"": ""2026-09-21T11:47:54.581915+00:00""}"
2026-09-21,3,959.5304,"{""XAU_USD"": ""2026-09-21T11:47:53.522985+00:00"", ""EUR_USD"": ""2026-09-21T11:47:54.174761+00:00"", ""GBP_USD"": ""2026-09-21T11:47:54.581915+00:00""}"
2026-09-21,3,959.5304,"{""XAU_USD"": ""2026-09-21T11:47:53.522985+00:00"", ""EUR_USD"": ""2026-09-21T11:47:54.174761+00:00"", ""GBP_USD"": ""2026-09-21T11:47:54.581915+00:00""}"
2026-09-21,3,959.5304,"{""XAU_USD"": ""2026-09-21T11:47:53.522985+00:00"", ""EUR_USD"": ""2026-09-21T11:47:54.174761+00:00"", ""GBP_USD"": ""2026-09-21T11:47:54.581915+00:00""}"
2026-09-21,3,959.5304,"{""XAU_USD"": ""2026-09-21T11:47:53.522985+00:00"", ""EUR_USD"": ""2026-09-21T11:47:54.174761+00:00"", ""GBP_USD"": ""2026-09-21T11:47:54.581915+00:00""}"
2026-09-21,3,959.5304,"{""XAU_USD"": ""2026-09-21T11:47:53.522985+00:00"", ""EUR_USD"": ""2026-09-21T11:47:54.174761+00:00"", ""GBP_USD"": ""2026-09-21T11:47:54.581915+00:00""}"
2026-09-21,3,959.5304,"{""XAU_USD"": ""2026-09-21T11:47:53.522985+00:00"", ""EUR_USD"": ""2026-09-21T11:47:54.174761+00:00"", ""GBP_USD"": ""2026-09-21T11:47:54.581915+00:00""}"
2026-09-21,4,959.5304,"{""XAU_USD"": ""2026-09-21T11:47:53.522985+00:00"", ""EUR_USD"": ""2026-09-21T13:46:14.797865+00:00"", ""GBP_USD"": ""2026-09-21T11:47:54.581915+00:00""}"
2026-09-21,4,959.5304,"{""XAU_USD"": ""2026-09-21T11:47:53.522985+00:00"", ""EUR_USD"": ""2026-09-21T13:46:14.797865+00:00"", ""GBP_USD"": ""2026-09-21T11:47:54.581915+00:00""}"
2026-09-21,4,959.5304,"{""XAU_USD"": ""2026-09-21T11:47:53.522985+00:00"", ""EUR_USD"": ""2026-09-21T13:46:14.797865+00:00"", ""GBP_USD"": ""2026-09-21T11:47:54.581915+00:00""}"
2026-09-21,4,959.5304,"{""XAU_USD"": ""2026-09-21T11:47:53.522985+00:00"", ""EUR_USD"": ""2026-09-21T13:46:14.797865+00:00"", ""GBP_USD"": ""2026-09-21T11:47:54.581915+00:00""}"
2026-09-21,4,959.5304,"{""XAU_USD"": ""2026-09-21T11:47:53.522985+00:00"", ""EUR_USD"": ""2026-09-21T13:46:14.797865+00:00"", ""GBP_USD"": ""2026-09-21T11:47:54.581915+00:00""}"
2026-09-21,4,959.5304,"{""XAU_USD"": ""2026-09-21T11:47:53.522985+00:00"", ""EUR_USD"": ""2026-09-21T13:46:14.797865+00:00"", ""GBP_USD"": ""2026-09-21T11:47:54.581915+00:00""}"
2026-09-21,4,959.5304,"{""XAU_USD"": ""2026-09-21T11:47:53.522985+00:00"", ""EUR_USD"": ""2026-09-21T13:46:14.797865+00:00"", ""GBP_USD"": ""2026-09-21T11:47:54.581915+00:00""}"
2026-09-21,4,959.5304,"{""XAU_USD"": ""2026-09-21T11:47:53.522985+00:00"", ""EUR_USD"": ""2026-09-21T13:46:14.797865+00:00"", ""GBP_USD"": ""2026-09-21T11:47:54.581915+00:00""}"
2026-09-21,4,959.5304,"{""XAU_USD"": ""2026-09-21T11:47:53.522985+00:00"", ""EUR_USD"": ""2026-09-21T13:46:14.797865+00:00"", ""GBP_USD"": ""2026-09-21T11:47:54.581915+00:00""}"
2026-09-21,4,959.5304,"{""XAU_USD"": ""2026-09-21T11:47:53.522985+00:00"", ""EUR_USD"": ""2026-09-21T13:46:14.797865+00:00"", ""GBP_USD"": ""2026-09-21T11:47:54.581915+00:00""}"
2026-09-21,4,959.5304,"{""XAU_USD"": ""2026-09-21T11:47:53.522985+00:00"", ""EUR_USD"": ""2026-09-21T13:46:14.797865+00:00"", ""GBP_USD"": ""2026-09-21T11:47:54.581915+00:00""}"
2026-09-21,4,959.5304,"{""XAU_USD"": ""2026-09-21T11:47:53.522985+00:00"", ""EUR_USD"": ""2026-09-21T13:46:14.797865+00:00"", ""GBP_USD"": ""2026-09-21T11:47:54.581915+00:00""}"
2026-09-21,4,959.5304,"{""XAU_USD"": ""2026-09-21T11:47:53.522985+00:00"", ""EUR_USD"": ""2026-09-21T13:46:14.797865+00:00"", ""GBP_USD"": ""2026-09-21T11:47:54.581915+00:00""}"
2026-09-21,4,959.5304,"{""XAU_USD"": ""2026-09-21T11:47:53.522985+00:00"", ""EUR_USD"": ""2026-09-21T13:46:14.797865+00:00"", ""GBP_USD"": ""2026-09-21T11:47:54.581915+00:00""}"
2026-09-21,4,959.5304,"{""XAU_USD"": ""2026-09-21T11:47:53.522985+00:00"", ""EUR_USD"": ""2026-09-21T13:46:14.797865+00:00"", ""GBP_USD"": ""2026-09-21T11:47:54.581915+00:00""}"
2026-09-21,4,959.5304,"{""XAU_USD"": ""2026-09-21T11:47:53.522985+00:00"", ""EUR_USD"": ""2026-09-21T13:46:14.797865+00:00"", ""GBP_USD"": ""2026-09-21T11:47:54.581915+00:00""}"
2026-09-21,4,959.5304,"{""XAU_USD"": ""2026-09-21T11:47:53.522985+00:00"", ""EUR_USD"": ""2026-09-21T13:46:14.797865+00:00"", ""GBP_USD"": ""2026-09-21T11:47:54.581915+00:00""}"
2026-09-21,4,959.5304,"{""XAU_USD"": ""2026-09-21T11:47:53.522985+00:00"", ""EUR_USD"": ""2026-09-21T13:46:14.797865+00:00"", ""GBP_USD"": ""2026-09-21T11:47:54.581915+00:00""}"
2026-09-21,4,959.5304,"{""XAU_USD"": ""2026-09-21T11:47:53.522985+00:00"", ""EUR_USD"": ""2026-09-21T13:46:14.797865+00:00"", ""GBP_USD"": ""2026-09-21T11:47:54.581915+00:00""}"
2026-09-21,4,959.5304,"{""XAU_USD"": ""2026-09-21T11:47:53.522985+00:00"", ""EUR_USD"": ""2026-09-21T13:46:14.797865+00:00"", ""GBP_USD"": ""2026-09-21T11:47:54.581915+00:00""}"
2026-09-21,4,959.5304,"{""XAU_USD"": ""2026-09-21T11:47:53.522985+00:00"", ""EUR_USD"": ""2026-09-21T13:46:14.797865+00:00"", ""GBP_USD"": ""2026-09-21T11:47:54.581915+00:00""}"
2026-09-21,4,959.5304,"{""XAU_USD"": ""2026-09-21T11:47:53.522985+00:00"", ""EUR_USD"": ""2026-09-21T13:46:14.797865+00:00"", ""GBP_USD"": ""2026-09-21T11:47:54.581915+00:00""}"
2026-09-21,6,959.5304,"{""XAU_USD"": ""2026-09-21T11:47:53.522985+00:00"", ""EUR_USD"": ""2026-09-21T18:51:18.599838+00:00"", ""GBP_USD"": ""2026-09-21T18:51:18.807622+00:00""}"
2026-09-21,6,959.5304,"{""XAU_USD"": ""2026-09-21T11:47:53.522985+00:00"", ""EUR_USD"": ""2026-09-21T18:51:18.599838+00:00"", ""GBP_USD"": ""2026-09-21T18:51:18.807622+00:00""}"
2026-09-21,6,959.5304,"{""XAU_USD"": ""2026-09-21T11:47:53.522985+00:00"", ""EUR_USD"": ""2026-09-21T18:51:18.599838+00:00"", ""GBP_USD"": ""2026-09-21T18:51:18.807622+00:00""}"
2026-09-21,6,959.5304,"{""XAU_USD"": ""2026-09-21T11:47:53.522985+00:00"", ""EUR_USD"": ""2026-09-21T18:51:18.599838+00:00"", ""GBP_USD"": ""2026-09-21T18:51:18.807622+00:00""}"
2026-09-21,6,959.5304,"{""XAU_USD"": ""2026-09-21T11:47:53.522985+00:00"", ""EUR_USD"": ""2026-09-21T18:51:18.599838+00:00"", ""GBP_USD"": ""2026-09-21T18:51:18.807622+00:00""}"
2026-09-21,6,959.5304,"{""XAU_USD"": ""2026-09-21T11:47:53.522985+00:00"", ""EUR_USD"": ""2026-09-21T18:51:18.599838+00:00"", ""GBP_USD"": ""2026-09-21T18:51:18.807622+00:00""}"
2026-09-21,6,959.5304,"{""XAU_USD"": ""2026-09-21T11:47:53.522985+00:00"", ""EUR_USD"": ""2026-09-21T18:51:18.599838+00:00"", ""GBP_USD"": ""2026-09-21T18:51:18.807622+00:00""}"
2026-09-21,6,959.5304,"{""XAU_USD"": ""2026-09-21T11:47:53.522985+00:00"", ""EUR_USD"": ""2026-09-21T18:51:18.599838+00:00"", ""GBP_USD"": ""2026-09-21T18:51:18.807622+00:00""}"
2026-09-21,6,959.5304,"{""XAU_USD"": ""2026-09-21T11:47:53.522985+00:00"", ""EUR_USD"": ""2026-09-21T18:51:18.599838+00:00"", ""GBP_USD"": ""2026-09-21T18:51:18.807622+00:00""}"
2026-09-21,6,959.5304,"{""XAU_USD"": ""2026-09-21T11:47:53.522985+00:00"", ""EUR_USD"": ""2026-09-21T18:51:18.599838+00:00"", ""GBP_USD"": ""2026-09-21T18:51:18.807622+00:00""}"
2026-09-21,6,959.5304,"{""XAU_USD"": ""2026-09-21T11:47:53.522985+00:00"", ""EUR_USD"": ""2026-09-21T18:51:18.599838+00:00"", ""GBP_USD"": ""2026-09-21T18:51:18.807622+00:00""}"
2026-09-21,6,959.5304,"{""XAU_USD"": ""2026-09-21T11:47:53.522985+00:00"", ""EUR_USD"": ""2026-09-21T18:51:18.599838+00:00"", ""GBP_USD"": ""2026-09-21T18:51:18.807622+00:00""}"
2026-09-21,6,959.5304,"{""XAU_USD"": ""2026-09-21T11:47:53.522985+00:00"", ""EUR_USD"": ""2026-09-21T18:51:18.599838+00:00"", ""GBP_USD"": ""2026-09-21T18:51:18.807622+00:00""}"
2026-09-21,6,959.5304,"{""XAU_USD"": ""2026-09-21T11:47:53.522985+00:00"", ""EUR_USD"": ""2026-09-21T18:51:18.599838+00:00"", ""GBP_USD"": ""2026-09-21T18:51:18.807622+00:00""}"
2026-09-21,6,959.5304,"{""XAU_USD"": ""2026-09-21T11:47:53.522985+00:00"", ""EUR_USD"": ""2026-09-21T18:51:18.599838+00:00"", ""GBP_USD"": ""2026-09-21T18:51:18.807622+00:00""}"
2026-09-21,6,959.5304,"{""XAU_USD"": ""2026-09-21T11:47:53.522985+00:00"", ""EUR_USD"": ""2026-09-21T18:51:18.599838+00:00"", ""GBP_USD"": ""2026-09-21T18:51:18.807622+00:00""}"
2026-09-21,6,959.5304,"{""XAU_USD"": ""2026-09-21T11:47:53.522985+00:00"", ""EUR_USD"": ""2026-09-21T18:51:18.599838+00:00"", ""GBP_USD"": ""2026-09-21T18:51:18.807622+00:00""}"
2026-09-21,6,959.5304,"{""XAU_USD"": ""2026-09-21T11:47:53.522985+00:00"", ""EUR_USD"": ""2026-09-21T18:51:18.599838+00:00"", ""GBP_USD"": ""2026-09-21T18:51:18.807622+00:00""}"
2026-09-21,6,959.5304,"{""XAU_USD"": ""2026-09-21T11:47:53.522985+00:00"", ""EUR_USD"": ""2026-09-21T18:51:18.599838+00:00"", ""GBP_USD"": ""2026-09-21T18:51:18.807622+00:00""}"
2026-09-21,6,959.5304,"{""XAU_USD"": ""2026-09-21T11:47:53.522985+00:00"", ""EUR_USD"": ""2026-09-21T18:51:18.599838+00:00"", ""GBP_USD"": ""2026-09-21T18:51:18.807622+00:00""}"
2026-09-21,6,959.5304,"{""XAU_USD"": ""2026-09-21T11:47:53.522985+00:00"", ""EUR_USD"": ""2026-09-21T18:51:18.599838+00:00"", ""GBP_USD"": ""2026-09-21T18:51:18.807622+00:00""}"
2026-09-21,7,959.5304,"{""XAU_USD"": ""2026-09-21T23:13:34.799945+00:00"", ""EUR_USD"": ""2026-09-21T18:51:18.599838+00:00"", ""GBP_USD"": ""2026-09-21T18:51:18.807622+00:00""}"
2026-09-21,7,959.5304,"{""XAU_USD"": ""2026-09-21T23:13:34.799945+00:00"", ""EUR_USD"": ""2026-09-21T18:51:18.599838+00:00"", ""GBP_USD"": ""2026-09-21T18:51:18.807622+00:00""}"
2026-09-21,7,959.5304,"{""XAU_USD"": ""2026-09-21T23:13:34.799945+00:00"", ""EUR_USD"": ""2026-09-21T18:51:18.599838+00:00"", ""GBP_USD"": ""2026-09-21T18:51:18.807622+00:00""}"
2026-09-21,7,959.5304,"{""XAU_USD"": ""2026-09-21T23:13:34.799945+00:00"", ""EUR_USD"": ""2026-09-21T18:51:18.599838+00:00"", ""GBP_USD"": ""2026-09-21T18:51:18.807622+00:00""}"
2026-09-21,7,959.5304,"{""XAU_USD"": ""2026-09-21T23:13:34.799945+00:00"", ""EUR_USD"": ""2026-09-21T18:51:18.599838+00:00"", ""GBP_USD"": ""2026-09-21T18:51:18.807622+00:00""}"
2026-09-21,7,959.5304,"{""XAU_USD"": ""2026-09-21T23:13:34.799945+00:00"", ""EUR_USD"": ""2026-09-21T18:51:18.599838+00:00"", ""GBP_USD"": ""2026-09-21T18:51:18.807622+00:00""}"
2026-09-21,7,959.5304,"{""XAU_USD"": ""2026-09-21T23:13:34.799945+00:00"", ""EUR_USD"": ""2026-09-21T18:51:18.599838+00:00"", ""GBP_USD"": ""2026-09-21T18:51:18.807622+00:00""}"
2026-09-22,1,911.4984,"{""EUR_USD"": ""2026-09-22T01:08:23.519264+00:00""}"
2026-09-22,1,911.4984,"{""EUR_USD"": ""2026-09-22T01:08:23.519264+00:00""}"
2026-09-22,1,911.4984,"{""EUR_USD"": ""2026-09-22T01:08:23.519264+00:00""}"
2026-09-22,1,911.4984,"{""EUR_USD"": ""2026-09-22T01:08:23.519264+00:00""}"
2026-09-22,1,911.4984,"{""EUR_USD"": ""2026-09-22T01:08:23.519264+00:00""}"
2026-09-22,1,911.4984,"{""EUR_USD"": ""2026-09-22T01:08:23.519264+00:00""}"
2026-09-22,2,911.4984,"{""EUR_USD"": ""2026-09-22T01:08:23.519264+00:00"", ""XAU_USD"": ""2026-09-22T02:25:07.894813+00:00""}"
2026-09-22,2,911.4984,"{""EUR_USD"": ""2026-09-22T01:08:23.519264+00:00"", ""XAU_USD"": ""2026-09-22T02:25:07.894813+00:00""}"
2026-09-22,2,911.4984,"{""EUR_USD"": ""2026-09-22T01:08:23.519264+00:00"", ""XAU_USD"": ""2026-09-22T02:25:07.894813+00:00""}"
2026-09-22,2,911.4984,"{""EUR_USD"": ""2026-09-22T01:08:23.519264+00:00"", ""XAU_USD"": ""2026-09-22T02:25:07.894813+00:00""}"
2026-09-22,2,911.4984,"{""EUR_USD"": ""2026-09-22T01:08:23.519264+00:00"", ""XAU_USD"": ""2026-09-22T02:25:07.894813+00:00""}"
2026-09-22,4,911.4984,"{""EUR_USD"": ""2026-09-22T03:33:59.595943+00:00"", ""XAU_USD"": ""2026-09-22T02:25:07.894813+00:00"", ""GBP_USD"": ""2026-09-22T03:34:00.127004+00:00""}"
2026-09-22,4,911.4984,"{""EUR_USD"": ""2026-09-22T03:33:59.595943+00:00"", ""XAU_USD"": ""2026-09-22T02:25:07.894813+00:00"", ""GBP_USD"": ""2026-09-22T03:34:00.127004+00:00""}"
2026-09-22,4,911.4984,"{""EUR_USD"": ""2026-09-22T03:33:59.595943+00:00"", ""XAU_USD"": ""2026-09-22T02:25:07.894813+00:00"", ""GBP_USD"": ""2026-09-22T03:34:00.127004+00:00""}"
2026-09-22,4,911.4984,"{""EUR_USD"": ""2026-09-22T03:33:59.595943+00:00"", ""XAU_USD"": ""2026-09-22T02:25:07.894813+00:00"", ""GBP_USD"": ""2026-09-22T03:34:00.127004+00:00""}"
2026-09-22,4,911.4984,"{""EUR_USD"": ""2026-09-22T03:33:59.595943+00:00"", ""XAU_USD"": ""2026-09-22T02:25:07.894813+00:00"", ""GBP_USD"": ""2026-09-22T03:34:00.127004+00:00""}"
2026-09-22,4,911.4984,"{""EUR_USD"": ""2026-09-22T03:33:59.595943+00:00"", ""XAU_USD"": ""2026-09-22T02:25:07.894813+00:00"", ""GBP_USD"": ""2026-09-22T03:34:00.127004+00:00""}"
2026-09-22,4,911.4984,"{""EUR_USD"": ""2026-09-22T03:33:59.595943+00:00"", ""XAU_USD"": ""2026-09-22T02:25:07.894813+00:00"", ""GBP_USD"": ""2026-09-22T03:34:00.127004+00:00""}"
2026-09-22,4,911.4984,"{""EUR_USD"": ""2026-09-22T03:33:59.595943+00:00"", ""XAU_USD"": ""2026-09-22T02:25:07.894813+00:00"", ""GBP_USD"": ""2026-09-22T03:34:00.127004+00:00""}"
2026-09-22,4,911.4984,"{""EUR_USD"": ""2026-09-22T03:33:59.595943+00:00"", ""XAU_USD"": ""2026-09-22T02:25:07.894813+00:00"", ""GBP_USD"": ""2026-09-22T03:34:00.127004+00:00""}"
2026-09-22,4,911.4984,"{""EUR_USD"": ""2026-09-22T03:33:59.595943+00:00"", ""XAU_USD"": ""2026-09-22T02:25:07.894813+00:00"", ""GBP_USD"": ""2026-09-22T03:34:00.127004+00:00""}"
2026-09-22,4,911.4984,"{""EUR_USD"": ""2026-09-22T03:33:59.595943+00:00"", ""XAU_USD"": ""2026-09-22T02:25:07.894813+00:00"", ""GBP_USD"": ""2026-09-22T03:34:00.127004+00:00""}"
2026-09-22,4,911.4984,"{""EUR_USD"": ""2026-09-22T03:33:59.595943+00:00"", ""XAU_USD"": ""2026-09-22T02:25:07.894813+00:00"", ""GBP_USD"": ""2026-09-22T03:34:00.127004+00:00""}"
2026-09-22,5,911.4984,"{""EUR_USD"": ""2026-09-22T06:16:20.458687+00:00"", ""XAU_USD"": ""2026-09-22T02:25:07.894813+00:00"", ""GBP_USD"": ""2026-09-22T03:34:00.127004+00:00""}"
2026-09-22,5,911.4984,"{""EUR_USD"": ""2026-09-22T06:16:20.458687+00:00"", ""XAU_USD"": ""2026-09-22T02:25:07.894813+00:00"", ""GBP_USD"": ""2026-09-22T03:34:00.127004+00:00""}"
2026-09-22,5,911.4984,"{""EUR_USD"": ""2026-09-22T06:16:20.458687+00:00"", ""XAU_USD"": ""2026-09-22T02:25:07.894813+00:00"", ""GBP_USD"": ""2026-09-22T03:34:00.127004+00:00""}"
2026-09-22,5,911.4984,"{""EUR_USD"": ""2026-09-22T06:16:20.458687+00:00"", ""XAU_USD"": ""2026-09-22T02:25:07.894813+00:00"", ""GBP_USD"": ""2026-09-22T03:34:00.127004+00:00""}"
2026-09-22,5,911.4984,"{""EUR_USD"": ""2026-09-22T06:16:20.458687+00:00"", ""XAU_USD"": ""2026-09-22T02:25:07.894813+00:00"", ""GBP_USD"": ""2026-09-22T03:34:00.127004+00:00""}"
2026-09-22,5,911.4984,"{""EUR_USD"": ""2026-09-22T06:16:20.458687+00:00"", ""XAU_USD"": ""2026-09-22T02:25:07.894813+00:00"", ""GBP_USD"": ""2026-09-22T03:34:00.127004+00:00""}"
2026-09-22,8,911.4984,"{""EUR_USD"": ""2026-09-22T07:48:15.329106+00:00"", ""XAU_USD"": ""2026-09-22T07:48:14.672617+00:00"", ""GBP_USD"": ""2026-09-22T07:48:15.758237+00:00""}"
2026-09-22,8,911.4984,"{""EUR_USD"": ""2026-09-22T07:48:15.329106+00:00"", ""XAU_USD"": ""2026-09-22T07:48:14.672617+00:00"", ""GBP_USD"": ""2026-09-22T07:48:15.758237+00:00""}"
2026-09-22,9,911.4984,"{""EUR_USD"": ""2026-09-22T07:48:15.329106+00:00"", ""XAU_USD"": ""2026-09-22T07:48:14.672617+00:00"", ""GBP_USD"": ""2026-09-22T08:16:40.096301+00:00""}"
2026-09-22,9,911.4984,"{""EUR_USD"": ""2026-09-22T07:48:15.329106+00:00"", ""XAU_USD"": ""2026-09-22T07:48:14.672617+00:00"", ""GBP_USD"": ""2026-09-22T08:16:40.096301+00:00""}"
2026-09-22,9,911.4984,"{""EUR_USD"": ""2026-09-22T07:48:15.329106+00:00"", ""XAU_USD"": ""2026-09-22T07:48:14.672617+00:00"", ""GBP_USD"": ""2026-09-22T08:16:40.096301+00:00""}"
2026-09-22,9,911.4984,"{""EUR_USD"": ""2026-09-22T07:48:15.329106+00:00"", ""XAU_USD"": ""2026-09-22T07:48:14.672617+00:00"", ""GBP_USD"": ""2026-09-22T08:16:40.096301+00:00""}"
2026-09-22,9,911.4984,"{""EUR_USD"": ""2026-09-22T07:48:15.329106+00:00"", ""XAU_USD"": ""2026-09-22T07:48:14.672617+00:00"", ""GBP_USD"": ""2026-09-22T08:16:40.096301+00:00""}"
2026-09-22,9,911.4984,"{""EUR_USD"": ""2026-09-22T07:48:15.329106+00:00"", ""XAU_USD"": ""2026-09-22T07:48:14.672617+00:00"", ""GBP_USD"": ""2026-09-22T08:16:40.096301+00:00""}"
2026-09-22,9,911.4984,"{""EUR_USD"": ""2026-09-22T07:48:15.329106+00:00"", ""XAU_USD"": ""2026-09-22T07:48:14.672617+00:00"", ""GBP_USD"": ""2026-09-22T08:16:40.096301+00:00""}"
2026-09-22,9,911.4984,"{""EUR_USD"": ""2026-09-22T07:48:15.329106+00:00"", ""XAU_USD"": ""2026-09-22T07:48:14.672617+00:00"", ""GBP_USD"": ""2026-09-22T08:16:40.096301+00:00""}"
2026-09-22,11,911.4984,"{""EUR_USD"": ""2026-09-22T10:08:33.211860+00:00"", ""XAU_USD"": ""2026-09-22T10:08:32.267697+00:00"", ""GBP_USD"": ""2026-09-22T08:16:40.096301+00:00""}"
2026-09-22,11,911.4984,"{""EUR_USD"": ""2026-09-22T10:08:33.211860+00:00"", ""XAU_USD"": ""2026-09-22T10:08:32.267697+00:00"", ""GBP_USD"": ""2026-09-22T08:16:40.096301+00:00""}"
2026-09-22,11,911.4984,"{""EUR_USD"": ""2026-09-22T10:08:33.211860+00:00"", ""XAU_USD"": ""2026-09-22T10:08:32.267697+00:00"", ""GBP_USD"": ""2026-09-22T08:16:40.096301+00:00""}"
2026-09-22,11,911.4984,"{""EUR_USD"": ""2026-09-22T10:08:33.211860+00:00"", ""XAU_USD"": ""2026-09-22T10:08:32.267697+00:00"", ""GBP_USD"": ""2026-09-22T08:16:40.096301+00:00""}"
2026-09-22,11,911.4984,"{""EUR_USD"": ""2026-09-22T10:08:33.211860+00:00"", ""XAU_USD"": ""2026-09-22T10:08:32.267697+00:00"", ""GBP_USD"": ""2026-09-22T08:16:40.096301+00:00""}"
2026-09-22,11,911.4984,"{""EUR_USD"": ""2026-09-22T10:08:33.211860+00:00"", ""XAU_USD"": ""2026-09-22T10:08:32.267697+00:00"", ""GBP_USD"": ""2026-09-22T08:16:40.096301+00:00""}"
2026-09-22,11,911.4984,"{""EUR_USD"": ""2026-09-22T10:08:33.211860+00:00"", ""XAU_USD"": ""2026-09-22T10:08:32.267697+00:00"", ""GBP_USD"": ""2026-09-22T08:16:40.096301+00:00""}"
2026-09-22,11,911.4984,"{""EUR_USD"": ""2026-09-22T10:08:33.211860+00:00"", ""XAU_USD"": ""2026-09-22T10:08:32.267697+00:00"", ""GBP_USD"": ""2026-09-22T08:16:40.096301+00:00""}"
2026-09-22,11,911.4984,"{""EUR_USD"": ""2026-09-22T10:08:33.211860+00:00"", ""XAU_USD"": ""2026-09-22T10:08:32.267697+00:00"", ""GBP_USD"": ""2026-09-22T08:16:40.096301+00:00""}"
2026-09-22,11,911.4984,"{""EUR_USD"": ""2026-09-22T10:08:33.211860+00:00"", ""XAU_USD"": ""2026-09-22T10:08:32.267697+00:00"", ""GBP_USD"": ""2026-09-22T08:16:40.096301+00:00""}"
2026-09-22,11,911.4984,"{""EUR_USD"": ""2026-09-22T10:08:33.211860+00:00"", ""XAU_USD"": ""2026-09-22T10:08:32.267697+00:00"", ""GBP_USD"": ""2026-09-22T08:16:40.096301+00:00""}"
2026-09-22,11,911.4984,"{""EUR_USD"": ""2026-09-22T10:08:33.211860+00:00"", ""XAU_USD"": ""2026-09-22T10:08:32.267697+00:00"", ""GBP_USD"": ""2026-09-22T08:16:40.096301+00:00""}"
2026-09-22,12,911.4984,"{""EUR_USD"": ""2026-09-22T13:00:35.389885+00:00"", ""XAU_USD"": ""2026-09-22T10:08:32.267697+00:00"", ""GBP_USD"": ""2026-09-22T08:16:40.096301+00:00""}"
2026-09-22,12,911.4984,"{""EUR_USD"": ""2026-09-22T13:00:35.389885+00:00"", ""XAU_USD"": ""2026-09-22T10:08:32.267697+00:00"", ""GBP_USD"": ""2026-09-22T08:16:40.096301+00:00""}"
2026-09-22,12,911.4984,"{""EUR_USD"": ""2026-09-22T13:00:35.389885+00:00"", ""XAU_USD"": ""2026-09-22T10:08:32.267697+00:00"", ""GBP_USD"": ""2026-09-22T08:16:40.096301+00:00""}"
2026-09-22,12,911.4984,"{""EUR_USD"": ""2026-09-22T13:00:35.389885+00:00"", ""XAU_USD"": ""2026-09-22T10:08:32.267697+00:00"", ""GBP_USD"": ""2026-09-22T08:16:40.096301+00:00""}"
2026-09-22,12,911.4984,"{""EUR_USD"": ""2026-09-22T13:00:35.389885+00:00"", ""XAU_USD"": ""2026-09-22T10:08:32.267697+00:00"", ""GBP_USD"": ""2026-09-22T08:16:40.096301+00:00""}"
2026-09-22,12,911.4984,"{""EUR_USD"": ""2026-09-22T13:00:35.389885+00:00"", ""XAU_USD"": ""2026-09-22T10:08:32.267697+00:00"", ""GBP_USD"": ""2026-09-22T08:16:40.096301+00:00""}"
2026-09-22,12,911.4984,"{""EUR_USD"": ""2026-09-22T13:00:35.389885+00:00"", ""XAU_USD"": ""2026-09-22T10:08:32.267697+00:00"", ""GBP_USD"": ""2026-09-22T08:16:40.096301+00:00""}"
2026-09-22,13,911.4984,"{""EUR_USD"": ""2026-09-22T13:00:35.389885+00:00"", ""XAU_USD"": ""2026-09-22T10:08:32.267697+00:00"", ""GBP_USD"": ""2026-09-22T14:48:44.654671+00:00""}"
2026-09-22,13,911.4984,"{""EUR_USD"": ""2026-09-22T13:00:35.389885+00:00"", ""XAU_USD"": ""2026-09-22T10:08:32.267697+00:00"", ""GBP_USD"": ""2026-09-22T14:48:44.654671+00:00""}"
2026-09-22,14,911.4984,"{""EUR_USD"": ""2026-09-22T15:17:51.629035+00:00"", ""XAU_USD"": ""2026-09-22T10:08:32.267697+00:00"", ""GBP_USD"": ""2026-09-22T14:48:44.654671+00:00""}"
2026-09-22,14,911.4984,"{""EUR_USD"": ""2026-09-22T15:17:51.629035+00:00"", ""XAU_USD"": ""2026-09-22T10:08:32.267697+00:00"", ""GBP_USD"": ""2026-09-22T14:48:44.654671+00:00""}"
2026-09-22,14,911.4984,"{""EUR_USD"": ""2026-09-22T15:17:51.629035+00:00"", ""XAU_USD"": ""2026-09-22T10:08:32.267697+00:00"", ""GBP_USD"": ""2026-09-22T14:48:44.654671+00:00""}"
2026-09-22,14,911.4984,"{""EUR_USD"": ""2026-09-22T15:17:51.629035+00:00"", ""XAU_USD"": ""2026-09-22T10:08:32.267697+00:00"", ""GBP_USD"": ""2026-09-22T14:48:44.654671+00:00""}"
2026-09-22,14,911.4984,"{""EUR_USD"": ""2026-09-22T15:17:51.629035+00:00"", ""XAU_USD"": ""2026-09-22T10:08:32.267697+00:00"", ""GBP_USD"": ""2026-09-22T14:48:44.654671+00:00""}"
2026-09-22,14,911.4984,"{""EUR_USD"": ""2026-09-22T15:17:51.629035+00:00"", ""XAU_USD"": ""2026-09-22T10:08:32.267697+00:00"", ""GBP_USD"": ""2026-09-22T14:48:44.654671+00:00""}"
2026-09-22,14,911.4984,"{""EUR_USD"": ""2026-09-22T15:17:51.629035+00:00"", ""XAU_USD"": ""2026-09-22T10:08:32.267697+00:00"", ""GBP_USD"": ""2026-09-22T14:48:44.654671+00:00""}"
2026-09-22,14,911.4984,"{""EUR_USD"": ""2026-09-22T15:17:51.629035+00:00"", ""XAU_USD"": ""2026-09-22T10:08:32.267697+00:00"", ""GBP_USD"": ""2026-09-22T14:48:44.654671+00:00""}"
2026-09-22,14,911.4984,"{""EUR_USD"": ""2026-09-22T15:17:51.629035+00:00"", ""XAU_USD"": ""2026-09-22T10:08:32.267697+00:00"", ""GBP_USD"": ""2026-09-22T14:48:44.654671+00:00""}"
2026-09-22,14,911.4984,"{""EUR_USD"": ""2026-09-22T15:17:51.629035+00:00"", ""XAU_USD"": ""2026-09-22T10:08:32.267697+00:00"", ""GBP_USD"": ""2026-09-22T14:48:44.654671+00:00""}"
2026-09-22,14,911.4984,"{""EUR_USD"": ""2026-09-22T15:17:51.629035+00:00"", ""XAU_USD"": ""2026-09-22T10:08:32.267697+00:00"", ""GBP_USD"": ""2026-09-22T14:48:44.654671+00:00""}"
2026-09-22,14,911.4984,"{""EUR_USD"": ""2026-09-22T15:17:51.629035+00:00"", ""XAU_USD"": ""2026-09-22T10:08:32.267697+00:00"", ""GBP_USD"": ""2026-09-22T14:48:44.654671+00:00""}"
2026-09-22,14,911.4984,"{""EUR_USD"": ""2026-09-22T15:17:51.629035+00:00"", ""XAU_USD"": ""2026-09-22T10:08:32.267697+00:00"", ""GBP_USD"": ""2026-09-22T14:48:44.654671+00:00""}"
2026-09-22,14,911.4984,"{""EUR_USD"": ""2026-09-22T15:17:51.629035+00:00"", ""XAU_USD"": ""2026-09-22T10:08:32.267697+00:00"", ""GBP_USD"": ""2026-09-22T14:48:44.654671+00:00""}"
2026-09-22,14,911.4984,"{""EUR_USD"": ""2026-09-22T15:17:51.629035+00:00"", ""XAU_USD"": ""2026-09-22T10:08:32.267697+00:00"", ""GBP_USD"": ""2026-09-22T14:48:44.654671+00:00""}"
2026-09-22,14,911.4984,"{""EUR_USD"": ""2026-09-22T15:17:51.629035+00:00"", ""XAU_USD"": ""2026-09-22T10:08:32.267697+00:00"", ""GBP_USD"": ""2026-09-22T14:48:44.654671+00:00""}"
2026-09-22,14,911.4984,"{""EUR_USD"": ""2026-09-22T15:17:51.629035+00:00"", ""XAU_USD"": ""2026-09-22T10:08:32.267697+00:00"", ""GBP_USD"": ""2026-09-22T14:48:44.654671+00:00""}"
2026-09-22,14,911.4984,"{""EUR_USD"": ""2026-09-22T15:17:51.629035+00:00"", ""XAU_USD"": ""2026-09-22T10:08:32.267697+00:00"", ""GBP_USD"": ""2026-09-22T14:48:44.654671+00:00""}"
2026-09-22,14,911.4984,"{""EUR_USD"": ""2026-09-22T15:17:51.629035+00:00"", ""XAU_USD"": ""2026-09-22T10:08:32.267697+00:00"", ""GBP_USD"": ""2026-09-22T14:48:44.654671+00:00""}"
2026-09-22,14,911.4984,"{""EUR_USD"": ""2026-09-22T15:17:51.629035+00:00"", ""XAU_USD"": ""2026-09-22T10:08:32.267697+00:00"", ""GBP_USD"": ""2026-09-22T14:48:44.654671+00:00""}"
2026-09-22,16,911.4984,"{""EUR_USD"": ""2026-09-22T19:54:51.632177+00:00"", ""XAU_USD"": ""2026-09-22T19:54:51.208850+00:00"", ""GBP_USD"": ""2026-09-22T14:48:44.654671+00:00""}"
2026-09-22,16,911.4984,"{""EUR_USD"": ""2026-09-22T19:54:51.632177+00:00"", ""XAU_USD"": ""2026-09-22T19:54:51.208850+00:00"", ""GBP_USD"": ""2026-09-22T14:48:44.654671+00:00""}"
2026-09-22,16,911.4984,"{""EUR_USD"": ""2026-09-22T19:54:51.632177+00:00"", ""XAU_USD"": ""2026-09-22T19:54:51.208850+00:00"", ""GBP_USD"": ""2026-09-22T14:48:44.654671+00:00""}"
2026-09-22,16,911.4984,"{""EUR_USD"": ""2026-09-22T19:54:51.632177+00:00"", ""XAU_USD"": ""2026-09-22T19:54:51.208850+00:00"", ""GBP_USD"": ""2026-09-22T14:48:44.654671+00:00""}"
2026-09-22,16,911.4984,"{""EUR_USD"": ""2026-09-22T19:54:51.632177+00:00"", ""XAU_USD"": ""2026-09-22T19:54:51.208850+00:00"", ""GBP_USD"": ""2026-09-22T14:48:44.654671+00:00""}"
2026-09-22,16,911.4984,"{""EUR_USD"": ""2026-09-22T19:54:51.632177+00:00"", ""XAU_USD"": ""2026-09-22T19:54:51.208850+00:00"", ""GBP_USD"": ""2026-09-22T14:48:44.654671+00:00""}"
2026-09-22,16,911.4984,"{""EUR_USD"": ""2026-09-22T19:54:51.632177+00:00"", ""XAU_USD"": ""2026-09-22T19:54:51.208850+00:00"", ""GBP_USD"": ""2026-09-22T14:48:44.654671+00:00""}"
2026-09-22,16,911.4984,"{""EUR_USD"": ""2026-09-22T19:54:51.632177+00:00"", ""XAU_USD"": ""2026-09-22T19:54:51.208850+00:00"", ""GBP_USD"": ""2026-09-22T14:48:44.654671+00:00""}"
2026-09-22,16,911.4984,"{""EUR_USD"": ""2026-09-22T19:54:51.632177+00:00"", ""XAU_USD"": ""2026-09-22T19:54:51.208850+00:00"", ""GBP_USD"": ""2026-09-22T14:48:44.654671+00:00""}"
2026-09-22,16,911.4984,"{""EUR_USD"": ""2026-09-22T19:54:51.632177+00:00"", ""XAU_USD"": ""2026-09-22T19:54:51.208850+00:00"", ""GBP_USD"": ""2026-09-22T14:48:44.654671+00:00""}"
2026-09-22,16,911.4984,"{""EUR_USD"": ""2026-09-22T19:54:51.632177+00:00"", ""XAU_USD"": ""2026-09-22T19:54:51.208850+00:00"", ""GBP_USD"": ""2026-09-22T14:48:44.654671+00:00""}"
2026-09-22,16,911.4984,"{""EUR_USD"": ""2026-09-22T19:54:51.632177+00:00"", ""XAU_USD"": ""2026-09-22T19:54:51.208850+00:00"", ""GBP_USD"": ""2026-09-22T14:48:44.654671+00:00""}"
2026-09-22,16,911.4984,"{""EUR_USD"": ""2026-09-22T19:54:51.632177+00:00"", ""XAU_USD"": ""2026-09-22T19:54:51.208850+00:00"", ""GBP_USD"": ""2026-09-22T14:48:44.654671+00:00""}"
2026-09-22,16,911.4984,"{""EUR_USD"": ""2026-09-22T19:54:51.632177+00:00"", ""XAU_USD"": ""2026-09-22T19:54:51.208850+00:00"", ""GBP_USD"": ""2026-09-22T14:48:44.654671+00:00""}"
2026-09-22,16,911.4984,"{""EUR_USD"": ""2026-09-22T19:54:51.632177+00:00"", ""XAU_USD"": ""2026-09-22T19:54:51.208850+00:00"", ""GBP_USD"": ""2026-09-22T14:48:44.654671+00:00""}"
2026-09-22,16,911.4984,"{""EUR_USD"": ""2026-09-22T19:54:51.632177+00:00"", ""XAU_USD"": ""2026-09-22T19:54:51.208850+00:00"", ""GBP_USD"": ""2026-09-22T14:48:44.654671+00:00""}"
2026-09-22,16,911.4984,"{""EUR_USD"": ""2026-09-22T19:54:51.632177+00:00"", ""XAU_USD"": ""2026-09-22T19:54:51.208850+00:00"", ""GBP_USD"": ""2026-09-22T14:48:44.654671+00:00""}"
2026-09-22,16,911.4984,"{""EUR_USD"": ""2026-09-22T19:54:51.632177+00:00"", ""XAU_USD"": ""2026-09-22T19:54:51.208850+00:00"", ""GBP_USD"": ""2026-09-22T14:48:44.654671+00:00""}"
2026-09-22,16,911.4984,"{""EUR_USD"": ""2026-09-22T19:54:51.632177+00:00"", ""XAU_USD"": ""2026-09-22T19:54:51.208850+00:00"", ""GBP_USD"": ""2026-09-22T14:48:44.654671+00:00""}"
2026-09-22,16,911.4984,"{""EUR_USD"": ""2026-09-22T19:54:51.632177+00:00"", ""XAU_USD"": ""2026-09-22T19:54:51.208850+00:00"", ""GBP_USD"": ""2026-09-22T14:48:44.654671+00:00""}"
2026-09-23,0,858.524,{}
2026-09-23,0,858.524,{}
2026-09-23,0,858.524,{}
2026-09-23,0,858.524,{}
2026-09-23,2,858.524,"{""XAU_USD"": ""2026-09-23T01:22:15.704417+00:00"", ""EUR_USD"": ""2026-09-23T01:22:16.720001+00:00""}"
2026-09-23,2,858.524,"{""XAU_USD"": ""2026-09-23T01:22:15.704417+00:00"", ""EUR_USD"": ""2026-09-23T01:22:16.720001+00:00""}"
2026-09-23,2,858.524,"{""XAU_USD"": ""2026-09-23T01:22:15.704417+00:00"", ""EUR_USD"": ""2026-09-23T01:22:16.720001+00:00""}"
2026-09-23,2,858.524,"{""XAU_USD"": ""2026-09-23T01:22:15.704417+00:00"", ""EUR_USD"": ""2026-09-23T01:22:16.720001+00:00""}"
2026-09-23,3,858.524,"{""XAU_USD"": ""2026-09-23T01:22:15.704417+00:00"", ""EUR_USD"": ""2026-09-23T02:25:54.650304+00:00""}"
2026-09-23,3,858.524,"{""XAU_USD"": ""2026-09-23T01:22:15.704417+00:00"", ""EUR_USD"": ""2026-09-23T02:25:54.650304+00:00""}"
2026-09-23,3,858.524,"{""XAU_USD"": ""2026-09-23T01:22:15.704417+00:00"", ""EUR_USD"": ""2026-09-23T02:25:54.650304+00:00""}"
2026-09-23,3,858.524,"{""XAU_USD"": ""2026-09-23T01:22:15.704417+00:00"", ""EUR_USD"": ""2026-09-23T02:25:54.650304+00:00""}"
2026-09-23,3,858.524,"{""XAU_USD"": ""2026-09-23T01:22:15.704417+00:00"", ""EUR_USD"": ""2026-09-23T02:25:54.650304+00:00""}"
2026-09-23,4,858.524,"{""XAU_USD"": ""2026-09-23T01:22:15.704417+00:00"", ""EUR_USD"": ""2026-09-23T02:25:54.650304+00:00"", ""GBP_USD"": ""2026-09-23T03:35:01.360070+00:00""}"
2026-09-23,4,858.524,"{""XAU_USD"": ""2026-09-23T01:22:15.704417+00:00"", ""EUR_USD"": ""2026-09-23T02:25:54.650304+00:00"", ""GBP_USD"": ""2026-09-23T03:35:01.360070+00:00""}"
2026-09-23,4,858.524,"{""XAU_USD"": ""2026-09-23T01:22:15.704417+00:00"", ""EUR_USD"": ""2026-09-23T02:25:54.650304+00:00"", ""GBP_USD"": ""2026-09-23T03:35:01.360070+00:00""}"
2026-09-23,4,858.524,"{""XAU_USD"": ""2026-09-23T01:22:15.704417+00:00"", ""EUR_USD"": ""2026-09-23T02:25:54.650304+00:00"", ""GBP_USD"": ""2026-09-23T03:35:01.360070+00:00""}"
2026-09-23,4,858.524,"{""XAU_USD"": ""2026-09-23T01:22:15.704417+00:00"", ""EUR_USD"": ""2026-09-23T02:25:54.650304+00:00"", ""GBP_USD"": ""2026-09-23T03:35:01.360070+00:00""}"
2026-09-23,4,858.524,"{""XAU_USD"": ""2026-09-23T01:22:15.704417+00:00"", ""EUR_USD"": ""2026-09-23T02:25:54.650304+00:00"", ""GBP_USD"": ""2026-09-23T03:35:01.360070+00:00""}"
2026-09-23,4,858.524,"{""XAU_USD"": ""2026-09-23T01:22:15.704417+00:00"", ""EUR_USD"": ""2026-09-23T02:25:54.650304+00:00"", ""GBP_USD"": ""2026-09-23T03:35:01.360070+00:00""}"
2026-09-23,4,858.524,"{""XAU_USD"": ""2026-09-23T01:22:15.704417+00:00"", ""EUR_USD"": ""2026-09-23T02:25:54.650304+00:00"", ""GBP_USD"": ""2026-09-23T03:35:01.360070+00:00""}"
2026-09-23,4,858.524,"{""XAU_USD"": ""2026-09-23T01:22:15.704417+00:00"", ""EUR_USD"": ""2026-09-23T02:25:54.650304+00:00"", ""GBP_USD"": ""2026-09-23T03:35:01.360070+00:00""}"
2026-09-23,4,858.524,"{""XAU_USD"": ""2026-09-23T01:22:15.704417+00:00"", ""EUR_USD"": ""2026-09-23T02:25:54.650304+00:00"", ""GBP_USD"": ""2026-09-23T03:35:01.360070+00:00""}"
2026-09-23,5,858.524,"{""XAU_USD"": ""2026-09-23T05:52:01.060209+00:00"", ""EUR_USD"": ""2026-09-23T02:25:54.650304+00:00"", ""GBP_USD"": ""2026-09-23T03:35:01.360070+00:00""}"
2026-09-23,5,858.524,"{""XAU_USD"": ""2026-09-23T05:52:01.060209+00:00"", ""EUR_USD"": ""2026-09-23T02:25:54.650304+00:00"", ""GBP_USD"": ""2026-09-23T03:35:01.360070+00:00""}"
2026-09-23,5,858.524,"{""XAU_USD"": ""2026-09-23T05:52:01.060209+00:00"", ""EUR_USD"": ""2026-09-23T02:25:54.650304+00:00"", ""GBP_USD"": ""2026-09-23T03:35:01.360070+00:00""}"
2026-09-23,5,858.524,"{""XAU_USD"": ""2026-09-23T05:52:01.060209+00:00"", ""EUR_USD"": ""2026-09-23T02:25:54.650304+00:00"", ""GBP_USD"": ""2026-09-23T03:35:01.360070+00:00""}"
2026-09-23,5,858.524,"{""XAU_USD"": ""2026-09-23T05:52:01.060209+00:00"", ""EUR_USD"": ""2026-09-23T02:25:54.650304+00:00"", ""GBP_USD"": ""2026-09-23T03:35:01.360070+00:00""}"
2026-09-23,5,858.524,"{""XAU_USD"": ""2026-09-23T05:52:01.060209+00:00"", ""EUR_USD"": ""2026-09-23T02:25:54.650304+00:00"", ""GBP_USD"": ""2026-09-23T03:35:01.360070+00:00""}"
2026-09-23,5,858.524,"{""XAU_USD"": ""2026-09-23T05:52:01.060209+00:00"", ""EUR_USD"": ""2026-09-23T02:25:54.650304+00:00"", ""GBP_USD"": ""2026-09-23T03:35:01.360070+00:00""}"
2026-09-23,5,858.524,"{""XAU_USD"": ""2026-09-23T05:52:01.060209+00:00"", ""EUR_USD"": ""2026-09-23T02:25:54.650304+00:00"", ""GBP_USD"": ""2026-09-23T03:35:01.360070+00:00""}"
2026-09-23,5,858.524,"{""XAU_USD"": ""2026-09-23T05:52:01.060209+00:00"", ""EUR_USD"": ""2026-09-23T02:25:54.650304+00:00"", ""GBP_USD"": ""2026-09-23T03:35:01.360070+00:00""}"
2026-09-23,7,858.524,"{""XAU_USD"": ""2026-09-23T05:52:01.060209+00:00"", ""EUR_USD"": ""2026-09-23T08:14:39.806957+00:00"", ""GBP_USD"": ""2026-09-23T08:14:40.161602+00:00""}"
2026-09-23,7,858.524,"{""XAU_USD"": ""2026-09-23T05:52:01.060209+00:00"", ""EUR_USD"": ""2026-09-23T08:14:39.806957+00:00"", ""GBP_USD"": ""2026-09-23T08:14:40.161602+00:00""}"
2026-09-23,7,858.524,"{""XAU_USD"": ""2026-09-23T05:52:01.060209+00:00"", ""EUR_USD"": ""2026-09-23T08:14:39.806957+00:00"", ""GBP_USD"": ""2026-09-23T08:14:40.161602+00:00""}"
2026-09-23,7,858.524,"{""XAU_USD"": ""2026-09-23T05:52:01.060209+00:00"", ""EUR_USD"": ""2026-09-23T08:14:39.806957+00:00"", ""GBP_USD"": ""2026-09-23T08:14:40.161602+00:00""}"
2026-09-23,7,858.524,"{""XAU_USD"": ""2026-09-23T05:52:01.060209+00:00"", ""EUR_USD"": ""2026-09-23T08:14:39.806957+00:00"", ""GBP_USD"": ""2026-09-23T08:14:40.161602+00:00""}"
2026-09-23,8,858.524,"{""XAU_USD"": ""2026-09-23T05:52:01.060209+00:00"", ""EUR_USD"": ""2026-09-23T08:14:39.806957+00:00"", ""GBP_USD"": ""2026-09-23T09:30:32.627971+00:00""}"
2026-09-23,8,858.524,"{""XAU_USD"": ""2026-09-23T05:52:01.060209+00:00"", ""EUR_USD"": ""2026-09-23T08:14:39.806957+00:00"", ""GBP_USD"": ""2026-09-23T09:30:32.627971+00:00""}"
2026-09-23,8,858.524,"{""XAU_USD"": ""2026-09-23T05:52:01.060209+00:00"", ""EUR_USD"": ""2026-09-23T08:14:39.806957+00:00"", ""GBP_USD"": ""2026-09-23T09:30:32.627971+00:00""}"
2026-09-23,8,858.524,"{""XAU_USD"": ""2026-09-23T05:52:01.060209+00:00"", ""EUR_USD"": ""2026-09-23T08:14:39.806957+00:00"", ""GBP_USD"": ""2026-09-23T09:30:32.627971+00:00""}"
2026-09-23,8,858.524,"{""XAU_USD"": ""2026-09-23T05:52:01.060209+00:00"", ""EUR_USD"": ""2026-09-23T08:14:39.806957+00:00"", ""GBP_USD"": ""2026-09-23T09:30:32.627971+00:00""}"
2026-09-23,8,858.524,"{""XAU_USD"": ""2026-09-23T05:52:01.060209+00:00"", ""EUR_USD"": ""2026-09-23T08:14:39.806957+00:00"", ""GBP_USD"": ""2026-09-23T09:30:32.627971+00:00""}"
2026-09-23,8,858.524,"{""XAU_USD"": ""2026-09-23T05:52:01.060209+00:00"", ""EUR_USD"": ""2026-09-23T08:14:39.806957+00:00"", ""GBP_USD"": ""2026-09-23T09:30:32.627971+00:00""}"
2026-09-23,8,858.524,"{""XAU_USD"": ""2026-09-23T05:52:01.060209+00:00"", ""EUR_USD"": ""2026-09-23T08:14:39.806957+00:00"", ""GBP_USD"": ""2026-09-23T09:30:32.627971+00:00""}"
2026-09-23,8,858.524,"{""XAU_USD"": ""2026-09-23T05:52:01.060209+00:00"", ""EUR_USD"": ""2026-09-23T08:14:39.806957+00:00"", ""GBP_USD"": ""2026-09-23T09:30:32.627971+00:00""}"
2026-09-23,9,858.524,"{""XAU_USD"": ""2026-09-23T11:36:42.422382+00:00"", ""EUR_USD"": ""2026-09-23T08:14:39.806957+00:00"", ""GBP_USD"": ""2026-09-23T09:30:32.627971+00:00""}"
2026-09-23,9,858.524,"{""XAU_USD"": ""2026-09-23T11:36:42.422382+00:00"", ""EUR_USD"": ""2026-09-23T08:14:39.806957+00:00"", ""GBP_USD"": ""2026-09-23T09:30:32.627971+00:00""}"
2026-09-23,9,858.524,"{""XAU_USD"": ""2026-09-23T11:36:42.422382+00:00"", ""EUR_USD"": ""2026-09-23T08:14:39.806957+00:00"", ""GBP_USD"": ""2026-09-23T09:30:32.627971+00:00""}"
2026-09-23,9,858.524,"{""XAU_USD"": ""2026-09-23T11:36:42.422382+00:00"", ""EUR_USD"": ""2026-09-23T08:14:39.806957+00:00"", ""GBP_USD"": ""2026-09-23T09:30:32.627971+00:00""}"
2026-09-23,11,858.524,"{""XAU_USD"": ""2026-09-23T11:36:42.422382+00:00"", ""EUR_USD"": ""2026-09-23T12:39:13.538821+00:00"", ""GBP_USD"": ""2026-09-23T12:39:13.891651+00:00""}"
2026-09-23,11,858.524,"{""XAU_USD"": ""2026-09-23T11:36:42.422382+00:00"", ""EUR_USD"": ""2026-09-23T12:39:13.538821+00:00"", ""GBP_USD"": ""2026-09-23T12:39:13.891651+00:00""}"
2026-09-23,11,858.524,"{""XAU_USD"": ""2026-09-23T11:36:42.422382+00:00"", ""EUR_USD"": ""2026-09-23T12:39:13.538821+00:00"", ""GBP_USD"": ""2026-09-23T12:39:13.891651+00:00""}"
2026-09-23,11,858.524,"{""XAU_USD"": ""2026-09-23T11:36:42.422382+00:00"", ""EUR_USD"": ""2026-09-23T12:39:13.538821+00:00"", ""GBP_USD"": ""2026-09-23T12:39:13.891651+00:00""}"
2026-09-23,11,858.524,"{""XAU_USD"": ""2026-09-23T11:36:42.422382+00:00"", ""EUR_USD"": ""2026-09-23T12:39:13.538821+00:00"", ""GBP_USD"": ""2026-09-23T12:39:13.891651+00:00""}"
2026-09-23,12,858.524,"{""XAU_USD"": ""2026-09-23T13:53:45.360017+00:00"", ""EUR_USD"": ""2026-09-23T12:39:13.538821+00:00"", ""GBP_USD"": ""2026-09-23T12:39:13.891651+00:00""}"
2026-09-23,14,858.524,"{""XAU_USD"": ""2026-09-23T13:53:45.360017+00:00"", ""EUR_USD"": ""2026-09-23T14:06:35.311890+00:00"", ""GBP_USD"": ""2026-09-23T14:06:35.695818+00:00""}"
2026-09-23,14,858.524,"{""XAU_USD"": ""2026-09-23T13:53:45.360017+00:00"", ""EUR_USD"": ""2026-09-23T14:06:35.311890+00:00"", ""GBP_USD"": ""2026-09-23T14:06:35.695818+00:00""}"
2026-09-23,14,858.524,"{""XAU_USD"": ""2026-09-23T13:53:45.360017+00:00"", ""EUR_USD"": ""2026-09-23T14:06:35.311890+00:00"", ""GBP_USD"": ""2026-09-23T14:06:35.695818+00:00""}"
2026-09-23,14,858.524,"{""XAU_USD"": ""2026-09-23T13:53:45.360017+00:00"", ""EUR_USD"": ""2026-09-23T14:06:35.311890+00:00"", ""GBP_USD"": ""2026-09-23T14:06:35.695818+00:00""}"
2026-09-23,14,858.524,"{""XAU_USD"": ""2026-09-23T13:53:45.360017+00:00"", ""EUR_USD"": ""2026-09-23T14:06:35.311890+00:00"", ""GBP_USD"": ""2026-09-23T14:06:35.695818+00:00""}"
2026-09-23,14,858.524,"{""XAU_USD"": ""2026-09-23T13:53:45.360017+00:00"", ""EUR_USD"": ""2026-09-23T14:06:35.311890+00:00"", ""GBP_USD"": ""2026-09-23T14:06:35.695818+00:00""}"
2026-09-23,14,858.524,"{""XAU_USD"": ""2026-09-23T13:53:45.360017+00:00"", ""EUR_USD"": ""2026-09-23T14:06:35.311890+00:00"", ""GBP_USD"": ""2026-09-23T14:06:35.695818+00:00""}"
2026-09-23,14,858.524,"{""XAU_USD"": ""2026-09-23T13:53:45.360017+00:00"", ""EUR_USD"": ""2026-09-23T14:06:35.311890+00:00"", ""GBP_USD"": ""2026-09-23T14:06:35.695818+00:00""}"
2026-09-23,14,858.524,"{""XAU_USD"": ""2026-09-23T13:53:45.360017+00:00"", ""EUR_USD"": ""2026-09-23T14:06:35.311890+00:00"", ""GBP_USD"": ""2026-09-23T14:06:35.695818+00:00""}"
2026-09-23,14,858.524,"{""XAU_USD"": ""2026-09-23T13:53:45.360017+00:00"", ""EUR_USD"": ""2026-09-23T14:06:35.311890+00:00"", ""GBP_USD"": ""2026-09-23T14:06:35.695818+00:00""}"
2026-09-23,14,858.524,"{""XAU_USD"": ""2026-09-23T13:53:45.360017+00:00"", ""EUR_USD"": ""2026-09-23T14:06:35.311890+00:00"", ""GBP_USD"": ""2026-09-23T14:06:35.695818+00:00""}"
2026-09-23,14,858.524,"{""XAU_USD"": ""2026-09-23T13:53:45.360017+00:00"", ""EUR_USD"": ""2026-09-23T14:06:35.311890+00:00"", ""GBP_USD"": ""2026-09-23T14:06:35.695818+00:00""}"
2026-09-23,16,858.524,"{""XAU_USD"": ""2026-09-23T13:53:45.360017+00:00"", ""EUR_USD"": ""2026-09-23T17:19:36.586937+00:00"", ""GBP_USD"": ""2026-09-23T17:19:36.862410+00:00""}"
2026-09-23,16,858.524,"{""XAU_USD"": ""2026-09-23T13:53:45.360017+00:00"", ""EUR_USD"": ""2026-09-23T17:19:36.586937+00:00"", ""GBP_USD"": ""2026-09-23T17:19:36.862410+00:00""}"
2026-09-23,16,858.524,"{""XAU_USD"": ""2026-09-23T13:53:45.360017+00:00"", ""EUR_USD"": ""2026-09-23T17:19:36.586937+00:00"", ""GBP_USD"": ""2026-09-23T17:19:36.862410+00:00""}"
2026-09-23,16,858.524,"{""XAU_USD"": ""2026-09-23T13:53:45.360017+00:00"", ""EUR_USD"": ""2026-09-23T17:19:36.586937+00:00"", ""GBP_USD"": ""2026-09-23T17:19:36.862410+00:00""}"
2026-09-23,16,858.524,"{""XAU_USD"": ""2026-09-23T13:53:45.360017+00:00"", ""EUR_USD"": ""2026-09-23T17:19:36.586937+00:00"", ""GBP_USD"": ""2026-09-23T17:19:36.862410+00:00""}"
2026-09-23,16,858.524,"{""XAU_USD"": ""2026-09-23T13:53:45.360017+00:00"", ""EUR_USD"": ""2026-09-23T17:19:36.586937+00:00"", ""GBP_USD"": ""2026-09-23T17:19:36.862410+00:00""}"
2026-09-23,16,858.524,"{""XAU_USD"": ""2026-09-23T13:53:45.360017+00:00"", ""EUR_USD"": ""2026-09-23T17:19:36.586937+00:00"", ""GBP_USD"": ""2026-09-23T17:19:36.862410+00:00""}"
2026-09-23,16,858.524,"{""XAU_USD"": ""2026-09-23T13:53:45.360017+00:00"", ""EUR_USD"": ""2026-09-23T17:19:36.586937+00:00"", ""GBP_USD"": ""2026-09-23T17:19:36.862410+00:00""}"
2026-09-23,16,858.524,"{""XAU_USD"": ""2026-09-23T13:53:45.360017+00:00"", ""EUR_USD"": ""2026-09-23T17:19:36.586937+00:00"", ""GBP_USD"": ""2026-09-23T17:19:36.862410+00:00""}"
2026-09-23,16,858.524,"{""XAU_USD"": ""2026-09-23T13:53:45.360017+00:00"", ""EUR_USD"": ""2026-09-23T17:19:36.586937+00:00"", ""GBP_USD"": ""2026-09-23T17:19:36.862410+00:00""}"
2026-09-23,16,858.524,"{""XAU_USD"": ""2026-09-23T13:53:45.360017+00:00"", ""EUR_USD"": ""2026-09-23T17:19:36.586937+00:00"", ""GBP_USD"": ""2026-09-23T17:19:36.862410+00:00""}"
2026-09-23,16,858.524,"{""XAU_USD"": ""2026-09-23T13:53:45.360017+00:00"", ""EUR_USD"": ""2026-09-23T17:19:36.586937+00:00"", ""GBP_USD"": ""2026-09-23T17:19:36.862410+00:00""}"
2026-09-23,16,858.524,"{""XAU_USD"": ""2026-09-23T13:53:45.360017+00:00"", ""EUR_USD"": ""2026-09-23T17:19:36.586937+00:00"", ""GBP_USD"": ""2026-09-23T17:19:36.862410+00:00""}"
2026-09-23,16,858.524,"{""XAU_USD"": ""2026-09-23T13:53:45.360017+00:00"", ""EUR_USD"": ""2026-09-23T17:19:36.586937+00:00"", ""GBP_USD"": ""2026-09-23T17:19:36.862410+00:00""}"
2026-09-23,16,858.524,"{""XAU_USD"": ""2026-09-23T13:53:45.360017+00:00"", ""EUR_USD"": ""2026-09-23T17:19:36.586937+00:00"", ""GBP_USD"": ""2026-09-23T17:19:36.862410+00:00""}"
2026-09-23,16,858.524,"{""XAU_USD"": ""2026-09-23T13:53:45.360017+00:00"", ""EUR_USD"": ""2026-09-23T17:19:36.586937+00:00"", ""GBP_USD"": ""2026-09-23T17:19:36.862410+00:00""}"
2026-09-23,16,858.524,"{""XAU_USD"": ""2026-09-23T13:53:45.360017+00:00"", ""EUR_USD"": ""2026-09-23T17:19:36.586937+00:00"", ""GBP_USD"": ""2026-09-23T17:19:36.862410+00:00""}"
2026-09-23,16,858.524,"{""XAU_USD"": ""2026-09-23T13:53:45.360017+00:00"", ""EUR_USD"": ""2026-09-23T17:19:36.586937+00:00"", ""GBP_USD"": ""2026-09-23T17:19:36.862410+00:00""}"
2026-09-23,16,858.524,"{""XAU_USD"": ""2026-09-23T13:53:45.360017+00:00"", ""EUR_USD"": ""2026-09-23T17:19:36.586937+00:00"", ""GBP_USD"": ""2026-09-23T17:19:36.862410+00:00""}"
2026-09-23,16,858.524,"{""XAU_USD"": ""2026-09-23T13:53:45.360017+00:00"", ""EUR_USD"": ""2026-09-23T17:19:36.586937+00:00"", ""GBP_USD"": ""2026-09-23T17:19:36.862410+00:00""}"
2026-09-23,16,858.524,"{""XAU_USD"": ""2026-09-23T13:53:45.360017+00:00"", ""EUR_USD"": ""2026-09-23T17:19:36.586937+00:00"", ""GBP_USD"": ""2026-09-23T17:19:36.862410+00:00""}"
2026-09-23,16,858.524,"{""XAU_USD"": ""2026-09-23T13:53:45.360017+00:00"", ""EUR_USD"": ""2026-09-23T17:19:36.586937+00:00"", ""GBP_USD"": ""2026-09-23T17:19:36.862410+00:00""}"
2026-09-23,16,858.524,"{""XAU_USD"": ""2026-09-23T13:53:45.360017+00:00"", ""EUR_USD"": ""2026-09-23T17:19:36.586937+00:00"", ""GBP_USD"": ""2026-09-23T17:19:36.862410+00:00""}"
2026-09-23,16,858.524,"{""XAU_USD"": ""2026-09-23T13:53:45.360017+00:00"", ""EUR_USD"": ""2026-09-23T17:19:36.586937+00:00"", ""GBP_USD"": ""2026-09-23T17:19:36.862410+00:00""}"
2026-09-23,16,858.524,"{""XAU_USD"": ""2026-09-23T13:53:45.360017+00:00"", ""EUR_USD"": ""2026-09-23T17:19:36.586937+00:00"", ""GBP_USD"": ""2026-09-23T17:19:36.862410+00:00""}"
2026-09-23,16,858.524,"{""XAU_USD"": ""2026-09-23T13:53:45.360017+00:00"", ""EUR_USD"": ""2026-09-23T17:19:36.586937+00:00"", ""GBP_USD"": ""2026-09-23T17:19:36.862410+00:00""}"
2026-09-23,16,858.524,"{""XAU_USD"": ""2026-09-23T13:53:45.360017+00:00"", ""EUR_USD"": ""2026-09-23T17:19:36.586937+00:00"", ""GBP_USD"": ""2026-09-23T17:19:36.862410+00:00""}"
2026-09-23,16,858.524,"{""XAU_USD"": ""2026-09-23T13:53:45.360017+00:00"", ""EUR_USD"": ""2026-09-23T17:19:36.586937+00:00"", ""GBP_USD"": ""2026-09-23T17:19:36.862410+00:00""}"
2026-09-23,16,858.524,"{""XAU_USD"": ""2026-09-23T13:53:45.360017+00:00"", ""EUR_USD"": ""2026-09-23T17:19:36.586937+00:00"", ""GBP_USD"": ""2026-09-23T17:19:36.862410+00:00""}"
2026-09-23,16,858.524,"{""XAU_USD"": ""2026-09-23T13:53:45.360017+00:00"", ""EUR_USD"": ""2026-09-23T17:19:36.586937+00:00"", ""GBP_USD"": ""2026-09-23T17:19:36.862410+00:00""}"
2026-09-23,16,858.524,"{""XAU_USD"": ""2026-09-23T13:53:45.360017+00:00"", ""EUR_USD"": ""2026-09-23T17:19:36.586937+00:00"", ""GBP_USD"": ""2026-09-23T17:19:36.862410+00:00""}"
2026-09-24,1,905.8169,"{""GBP_USD"": ""2026-09-24T00:17:48.288283+00:00""}"
2026-09-24,2,905.8169,"{""GBP_USD"": ""2026-09-24T00:17:48.288283+00:00"", ""EUR_USD"": ""2026-09-24T00:39:13.044421+00:00""}"
2026-09-24,2,905.8169,"{""GBP_USD"": ""2026-09-24T00:17:48.288283+00:00"", ""EUR_USD"": ""2026-09-24T00:39:13.044421+00:00""}"
2026-09-24,2,905.8169,"{""GBP_USD"": ""2026-09-24T00:17:48.288283+00:00"", ""EUR_USD"": ""2026-09-24T00:39:13.044421+00:00""}"
2026-09-24,2,905.8169,"{""GBP_USD"": ""2026-09-24T00:17:48.288283+00:00"", ""EUR_USD"": ""2026-09-24T00:39:13.044421+00:00""}"
2026-09-24,2,905.8169,"{""GBP_USD"": ""2026-09-24T00:17:48.288283+00:00"", ""EUR_USD"": ""2026-09-24T00:39:13.044421+00:00""}"
2026-09-24,2,905.8169,"{""GBP_USD"": ""2026-09-24T00:17:48.288283+00:00"", ""EUR_USD"": ""2026-09-24T00:39:13.044421+00:00""}"
2026-09-24,2,905.8169,"{""GBP_USD"": ""2026-09-24T00:17:48.288283+00:00"", ""EUR_USD"": ""2026-09-24T00:39:13.044421+00:00""}"
2026-09-24,2,905.8169,"{""GBP_USD"": ""2026-09-24T00:17:48.288283+00:00"", ""EUR_USD"": ""2026-09-24T00:39:13.044421+00:00""}"
2026-09-24,2,905.8169,"{""GBP_USD"": ""2026-09-24T00:17:48.288283+00:00"", ""EUR_USD"": ""2026-09-24T00:39:13.044421+00:00""}"
2026-09-24,2,905.8169,"{""GBP_USD"": ""2026-09-24T00:17:48.288283+00:00"", ""EUR_USD"": ""2026-09-24T00:39:13.044421+00:00""}"
2026-09-24,2,905.8169,"{""GBP_USD"": ""2026-09-24T00:17:48.288283+00:00"", ""EUR_USD"": ""2026-09-24T00:39:13.044421+00:00""}"
2026-09-24,2,905.8169,"{""GBP_USD"": ""2026-09-24T00:17:48.288283+00:00"", ""EUR_USD"": ""2026-09-24T00:39:13.044421+00:00""}"
2026-09-24,2,905.8169,"{""GBP_USD"": ""2026-09-24T00:17:48.288283+00:00"", ""EUR_USD"": ""2026-09-24T00:39:13.044421+00:00""}"
2026-09-24,2,905.8169,"{""GBP_USD"": ""2026-09-24T00:17:48.288283+00:00"", ""EUR_USD"": ""2026-09-24T00:39:13.044421+00:00""}"
2026-09-24,2,905.8169,"{""GBP_USD"": ""2026-09-24T00:17:48.288283+00:00"", ""EUR_USD"": ""2026-09-24T00:39:13.044421+00:00""}"
2026-09-24,2,905.8169,"{""GBP_USD"": ""2026-09-24T00:17:48.288283+00:00"", ""EUR_USD"": ""2026-09-24T00:39:13.044421+00:00""}"
2026-09-24,2,905.8169,"{""GBP_USD"": ""2026-09-24T00:17:48.288283+00:00"", ""EUR_USD"": ""2026-09-24T00:39:13.044421+00:00""}"
2026-09-24,2,905.8169,"{""GBP_USD"": ""2026-09-24T00:17:48.288283+00:00"", ""EUR_USD"": ""2026-09-24T00:39:13.044421+00:00""}"
2026-09-24,2,905.8169,"{""GBP_USD"": ""2026-09-24T00:17:48.288283+00:00"", ""EUR_USD"": ""2026-09-24T00:39:13.044421+00:00""}"
2026-09-24,2,905.8169,"{""GBP_USD"": ""2026-09-24T00:17:48.288283+00:00"", ""EUR_USD"": ""2026-09-24T00:39:13.044421+00:00""}"
2026-09-24,2,905.8169,"{""GBP_USD"": ""2026-09-24T00:17:48.288283+00:00"", ""EUR_USD"": ""2026-09-24T00:39:13.044421+00:00""}"
2026-09-24,2,905.8169,"{""GBP_USD"": ""2026-09-24T00:17:48.288283+00:00"", ""EUR_USD"": ""2026-09-24T00:39:13.044421+00:00""}"
2026-09-24,2,905.8169,"{""GBP_USD"": ""2026-09-24T00:17:48.288283+00:00"", ""EUR_USD"": ""2026-09-24T00:39:13.044421+00:00""}"
2026-09-24,2,905.8169,"{""GBP_USD"": ""2026-09-24T00:17:48.288283+00:00"", ""EUR_USD"": ""2026-09-24T00:39:13.044421+00:00""}"
2026-09-24,2,905.8169,"{""GBP_USD"": ""2026-09-24T00:17:48.288283+00:00"", ""EUR_USD"": ""2026-09-24T00:39:13.044421+00:00""}"
2026-09-24,2,905.8169,"{""GBP_USD"": ""2026-09-24T00:17:48.288283+00:00"", ""EUR_USD"": ""2026-09-24T00:39:13.044421+00:00""}"
2026-09-24,2,905.8169,"{""GBP_USD"": ""2026-09-24T00:17:48.288283+00:00"", ""EUR_USD"": ""2026-09-24T00:39:13.044421+00:00""}"
2026-09-24,2,905.8169,"{""GBP_USD"": ""2026-09-24T00:17:48.288283+00:00"", ""EUR_USD"": ""2026-09-24T00:39:13.044421+00:00""}"
2026-09-24,2,905.8169,"{""GBP_USD"": ""2026-09-24T00:17:48.288283+00:00"", ""EUR_USD"": ""2026-09-24T00:39:13.044421+00:00""}"
2026-09-24,2,905.8169,"{""GBP_USD"": ""2026-09-24T00:17:48.288283+00:00"", ""EUR_USD"": ""2026-09-24T00:39:13.044421+00:00""}"
2026-09-24,2,905.8169,"{""GBP_USD"": ""2026-09-24T00:17:48.288283+00:00"", ""EUR_USD"": ""2026-09-24T00:39:13.044421+00:00""}"
2026-09-24,2,905.8169,"{""GBP_USD"": ""2026-09-24T00:17:48.288283+00:00"", ""EUR_USD"": ""2026-09-24T00:39:13.044421+00:00""}"
2026-09-24,2,905.8169,"{""GBP_USD"": ""2026-09-24T00:17:48.288283+00:00"", ""EUR_USD"": ""2026-09-24T00:39:13.044421+00:00""}"
2026-09-24,2,905.8169,"{""GBP_USD"": ""2026-09-24T00:17:48.288283+00:00"", ""EUR_USD"": ""2026-09-24T00:39:13.044421+00:00""}"
2026-09-24,2,905.8169,"{""GBP_USD"": ""2026-09-24T00:17:48.288283+00:00"", ""EUR_USD"": ""2026-09-24T00:39:13.044421+00:00""}"
2026-09-24,3,905.8169,"{""GBP_USD"": ""2026-09-24T00:17:48.288283+00:00"", ""EUR_USD"": ""2026-09-24T09:19:34.195547+00:00""}"
2026-09-24,4,905.8169,"{""GBP_USD"": ""2026-09-24T00:17:48.288283+00:00"", ""EUR_USD"": ""2026-09-24T09:19:34.195547+00:00"", ""XAU_USD"": ""2026-09-24T09:34:22.679832+00:00""}"
2026-09-24,4,905.8169,"{""GBP_USD"": ""2026-09-24T00:17:48.288283+00:00"", ""EUR_USD"": ""2026-09-24T09:19:34.195547+00:00"", ""XAU_USD"": ""2026-09-24T09:34:22.679832+00:00""}"
2026-09-24,4,905.8169,"{""GBP_USD"": ""2026-09-24T00:17:48.288283+00:00"", ""EUR_USD"": ""2026-09-24T09:19:34.195547+00:00"", ""XAU_USD"": ""2026-09-24T09:34:22.679832+00:00""}"
2026-09-24,4,905.8169,"{""GBP_USD"": ""2026-09-24T00:17:48.288283+00:00"", ""EUR_USD"": ""2026-09-24T09:19:34.195547+00:00"", ""XAU_USD"": ""2026-09-24T09:34:22.679832+00:00""}"
2026-09-24,4,905.8169,"{""GBP_USD"": ""2026-09-24T00:17:48.288283+00:00"", ""EUR_USD"": ""2026-09-24T09:19:34.195547+00:00"", ""XAU_USD"": ""2026-09-24T09:34:22.679832+00:00""}"
2026-09-24,4,905.8169,"{""GBP_USD"": ""2026-09-24T00:17:48.288283+00:00"", ""EUR_USD"": ""2026-09-24T09:19:34.195547+00:00"", ""XAU_USD"": ""2026-09-24T09:34:22.679832+00:00""}"
2026-09-24,4,905.8169,"{""GBP_USD"": ""2026-09-24T00:17:48.288283+00:00"", ""EUR_USD"": ""2026-09-24T09:19:34.195547+00:00"", ""XAU_USD"": ""2026-09-24T09:34:22.679832+00:00""}"
2026-09-24,4,905.8169,"{""GBP_USD"": ""2026-09-24T00:17:48.288283+00:00"", ""EUR_USD"": ""2026-09-24T09:19:34.195547+00:00"", ""XAU_USD"": ""2026-09-24T09:34:22.679832+00:00""}"
2026-09-24,4,905.8169,"{""GBP_USD"": ""2026-09-24T00:17:48.288283+00:00"", ""EUR_USD"": ""2026-09-24T09:19:34.195547+00:00"", ""XAU_USD"": ""2026-09-24T09:34:22.679832+00:00""}"
2026-09-24,4,905.8169,"{""GBP_USD"": ""2026-09-24T00:17:48.288283+00:00"", ""EUR_USD"": ""2026-09-24T09:19:34.195547+00:00"", ""XAU_USD"": ""2026-09-24T09:34:22.679832+00:00""}"
2026-09-24,4,905.8169,"{""GBP_USD"": ""2026-09-24T00:17:48.288283+00:00"", ""EUR_USD"": ""2026-09-24T09:19:34.195547+00:00"", ""XAU_USD"": ""2026-09-24T09:34:22.679832+00:00""}"
2026-09-24,4,905.8169,"{""GBP_USD"": ""2026-09-24T00:17:48.288283+00:00"", ""EUR_USD"": ""2026-09-24T09:19:34.195547+00:00"", ""XAU_USD"": ""2026-09-24T09:34:22.679832+00:00""}"
2026-09-24,4,905.8169,"{""GBP_USD"": ""2026-09-24T00:17:48.288283+00:00"", ""EUR_USD"": ""2026-09-24T09:19:34.195547+00:00"", ""XAU_USD"": ""2026-09-24T09:34:22.679832+00:00""}"
2026-09-24,4,905.8169,"{""GBP_USD"": ""2026-09-24T00:17:48.288283+00:00"", ""EUR_USD"": ""2026-09-24T09:19:34.195547+00:00"", ""XAU_USD"": ""2026-09-24T09:34:22.679832+00:00""}"
2026-09-24,5,905.8169,"{""GBP_USD"": ""2026-09-24T00:17:48.288283+00:00"", ""EUR_USD"": ""2026-09-24T09:19:34.195547+00:00"", ""XAU_USD"": ""2026-09-24T13:00:47.023256+00:00""}"
2026-09-24,5,905.8169,"{""GBP_USD"": ""2026-09-24T00:17:48.288283+00:00"", ""EUR_USD"": ""2026-09-24T09:19:34.195547+00:00"", ""XAU_USD"": ""2026-09-24T13:00:47.023256+00:00""}"
2026-09-24,5,905.8169,"{""GBP_USD"": ""2026-09-24T00:17:48.288283+00:00"", ""EUR_USD"": ""2026-09-24T09:19:34.195547+00:00"", ""XAU_USD"": ""2026-09-24T13:00:47.023256+00:00""}"
2026-09-24,5,905.8169,"{""GBP_USD"": ""2026-09-24T00:17:48.288283+00:00"", ""EUR_USD"": ""2026-09-24T09:19:34.195547+00:00"", ""XAU_USD"": ""2026-09-24T13:00:47.023256+00:00""}"
2026-09-24,5,905.8169,"{""GBP_USD"": ""2026-09-24T00:17:48.288283+00:00"", ""EUR_USD"": ""2026-09-24T09:19:34.195547+00:00"", ""XAU_USD"": ""2026-09-24T13:00:47.023256+00:00""}"
2026-09-24,5,905.8169,"{""GBP_USD"": ""2026-09-24T00:17:48.288283+00:00"", ""EUR_USD"": ""2026-09-24T09:19:34.195547+00:00"", ""XAU_USD"": ""2026-09-24T13:00:47.023256+00:00""}"
2026-09-24,5,905.8169,"{""GBP_USD"": ""2026-09-24T00:17:48.288283+00:00"", ""EUR_USD"": ""2026-09-24T09:19:34.195547+00:00"", ""XAU_USD"": ""2026-09-24T13:00:47.023256+00:00""}"
2026-09-24,5,905.8169,"{""GBP_USD"": ""2026-09-24T00:17:48.288283+00:00"", ""EUR_USD"": ""2026-09-24T09:19:34.195547+00:00"", ""XAU_USD"": ""2026-09-24T13:00:47.023256+00:00""}"
2026-09-24,5,905.8169,"{""GBP_USD"": ""2026-09-24T00:17:48.288283+00:00"", ""EUR_USD"": ""2026-09-24T09:19:34.195547+00:00"", ""XAU_USD"": ""2026-09-24T13:00:47.023256+00:00""}"
2026-09-24,5,905.8169,"{""GBP_USD"": ""2026-09-24T00:17:48.288283+00:00"", ""EUR_USD"": ""2026-09-24T09:19:34.195547+00:00"", ""XAU_USD"": ""2026-09-24T13:00:47.023256+00:00""}"
2026-09-24,5,905.8169,"{""GBP_USD"": ""2026-09-24T00:17:48.288283+00:00"", ""EUR_USD"": ""2026-09-24T09:19:34.195547+00:00"", ""XAU_USD"": ""2026-09-24T13:00:47.023256+00:00""}"
2026-09-24,5,905.8169,"{""GBP_USD"": ""2026-09-24T00:17:48.288283+00:00"", ""EUR_USD"": ""2026-09-24T09:19:34.195547+00:00"", ""XAU_USD"": ""2026-09-24T13:00:47.023256+00:00""}"
2026-09-24,7,905.8169,"{""GBP_USD"": ""2026-09-24T16:34:15.378972+00:00"", ""EUR_USD"": ""2026-09-24T16:34:14.434455+00:00"", ""XAU_USD"": ""2026-09-24T13:00:47.023256+00:00""}"
2026-09-24,7,905.8169,"{""GBP_USD"": ""2026-09-24T16:34:15.378972+00:00"", ""EUR_USD"": ""2026-09-24T16:34:14.434455+00:00"", ""XAU_USD"": ""2026-09-24T13:00:47.023256+00:00""}"
2026-09-24,7,905.8169,"{""GBP_USD"": ""2026-09-24T16:34:15.378972+00:00"", ""EUR_USD"": ""2026-09-24T16:34:14.434455+00:00"", ""XAU_USD"": ""2026-09-24T13:00:47.023256+00:00""}"
2026-09-24,7,905.8169,"{""GBP_USD"": ""2026-09-24T16:34:15.378972+00:00"", ""EUR_USD"": ""2026-09-24T16:34:14.434455+00:00"", ""XAU_USD"": ""2026-09-24T13:00:47.023256+00:00""}"
2026-09-24,7,905.8169,"{""GBP_USD"": ""2026-09-24T16:34:15.378972+00:00"", ""EUR_USD"": ""2026-09-24T16:34:14.434455+00:00"", ""XAU_USD"": ""2026-09-24T13:00:47.023256+00:00""}"
2026-09-24,7,905.8169,"{""GBP_USD"": ""2026-09-24T16:34:15.378972+00:00"", ""EUR_USD"": ""2026-09-24T16:34:14.434455+00:00"", ""XAU_USD"": ""2026-09-24T13:00:47.023256+00:00""}"
2026-09-24,7,905.8169,"{""GBP_USD"": ""2026-09-24T16:34:15.378972+00:00"", ""EUR_USD"": ""2026-09-24T16:34:14.434455+00:00"", ""XAU_USD"": ""2026-09-24T13:00:47.023256+00:00""}"
2026-09-24,7,905.8169,"{""GBP_USD"": ""2026-09-24T16:34:15.378972+00:00"", ""EUR_USD"": ""2026-09-24T16:34:14.434455+00:00"", ""XAU_USD"": ""2026-09-24T13:00:47.023256+00:00""}"
2026-09-24,7,905.8169,"{""GBP_USD"": ""2026-09-24T16:34:15.378972+00:00"", ""EUR_USD"": ""2026-09-24T16:34:14.434455+00:00"", ""XAU_USD"": ""2026-09-24T13:00:47.023256+00:00""}"
2026-09-24,7,905.8169,"{""GBP_USD"": ""2026-09-24T16:34:15.378972+00:00"", ""EUR_USD"": ""2026-09-24T16:34:14.434455+00:00"", ""XAU_USD"": ""2026-09-24T13:00:47.023256+00:00""}"
2026-09-24,7,905.8169,"{""GBP_USD"": ""2026-09-24T16:34:15.378972+00:00"", ""EUR_USD"": ""2026-09-24T16:34:14.434455+00:00"", ""XAU_USD"": ""2026-09-24T13:00:47.023256+00:00""}"
2026-09-24,7,905.8169,"{""GBP_USD"": ""2026-09-24T16:34:15.378972+00:00"", ""EUR_USD"": ""2026-09-24T16:34:14.434455+00:00"", ""XAU_USD"": ""2026-09-24T13:00:47.023256+00:00""}"
2026-09-24,7,905.8169,"{""GBP_USD"": ""2026-09-24T16:34:15.378972+00:00"", ""EUR_USD"": ""2026-09-24T16:34:14.434455+00:00"", ""XAU_USD"": ""2026-09-24T13:00:47.023256+00:00""}"
2026-09-24,7,905.8169,"{""GBP_USD"": ""2026-09-24T16:34:15.378972+00:00"", ""EUR_USD"": ""2026-09-24T16:34:14.434455+00:00"", ""XAU_USD"": ""2026-09-24T13:00:47.023256+00:00""}"
2026-09-24,7,905.8169,"{""GBP_USD"": ""2026-09-24T16:34:15.378972+00:00"", ""EUR_USD"": ""2026-09-24T16:34:14.434455+00:00"", ""XAU_USD"": ""2026-09-24T13:00:47.023256+00:00""}"
2026-09-24,7,905.8169,"{""GBP_USD"": ""2026-09-24T16:34:15.378972+00:00"", ""EUR_USD"": ""2026-09-24T16:34:14.434455+00:00"", ""XAU_USD"": ""2026-09-24T13:00:47.023256+00:00""}"
2026-09-24,7,905.8169,"{""GBP_USD"": ""2026-09-24T16:34:15.378972+00:00"", ""EUR_USD"": ""2026-09-24T16:34:14.434455+00:00"", ""XAU_USD"": ""2026-09-24T13:00:47.023256+00:00""}"
2026-09-24,7,905.8169,"{""GBP_USD"": ""2026-09-24T16:34:15.378972+00:00"", ""EUR_USD"": ""2026-09-24T16:34:14.434455+00:00"", ""XAU_USD"": ""2026-09-24T13:00:47.023256+00:00""}"
2026-09-24,7,905.8169,"{""GBP_USD"": ""2026-09-24T16:34:15.378972+00:00"", ""EUR_USD"": ""2026-09-24T16:34:14.434455+00:00"", ""XAU_USD"": ""2026-09-24T13:00:47.023256+00:00""}"
2026-09-24,7,905.8169,"{""GBP_USD"": ""2026-09-24T16:34:15.378972+00:00"", ""EUR_USD"": ""2026-09-24T16:34:14.434455+00:00"", ""XAU_USD"": ""2026-09-24T13:00:47.023256+00:00""}"
2026-09-24,7,905.8169,"{""GBP_USD"": ""2026-09-24T16:34:15.378972+00:00"", ""EUR_USD"": ""2026-09-24T16:34:14.434455+00:00"", ""XAU_USD"": ""2026-09-24T13:00:47.023256+00:00""}"
2026-09-24,7,905.8169,"{""GBP_USD"": ""2026-09-24T16:34:15.378972+00:00"", ""EUR_USD"": ""2026-09-24T16:34:14.434455+00:00"", ""XAU_USD"": ""2026-09-24T13:00:47.023256+00:00""}"
2026-09-24,7,905.8169,"{""GBP_USD"": ""2026-09-24T16:34:15.378972+00:00"", ""EUR_USD"": ""2026-09-24T16:34:14.434455+00:00"", ""XAU_USD"": ""2026-09-24T13:00:47.023256+00:00""}"
2026-09-24,7,905.8169,"{""GBP_USD"": ""2026-09-24T16:34:15.378972+00:00"", ""EUR_USD"": ""2026-09-24T16:34:14.434455+00:00"", ""XAU_USD"": ""2026-09-24T13:00:47.023256+00:00""}"
2026-09-24,7,905.8169,"{""GBP_USD"": ""2026-09-24T16:34:15.378972+00:00"", ""EUR_USD"": ""2026-09-24T16:34:14.434455+00:00"", ""XAU_USD"": ""2026-09-24T13:00:47.023256+00:00""}"
2026-09-24,7,905.8169,"{""GBP_USD"": ""2026-09-24T16:34:15.378972+00:00"", ""EUR_USD"": ""2026-09-24T16:34:14.434455+00:00"", ""XAU_USD"": ""2026-09-24T13:00:47.023256+00:00""}"
2026-09-24,7,905.8169,"{""GBP_USD"": ""2026-09-24T16:34:15.378972+00:00"", ""EUR_USD"": ""2026-09-24T16:34:14.434455+00:00"", ""XAU_USD"": ""2026-09-24T13:00:47.023256+00:00""}"
2026-09-24,7,905.8169,"{""GBP_USD"": ""2026-09-24T16:34:15.378972+00:00"", ""EUR_USD"": ""2026-09-24T16:34:14.434455+00:00"", ""XAU_USD"": ""2026-09-24T13:00:47.023256+00:00""}"
2026-09-24,7,905.8169,"{""GBP_USD"": ""2026-09-24T16:34:15.378972+00:00"", ""EUR_USD"": ""2026-09-24T16:34:14.434455+00:00"", ""XAU_USD"": ""2026-09-24T13:00:47.023256+00:00""}"
2026-09-24,7,905.8169,"{""GBP_USD"": ""2026-09-24T16:34:15.378972+00:00"", ""EUR_USD"": ""2026-09-24T16:34:14.434455+00:00"", ""XAU_USD"": ""2026-09-24T13:00:47.023256+00:00""}"
2026-09-24,7,905.8169,"{""GBP_USD"": ""2026-09-24T16:34:15.378972+00:00"", ""EUR_USD"": ""2026-09-24T16:34:14.434455+00:00"", ""XAU_USD"": ""2026-09-24T13:00:47.023256+00:00""}"
2026-09-24,7,905.8169,"{""GBP_USD"": ""2026-09-24T16:34:15.378972+00:00"", ""EUR_USD"": ""2026-09-24T16:34:14.434455+00:00"", ""XAU_USD"": ""2026-09-24T13:00:47.023256+00:00""}"
2026-09-24,7,905.8169,"{""GBP_USD"": ""2026-09-24T16:34:15.378972+00:00"", ""EUR_USD"": ""2026-09-24T16:34:14.434455+00:00"", ""XAU_USD"": ""2026-09-24T13:00:47.023256+00:00""}"
2026-09-24,7,905.8169,"{""GBP_USD"": ""2026-09-24T16:34:15.378972+00:00"", ""EUR_USD"": ""2026-09-24T16:34:14.434455+00:00"", ""XAU_USD"": ""2026-09-24T13:00:47.023256+00:00""}"
2026-09-25,1,883.1502,"{""GBP_USD"": ""2026-09-25T00:13:41.965878+00:00""}"
2026-09-25,1,883.1502,"{""GBP_USD"": ""2026-09-25T00:13:41.965878+00:00""}"
2026-09-25,1,883.1502,"{""GBP_USD"": ""2026-09-25T00:13:41.965878+00:00""}"
2026-09-25,1,883.1502,"{""GBP_USD"": ""2026-09-25T00:13:41.965878+00:00""}"
2026-09-25,3,883.1502,"{""GBP_USD"": ""2026-09-25T01:18:20.101683+00:00"", ""XAU_USD"": ""2026-09-25T01:18:19.352980+00:00""}"
2026-09-25,3,883.1502,"{""GBP_USD"": ""2026-09-25T01:18:20.101683+00:00"", ""XAU_USD"": ""2026-09-25T01:18:19.352980+00:00""}"
2026-09-25,3,883.1502,"{""GBP_USD"": ""2026-09-25T01:18:20.101683+00:00"", ""XAU_USD"": ""2026-09-25T01:18:19.352980+00:00""}"
2026-09-25,3,883.1502,"{""GBP_USD"": ""2026-09-25T01:18:20.101683+00:00"", ""XAU_USD"": ""2026-09-25T01:18:19.352980+00:00""}"
2026-09-25,3,883.1502,"{""GBP_USD"": ""2026-09-25T01:18:20.101683+00:00"", ""XAU_USD"": ""2026-09-25T01:18:19.352980+00:00""}"
2026-09-25,3,883.1502,"{""GBP_USD"": ""2026-09-25T01:18:20.101683+00:00"", ""XAU_USD"": ""2026-09-25T01:18:19.352980+00:00""}"
2026-09-25,3,883.1502,"{""GBP_USD"": ""2026-09-25T01:18:20.101683+00:00"", ""XAU_USD"": ""2026-09-25T01:18:19.352980+00:00""}"
2026-09-25,3,883.1502,"{""GBP_USD"": ""2026-09-25T01:18:20.101683+00:00"", ""XAU_USD"": ""2026-09-25T01:18:19.352980+00:00""}"
2026-09-25,3,883.1502,"{""GBP_USD"": ""2026-09-25T01:18:20.101683+00:00"", ""XAU_USD"": ""2026-09-25T01:18:19.352980+00:00""}"
2026-09-25,3,883.1502,"{""GBP_USD"": ""2026-09-25T01:18:20.101683+00:00"", ""XAU_USD"": ""2026-09-25T01:18:19.352980+00:00""}"
2026-09-25,3,883.1502,"{""GBP_USD"": ""2026-09-25T01:18:20.101683+00:00"", ""XAU_USD"": ""2026-09-25T01:18:19.352980+00:00""}"
2026-09-25,3,883.1502,"{""GBP_USD"": ""2026-09-25T01:18:20.101683+00:00"", ""XAU_USD"": ""2026-09-25T01:18:19.352980+00:00""}"
2026-09-25,3,883.1502,"{""GBP_USD"": ""2026-09-25T01:18:20.101683+00:00"", ""XAU_USD"": ""2026-09-25T01:18:19.352980+00:00""}"
2026-09-25,4,883.1502,"{""GBP_USD"": ""2026-09-25T01:18:20.101683+00:00"", ""XAU_USD"": ""2026-09-25T04:10:58.049478+00:00""}"
2026-09-25,4,883.1502,"{""GBP_USD"": ""2026-09-25T01:18:20.101683+00:00"", ""XAU_USD"": ""2026-09-25T04:10:58.049478+00:00""}"
2026-09-25,4,883.1502,"{""GBP_USD"": ""2026-09-25T01:18:20.101683+00:00"", ""XAU_USD"": ""2026-09-25T04:10:58.049478+00:00""}"
2026-09-25,4,883.1502,"{""GBP_USD"": ""2026-09-25T01:18:20.101683+00:00"", ""XAU_USD"": ""2026-09-25T04:10:58.049478+00:00""}"
2026-09-25,4,883.1502,"{""GBP_USD"": ""2026-09-25T01:18:20.101683+00:00"", ""XAU_USD"": ""2026-09-25T04:10:58.049478+00:00""}"
2026-09-25,4,883.1502,"{""GBP_USD"": ""2026-09-25T01:18:20.101683+00:00"", ""XAU_USD"": ""2026-09-25T04:10:58.049478+00:00""}"
2026-09-25,4,883.1502,"{""GBP_USD"": ""2026-09-25T01:18:20.101683+00:00"", ""XAU_USD"": ""2026-09-25T04:10:58.049478+00:00""}"
2026-09-25,4,883.1502,"{""GBP_USD"": ""2026-09-25T01:18:20.101683+00:00"", ""XAU_USD"": ""2026-09-25T04:10:58.049478+00:00""}"
2026-09-25,4,883.1502,"{""GBP_USD"": ""2026-09-25T01:18:20.101683+00:00"", ""XAU_USD"": ""2026-09-25T04:10:58.049478+00:00""}"
2026-09-25,5,883.1502,"{""GBP_USD"": ""2026-09-25T06:28:43.452351+00:00"", ""XAU_USD"": ""2026-09-25T04:10:58.049478+00:00""}"
2026-09-25,5,883.1502,"{""GBP_USD"": ""2026-09-25T06:28:43.452351+00:00"", ""XAU_USD"": ""2026-09-25T04:10:58.049478+00:00""}"
2026-09-25,5,883.1502,"{""GBP_USD"": ""2026-09-25T06:28:43.452351+00:00"", ""XAU_USD"": ""2026-09-25T04:10:58.049478+00:00""}"
2026-09-25,5,883.1502,"{""GBP_USD"": ""2026-09-25T06:28:43.452351+00:00"", ""XAU_USD"": ""2026-09-25T04:10:58.049478+00:00""}"
2026-09-25,5,883.1502,"{""GBP_USD"": ""2026-09-25T06:28:43.452351+00:00"", ""XAU_USD"": ""2026-09-25T04:10:58.049478+00:00""}"
2026-09-25,5,883.1502,"{""GBP_USD"": ""2026-09-25T06:28:43.452351+00:00"", ""XAU_USD"": ""2026-09-25T04:10:58.049478+00:00""}"
2026-09-25,5,883.1502,"{""GBP_USD"": ""2026-09-25T06:28:43.452351+00:00"", ""XAU_USD"": ""2026-09-25T04:10:58.049478+00:00""}"
2026-09-25,7,883.1502,"{""GBP_USD"": ""2026-09-25T08:17:11.916691+00:00"", ""XAU_USD"": ""2026-09-25T04:10:58.049478+00:00"", ""EUR_USD"": ""2026-09-25T08:17:08.254104+00:00""}"
2026-09-25,7,883.1502,"{""GBP_USD"": ""2026-09-25T08:17:11.916691+00:00"", ""XAU_USD"": ""2026-09-25T04:10:58.049478+00:00"", ""EUR_USD"": ""2026-09-25T08:17:08.254104+00:00""}"
2026-09-25,8,883.1502,"{""GBP_USD"": ""2026-09-25T08:17:11.916691+00:00"", ""XAU_USD"": ""2026-09-25T08:48:52.830930+00:00"", ""EUR_USD"": ""2026-09-25T08:17:08.254104+00:00""}"
2026-09-25,8,883.1502,"{""GBP_USD"": ""2026-09-25T08:17:11.916691+00:00"", ""XAU_USD"": ""2026-09-25T08:48:52.830930+00:00"", ""EUR_USD"": ""2026-09-25T08:17:08.254104+00:00""}"
2026-09-25,8,883.1502,"{""GBP_USD"": ""2026-09-25T08:17:11.916691+00:00"", ""XAU_USD"": ""2026-09-25T08:48:52.830930+00:00"", ""EUR_USD"": ""2026-09-25T08:17:08.254104+00:00""}"
2026-09-25,8,883.1502,"{""GBP_USD"": ""2026-09-25T08:17:11.916691+00:00"", ""XAU_USD"": ""2026-09-25T08:48:52.830930+00:00"", ""EUR_USD"": ""2026-09-25T08:17:08.254104+00:00""}"
2026-09-25,8,883.1502,"{""GBP_USD"": ""2026-09-25T08:17:11.916691+00:00"", ""XAU_USD"": ""2026-09-25T08:48:52.830930+00:00"", ""EUR_USD"": ""2026-09-25T08:17:08.254104+00:00""}"
2026-09-25,8,883.1502,"{""GBP_USD"": ""2026-09-25T08:17:11.916691+00:00"", ""XAU_USD"": ""2026-09-25T08:48:52.830930+00:00"", ""EUR_USD"": ""2026-09-25T08:17:08.254104+00:00""}"
2026-09-25,9,883.1502,"{""GBP_USD"": ""2026-09-25T10:16:22.563679+00:00"", ""XAU_USD"": ""2026-09-25T08:48:52.830930+00:00"", ""EUR_USD"": ""2026-09-25T08:17:08.254104+00:00""}"
2026-09-25,9,883.1502,"{""GBP_USD"": ""2026-09-25T10:16:22.563679+00:00"", ""XAU_USD"": ""2026-09-25T08:48:52.830930+00:00"", ""EUR_USD"": ""2026-09-25T08:17:08.254104+00:00""}"
2026-09-25,9,883.1502,"{""GBP_USD"": ""2026-09-25T10:16:22.563679+00:00"", ""XAU_USD"": ""2026-09-25T08:48:52.830930+00:00"", ""EUR_USD"": ""2026-09-25T08:17:08.254104+00:00""}"
2026-09-25,9,883.1502,"{""GBP_USD"": ""2026-09-25T10:16:22.563679+00:00"", ""XAU_USD"": ""2026-09-25T08:48:52.830930+00:00"", ""EUR_USD"": ""2026-09-25T08:17:08.254104+00:00""}"
2026-09-25,10,883.1502,"{""GBP_USD"": ""2026-09-25T10:16:22.563679+00:00"", ""XAU_USD"": ""2026-09-25T11:13:24.579629+00:00"", ""EUR_USD"": ""2026-09-25T08:17:08.254104+00:00""}"
2026-09-25,11,883.1502,"{""GBP_USD"": ""2026-09-25T10:16:22.563679+00:00"", ""XAU_USD"": ""2026-09-25T11:13:24.579629+00:00"", ""EUR_USD"": ""2026-09-25T11:29:02.738859+00:00""}"
2026-09-25,11,883.1502,"{""GBP_USD"": ""2026-09-25T10:16:22.563679+00:00"", ""XAU_USD"": ""2026-09-25T11:13:24.579629+00:00"", ""EUR_USD"": ""2026-09-25T11:29:02.738859+00:00""}"
2026-09-25,11,883.1502,"{""GBP_USD"": ""2026-09-25T10:16:22.563679+00:00"", ""XAU_USD"": ""2026-09-25T11:13:24.579629+00:00"", ""EUR_USD"": ""2026-09-25T11:29:02.738859+00:00""}"
2026-09-25,11,883.1502,"{""GBP_USD"": ""2026-09-25T10:16:22.563679+00:00"", ""XAU_USD"": ""2026-09-25T11:13:24.579629+00:00"", ""EUR_USD"": ""2026-09-25T11:29:02.738859+00:00""}"
2026-09-25,11,883.1502,"{""GBP_USD"": ""2026-09-25T10:16:22.563679+00:00"", ""XAU_USD"": ""2026-09-25T11:13:24.579629+00:00"", ""EUR_USD"": ""2026-09-25T11:29:02.738859+00:00""}"
2026-09-25,11,883.1502,"{""GBP_USD"": ""2026-09-25T10:16:22.563679+00:00"", ""XAU_USD"": ""2026-09-25T11:13:24.579629+00:00"", ""EUR_USD"": ""2026-09-25T11:29:02.738859+00:00""}"
2026-09-25,11,883.1502,"{""GBP_USD"": ""2026-09-25T10:16:22.563679+00:00"", ""XAU_USD"": ""2026-09-25T11:13:24.579629+00:00"", ""EUR_USD"": ""2026-09-25T11:29:02.738859+00:00""}"
2026-09-25,11,883.1502,"{""GBP_USD"": ""2026-09-25T10:16:22.563679+00:00"", ""XAU_USD"": ""2026-09-25T11:13:24.579629+00:00"", ""EUR_USD"": ""2026-09-25T11:29:02.738859+00:00""}"
2026-09-25,12,883.1502,"{""GBP_USD"": ""2026-09-25T10:16:22.563679+00:00"", ""XAU_USD"": ""2026-09-25T13:38:15.087744+00:00"", ""EUR_USD"": ""2026-09-25T11:29:02.738859+00:00""}"
2026-09-25,12,883.1502,"{""GBP_USD"": ""2026-09-25T10:16:22.563679+00:00"", ""XAU_USD"": ""2026-09-25T13:38:15.087744+00:00"", ""EUR_USD"": ""2026-09-25T11:29:02.738859+00:00""}"
2026-09-25,12,883.1502,"{""GBP_USD"": ""2026-09-25T10:16:22.563679+00:00"", ""XAU_USD"": ""2026-09-25T13:38:15.087744+00:00"", ""EUR_USD"": ""2026-09-25T11:29:02.738859+00:00""}"
2026-09-25,12,883.1502,"{""GBP_USD"": ""2026-09-25T10:16:22.563679+00:00"", ""XAU_USD"": ""2026-09-25T13:38:15.087744+00:00"", ""EUR_USD"": ""2026-09-25T11:29:02.738859+00:00""}"
2026-09-25,12,883.1502,"{""GBP_USD"": ""2026-09-25T10:16:22.563679+00:00"", ""XAU_USD"": ""2026-09-25T13:38:15.087744+00:00"", ""EUR_USD"": ""2026-09-25T11:29:02.738859+00:00""}"
2026-09-25,12,883.1502,"{""GBP_USD"": ""2026-09-25T10:16:22.563679+00:00"", ""XAU_USD"": ""2026-09-25T13:38:15.087744+00:00"", ""EUR_USD"": ""2026-09-25T11:29:02.738859+00:00""}"
2026-09-25,12,883.1502,"{""GBP_USD"": ""2026-09-25T10:16:22.563679+00:00"", ""XAU_USD"": ""2026-09-25T13:38:15.087744+00:00"", ""EUR_USD"": ""2026-09-25T11:29:02.738859+00:00""}"
2026-09-25,13,883.1502,"{""GBP_USD"": ""2026-09-25T15:24:31.052544+00:00"", ""XAU_USD"": ""2026-09-25T13:38:15.087744+00:00"", ""EUR_USD"": ""2026-09-25T11:29:02.738859+00:00""}"
2026-09-25,13,883.1502,"{""GBP_USD"": ""2026-09-25T15:24:31.052544+00:00"", ""XAU_USD"": ""2026-09-25T13:38:15.087744+00:00"", ""EUR_USD"": ""2026-09-25T11:29:02.738859+00:00""}"
2026-09-25,14,883.1502,"{""GBP_USD"": ""2026-09-25T15:24:31.052544+00:00"", ""XAU_USD"": ""2026-09-25T13:38:15.087744+00:00"", ""EUR_USD"": ""2026-09-25T15:51:04.054441+00:00""}"
2026-09-25,14,883.1502,"{""GBP_USD"": ""2026-09-25T15:24:31.052544+00:00"", ""XAU_USD"": ""2026-09-25T13:38:15.087744+00:00"", ""EUR_USD"": ""2026-09-25T15:51:04.054441+00:00""}"
2026-09-25,14,883.1502,"{""GBP_USD"": ""2026-09-25T15:24:31.052544+00:00"", ""XAU_USD"": ""2026-09-25T13:38:15.087744+00:00"", ""EUR_USD"": ""2026-09-25T15:51:04.054441+00:00""}"
2026-09-25,14,883.1502,"{""GBP_USD"": ""2026-09-25T15:24:31.052544+00:00"", ""XAU_USD"": ""2026-09-25T13:38:15.087744+00:00"", ""EUR_USD"": ""2026-09-25T15:51:04.054441+00:00""}"
2026-09-25,14,883.1502,"{""GBP_USD"": ""2026-09-25T15:24:31.052544+00:00"", ""XAU_USD"": ""2026-09-25T13:38:15.087744+00:00"", ""EUR_USD"": ""2026-09-25T15:51:04.054441+00:00""}"
2026-09-25,14,883.1502,"{""GBP_USD"": ""2026-09-25T15:24:31.052544+00:00"", ""XAU_USD"": ""2026-09-25T13:38:15.087744+00:00"", ""EUR_USD"": ""2026-09-25T15:51:04.054441+00:00""}"
2026-09-25,14,883.1502,"{""GBP_USD"": ""2026-09-25T15:24:31.052544+00:00"", ""XAU_USD"": ""2026-09-25T13:38:15.087744+00:00"", ""EUR_USD"": ""2026-09-25T15:51:04.054441+00:00""}"
2026-09-25,14,883.1502,"{""GBP_USD"": ""2026-09-25T15:24:31.052544+00:00"", ""XAU_USD"": ""2026-09-25T13:38:15.087744+00:00"", ""EUR_USD"": ""2026-09-25T15:51:04.054441+00:00""}"
2026-09-25,14,883.1502,"{""GBP_USD"": ""2026-09-25T15:24:31.052544+00:00"", ""XAU_USD"": ""2026-09-25T13:38:15.087744+00:00"", ""EUR_USD"": ""2026-09-25T15:51:04.054441+00:00""}"
2026-09-25,14,883.1502,"{""GBP_USD"": ""2026-09-25T15:24:31.052544+00:00"", ""XAU_USD"": ""2026-09-25T13:38:15.087744+00:00"", ""EUR_USD"": ""2026-09-25T15:51:04.054441+00:00""}"
2026-09-25,14,883.1502,"{""GBP_USD"": ""2026-09-25T15:24:31.052544+00:00"", ""XAU_USD"": ""2026-09-25T13:38:15.087744+00:00"", ""EUR_USD"": ""2026-09-25T15:51:04.054441+00:00""}"
2026-09-25,14,883.1502,"{""GBP_USD"": ""2026-09-25T15:24:31.052544+00:00"", ""XAU_USD"": ""2026-09-25T13:38:15.087744+00:00"", ""EUR_USD"": ""2026-09-25T15:51:04.054441+00:00""}"
2026-09-25,14,883.1502,"{""GBP_USD"": ""2026-09-25T15:24:31.052544+00:00"", ""XAU_USD"": ""2026-09-25T13:38:15.087744+00:00"", ""EUR_USD"": ""2026-09-25T15:51:04.054441+00:00""}"
2026-09-25,14,883.1502,"{""GBP_USD"": ""2026-09-25T15:24:31.052544+00:00"", ""XAU_USD"": ""2026-09-25T13:38:15.087744+00:00"", ""EUR_USD"": ""2026-09-25T15:51:04.054441+00:00""}"
2026-09-25,14,883.1502,"{""GBP_USD"": ""2026-09-25T15:24:31.052544+00:00"", ""XAU_USD"": ""2026-09-25T13:38:15.087744+00:00"", ""EUR_USD"": ""2026-09-25T15:51:04.054441+00:00""}"
2026-09-25,14,883.1502,"{""GBP_USD"": ""2026-09-25T15:24:31.052544+00:00"", ""XAU_USD"": ""2026-09-25T13:38:15.087744+00:00"", ""EUR_USD"": ""2026-09-25T15:51:04.054441+00:00""}"
2026-09-25,14,883.1502,"{""GBP_USD"": ""2026-09-25T15:24:31.052544+00:00"", ""XAU_USD"": ""2026-09-25T13:38:15.087744+00:00"", ""EUR_USD"": ""2026-09-25T15:51:04.054441+00:00""}"
2026-09-25,14,883.1502,"{""GBP_USD"": ""2026-09-25T15:24:31.052544+00:00"", ""XAU_USD"": ""2026-09-25T13:38:15.087744+00:00"", ""EUR_USD"": ""2026-09-25T15:51:04.054441+00:00""}"
2026-09-25,14,883.1502,"{""GBP_USD"": ""2026-09-25T15:24:31.052544+00:00"", ""XAU_USD"": ""2026-09-25T13:38:15.087744+00:00"", ""EUR_USD"": ""2026-09-25T15:51:04.054441+00:00""}"
2026-09-25,14,883.1502,"{""GBP_USD"": ""2026-09-25T15:24:31.052544+00:00"", ""XAU_USD"": ""2026-09-25T13:38:15.087744+00:00"", ""EUR_USD"": ""2026-09-25T15:51:04.054441+00:00""}"
2026-09-25,14,883.1502,"{""GBP_USD"": ""2026-09-25T15:24:31.052544+00:00"", ""XAU_USD"": ""2026-09-25T13:38:15.087744+00:00"", ""EUR_USD"": ""2026-09-25T15:51:04.054441+00:00""}"
2026-09-25,14,883.1502,"{""GBP_USD"": ""2026-09-25T15:24:31.052544+00:00"", ""XAU_USD"": ""2026-09-25T13:38:15.087744+00:00"", ""EUR_USD"": ""2026-09-25T15:51:04.054441+00:00""}"
2026-09-25,14,883.1502,"{""GBP_USD"": ""2026-09-25T15:24:31.052544+00:00"", ""XAU_USD"": ""2026-09-25T13:38:15.087744+00:00"", ""EUR_USD"": ""2026-09-25T15:51:04.054441+00:00""}"
2026-09-25,14,883.1502,"{""GBP_USD"": ""2026-09-25T15:24:31.052544+00:00"", ""XAU_USD"": ""2026-09-25T13:38:15.087744+00:00"", ""EUR_USD"": ""2026-09-25T15:51:04.054441+00:00""}"
2026-09-25,14,883.1502,"{""GBP_USD"": ""2026-09-25T15:24:31.052544+00:00"", ""XAU_USD"": ""2026-09-25T13:38:15.087744+00:00"", ""EUR_USD"": ""2026-09-25T15:51:04.054441+00:00""}"
2026-09-25,14,883.1502,"{""GBP_USD"": ""2026-09-25T15:24:31.052544+00:00"", ""XAU_USD"": ""2026-09-25T13:38:15.087744+00:00"", ""EUR_USD"": ""2026-09-25T15:51:04.054441+00:00""}"
2026-09-25,14,883.1502,"{""GBP_USD"": ""2026-09-25T15:24:31.052544+00:00"", ""XAU_USD"": ""2026-09-25T13:38:15.087744+00:00"", ""EUR_USD"": ""2026-09-25T15:51:04.054441+00:00""}"
2026-09-25,14,883.1502,"{""GBP_USD"": ""2026-09-25T15:24:31.052544+00:00"", ""XAU_USD"": ""2026-09-25T13:38:15.087744+00:00"", ""EUR_USD"": ""2026-09-25T15:51:04.054441+00:00""}"
2026-09-25,14,883.1502,"{""GBP_USD"": ""2026-09-25T15:24:31.052544+00:00"", ""XAU_USD"": ""2026-09-25T13:38:15.087744+00:00"", ""EUR_USD"": ""2026-09-25T15:51:04.054441+00:00""}"
2026-09-25,14,883.1502,"{""GBP_USD"": ""2026-09-25T15:24:31.052544+00:00"", ""XAU_USD"": ""2026-09-25T13:38:15.087744+00:00"", ""EUR_USD"": ""2026-09-25T15:51:04.054441+00:00""}"
2026-09-25,14,883.1502,"{""GBP_USD"": ""2026-09-25T15:24:31.052544+00:00"", ""XAU_USD"": ""2026-09-25T13:38:15.087744+00:00"", ""EUR_USD"": ""2026-09-25T15:51:04.054441+00:00""}"
2026-09-25,14,883.1502,"{""GBP_USD"": ""2026-09-25T15:24:31.052544+00:00"", ""XAU_USD"": ""2026-09-25T13:38:15.087744+00:00"", ""EUR_USD"": ""2026-09-25T15:51:04.054441+00:00""}"
2026-09-25,14,883.1502,"{""GBP_USD"": ""2026-09-25T15:24:31.052544+00:00"", ""XAU_USD"": ""2026-09-25T13:38:15.087744+00:00"", ""EUR_USD"": ""2026-09-25T15:51:04.054441+00:00""}"
2026-09-25,14,883.1502,"{""GBP_USD"": ""2026-09-25T15:24:31.052544+00:00"", ""XAU_USD"": ""2026-09-25T13:38:15.087744+00:00"", ""EUR_USD"": ""2026-09-25T15:51:04.054441+00:00""}"
2026-09-25,14,883.1502,"{""GBP_USD"": ""2026-09-25T15:24:31.052544+00:00"", ""XAU_USD"": ""2026-09-25T13:38:15.087744+00:00"", ""EUR_USD"": ""2026-09-25T15:51:04.054441+00:00""}"
2026-09-25,14,883.1502,"{""GBP_USD"": ""2026-09-25T15:24:31.052544+00:00"", ""XAU_USD"": ""2026-09-25T13:38:15.087744+00:00"", ""EUR_USD"": ""2026-09-25T15:51:04.054441+00:00""}"
2026-09-25,14,883.1502,"{""GBP_USD"": ""2026-09-25T15:24:31.052544+00:00"", ""XAU_USD"": ""2026-09-25T13:38:15.087744+00:00"", ""EUR_USD"": ""2026-09-25T15:51:04.054441+00:00""}"
2026-09-25,14,883.1502,"{""GBP_USD"": ""2026-09-25T15:24:31.052544+00:00"", ""XAU_USD"": ""2026-09-25T13:38:15.087744+00:00"", ""EUR_USD"": ""2026-09-25T15:51:04.054441+00:00""}"
2026-09-25,14,883.1502,"{""GBP_USD"": ""2026-09-25T15:24:31.052544+00:00"", ""XAU_USD"": ""2026-09-25T13:38:15.087744+00:00"", ""EUR_USD"": ""2026-09-25T15:51:04.054441+00:00""}"
2026-09-25,14,883.1502,"{""GBP_USD"": ""2026-09-25T15:24:31.052544+00:00"", ""XAU_USD"": ""2026-09-25T13:38:15.087744+00:00"", ""EUR_USD"": ""2026-09-25T15:51:04.054441+00:00""}"
2026-09-25,14,883.1502,"{""GBP_USD"": ""2026-09-25T15:24:31.052544+00:00"", ""XAU_USD"": ""2026-09-25T13:38:15.087744+00:00"", ""EUR_USD"": ""2026-09-25T15:51:04.054441+00:00""}"
2026-09-25,14,883.1502,"{""GBP_USD"": ""2026-09-25T15:24:31.052544+00:00"", ""XAU_USD"": ""2026-09-25T13:38:15.087744+00:00"", ""EUR_USD"": ""2026-09-25T15:51:04.054441+00:00""}"
2026-09-25,14,883.1502,"{""GBP_USD"": ""2026-09-25T15:24:31.052544+00:00"", ""XAU_USD"": ""2026-09-25T13:38:15.087744+00:00"", ""EUR_USD"": ""2026-09-25T15:51:04.054441+00:00""}"
2026-09-25,14,883.1502,"{""GBP_USD"": ""2026-09-25T15:24:31.052544+00:00"", ""XAU_USD"": ""2026-09-25T13:38:15.087744+00:00"", ""EUR_USD"": ""2026-09-25T15:51:04.054441+00:00""}"
2026-09-25,14,883.1502,"{""GBP_USD"": ""2026-09-25T15:24:31.052544+00:00"", ""XAU_USD"": ""2026-09-25T13:38:15.087744+00:00"", ""EUR_USD"": ""2026-09-25T15:51:04.054441+00:00""}"
2026-09-25,14,883.1502,"{""GBP_USD"": ""2026-09-25T15:24:31.052544+00:00"", ""XAU_USD"": ""2026-09-25T13:38:15.087744+00:00"", ""EUR_USD"": ""2026-09-25T15:51:04.054441+00:00""}"
2026-09-25,14,883.1502,"{""GBP_USD"": ""2026-09-25T15:24:31.052544+00:00"", ""XAU_USD"": ""2026-09-25T13:38:15.087744+00:00"", ""EUR_USD"": ""2026-09-25T15:51:04.054441+00:00""}"
2026-09-25,14,883.1502,"{""GBP_USD"": ""2026-09-25T15:24:31.052544+00:00"", ""XAU_USD"": ""2026-09-25T13:38:15.087744+00:00"", ""EUR_USD"": ""2026-09-25T15:51:04.054441+00:00""}"
2026-09-25,14,883.1502,"{""GBP_USD"": ""2026-09-25T15:24:31.052544+00:00"", ""XAU_USD"": ""2026-09-25T13:38:15.087744+00:00"", ""EUR_USD"": ""2026-09-25T15:51:04.054441+00:00""}"
2026-09-25,14,883.1502,"{""GBP_USD"": ""2026-09-25T15:24:31.052544+00:00"", ""XAU_USD"": ""2026-09-25T13:38:15.087744+00:00"", ""EUR_USD"": ""2026-09-25T15:51:04.054441+00:00""}"
2026-09-25,14,883.1502,"{""GBP_USD"": ""2026-09-25T15:24:31.052544+00:00"", ""XAU_USD"": ""2026-09-25T13:38:15.087744+00:00"", ""EUR_USD"": ""2026-09-25T15:51:04.054441+00:00""}"
2026-09-25,14,883.1502,"{""GBP_USD"": ""2026-09-25T15:24:31.052544+00:00"", ""XAU_USD"": ""2026-09-25T13:38:15.087744+00:00"", ""EUR_USD"": ""2026-09-25T15:51:04.054441+00:00""}"
2026-09-25,14,883.1502,"{""GBP_USD"": ""2026-09-25T15:24:31.052544+00:00"", ""XAU_USD"": ""2026-09-25T13:38:15.087744+00:00"", ""EUR_USD"": ""2026-09-25T15:51:04.054441+00:00""}"
2026-09-25,14,883.1502,"{""GBP_USD"": ""2026-09-25T15:24:31.052544+00:00"", ""XAU_USD"": ""2026-09-25T13:38:15.087744+00:00"", ""EUR_USD"": ""2026-09-25T15:51:04.054441+00:00""}"
2026-09-25,14,883.1502,"{""GBP_USD"": ""2026-09-25T15:24:31.052544+00:00"", ""XAU_USD"": ""2026-09-25T13:38:15.087744+00:00"", ""EUR_USD"": ""2026-09-25T15:51:04.054441+00:00""}"
2026-09-25,14,883.1502,"{""GBP_USD"": ""2026-09-25T15:24:31.052544+00:00"", ""XAU_USD"": ""2026-09-25T13:38:15.087744+00:00"", ""EUR_USD"": ""2026-09-25T15:51:04.054441+00:00""}"
2026-09-25,14,883.1502,"{""GBP_USD"": ""2026-09-25T15:24:31.052544+00:00"", ""XAU_USD"": ""2026-09-25T13:38:15.087744+00:00"", ""EUR_USD"": ""2026-09-25T15:51:04.054441+00:00""}"
2026-09-25,14,883.1502,"{""GBP_USD"": ""2026-09-25T15:24:31.052544+00:00"", ""XAU_USD"": ""2026-09-25T13:38:15.087744+00:00"", ""EUR_USD"": ""2026-09-25T15:51:04.054441+00:00""}"
2026-09-25,14,883.1502,"{""GBP_USD"": ""2026-09-25T15:24:31.052544+00:00"", ""XAU_USD"": ""2026-09-25T13:38:15.087744+00:00"", ""EUR_USD"": ""2026-09-25T15:51:04.054441+00:00""}"
2026-09-25,14,883.1502,"{""GBP_USD"": ""2026-09-25T15:24:31.052544+00:00"", ""XAU_USD"": ""2026-09-25T13:38:15.087744+00:00"", ""EUR_USD"": ""2026-09-25T15:51:04.054441+00:00""}"
2026-09-25,14,883.1502,"{""GBP_USD"": ""2026-09-25T15:24:31.052544+00:00"", ""XAU_USD"": ""2026-09-25T13:38:15.087744+00:00"", ""EUR_USD"": ""2026-09-25T15:51:04.054441+00:00""}"
2026-09-25,14,883.1502,"{""GBP_USD"": ""2026-09-25T15:24:31.052544+00:00"", ""XAU_USD"": ""2026-09-25T13:38:15.087744+00:00"", ""EUR_USD"": ""2026-09-25T15:51:04.054441+00:00""}"
2026-09-25,14,883.1502,"{""GBP_USD"": ""2026-09-25T15:24:31.052544+00:00"", ""XAU_USD"": ""2026-09-25T13:38:15.087744+00:00"", ""EUR_USD"": ""2026-09-25T15:51:04.054441+00:00""}"
2026-09-25,14,883.1502,"{""GBP_USD"": ""2026-09-25T15:24:31.052544+00:00"", ""XAU_USD"": ""2026-09-25T13:38:15.087744+00:00"", ""EUR_USD"": ""2026-09-25T15:51:04.054441+00:00""}"
2026-09-25,14,883.1502,"{""GBP_USD"": ""2026-09-25T15:24:31.052544+00:00"", ""XAU_USD"": ""2026-09-25T13:38:15.087744+00:00"", ""EUR_USD"": ""2026-09-25T15:51:04.054441+00:00""}"
2026-09-25,14,883.1502,"{""GBP_USD"": ""2026-09-25T15:24:31.052544+00:00"", ""XAU_USD"": ""2026-09-25T13:38:15.087744+00:00"", ""EUR_USD"": ""2026-09-25T15:51:04.054441+00:00""}"
2026-09-25,14,883.1502,"{""GBP_USD"": ""2026-09-25T15:24:31.052544+00:00"", ""XAU_USD"": ""2026-09-25T13:38:15.087744+00:00"", ""EUR_USD"": ""2026-09-25T15:51:04.054441+00:00""}"
2026-09-25,14,883.1502,"{""GBP_USD"": ""2026-09-25T15:24:31.052544+00:00"", ""XAU_USD"": ""2026-09-25T13:38:15.087744+00:00"", ""EUR_USD"": ""2026-09-25T15:51:04.054441+00:00""}"
2026-09-25,14,883.1502,"{""GBP_USD"": ""2026-09-25T15:24:31.052544+00:00"", ""XAU_USD"": ""2026-09-25T13:38:15.087744+00:00"", ""EUR_USD"": ""2026-09-25T15:51:04.054441+00:00""}"
2026-09-25,14,883.1502,"{""GBP_USD"": ""2026-09-25T15:24:31.052544+00:00"", ""XAU_USD"": ""2026-09-25T13:38:15.087744+00:00"", ""EUR_USD"": ""2026-09-25T15:51:04.054441+00:00""}"
2026-09-25,14,883.1502,"{""GBP_USD"": ""2026-09-25T15:24:31.052544+00:00"", ""XAU_USD"": ""2026-09-25T13:38:15.087744+00:00"", ""EUR_USD"": ""2026-09-25T15:51:04.054441+00:00""}"
2026-09-25,14,883.1502,"{""GBP_USD"": ""2026-09-25T15:24:31.052544+00:00"", ""XAU_USD"": ""2026-09-25T13:38:15.087744+00:00"", ""EUR_USD"": ""2026-09-25T15:51:04.054441+00:00""}"
2026-09-25,14,883.1502,"{""GBP_USD"": ""2026-09-25T15:24:31.052544+00:00"", ""XAU_USD"": ""2026-09-25T13:38:15.087744+00:00"", ""EUR_USD"": ""2026-09-25T15:51:04.054441+00:00""}"
2026-09-25,14,883.1502,"{""GBP_USD"": ""2026-09-25T15:24:31.052544+00:00"", ""XAU_USD"": ""2026-09-25T13:38:15.087744+00:00"", ""EUR_USD"": ""2026-09-25T15:51:04.054441+00:00""}"
2026-09-25,14,883.1502,"{""GBP_USD"": ""2026-09-25T15:24:31.052544+00:00"", ""XAU_USD"": ""2026-09-25T13:38:15.087744+00:00"", ""EUR_USD"": ""2026-09-25T15:51:04.054441+00:00""}"
2026-09-25,14,883.1502,"{""GBP_USD"": ""2026-09-25T15:24:31.052544+00:00"", ""XAU_USD"": ""2026-09-25T13:38:15.087744+00:00"", ""EUR_USD"": ""2026-09-25T15:51:04.054441+00:00""}"
2026-09-25,14,883.1502,"{""GBP_USD"": ""2026-09-25T15:24:31.052544+00:00"", ""XAU_USD"": ""2026-09-25T13:38:15.087744+00:00"", ""EUR_USD"": ""2026-09-25T15:51:04.054441+00:00""}"
2026-09-25,14,883.1502,"{""GBP_USD"": ""2026-09-25T15:24:31.052544+00:00"", ""XAU_USD"": ""2026-09-25T13:38:15.087744+00:00"", ""EUR_USD"": ""2026-09-25T15:51:04.054441+00:00""}"
2026-09-25,14,883.1502,"{""GBP_USD"": ""2026-09-25T15:24:31.052544+00:00"", ""XAU_USD"": ""2026-09-25T13:38:15.087744+00:00"", ""EUR_USD"": ""2026-09-25T15:51:04.054441+00:00""}"
2026-09-25,14,883.1502,"{""GBP_USD"": ""2026-09-25T15:24:31.052544+00:00"", ""XAU_USD"": ""2026-09-25T13:38:15.087744+00:00"", ""EUR_USD"": ""2026-09-25T15:51:04.054441+00:00""}"
2026-09-25,14,883.1502,"{""GBP_USD"": ""2026-09-25T15:24:31.052544+00:00"", ""XAU_USD"": ""2026-09-25T13:38:15.087744+00:00"", ""EUR_USD"": ""2026-09-25T15:51:04.054441+00:00""}"
2026-09-25,14,883.1502,"{""GBP_USD"": ""2026-09-25T15:24:31.052544+00:00"", ""XAU_USD"": ""2026-09-25T13:38:15.087744+00:00"", ""EUR_USD"": ""2026-09-25T15:51:04.054441+00:00""}"
2026-09-25,14,883.1502,"{""GBP_USD"": ""2026-09-25T15:24:31.052544+00:00"", ""XAU_USD"": ""2026-09-25T13:38:15.087744+00:00"", ""EUR_USD"": ""2026-09-25T15:51:04.054441+00:00""}"
2026-09-25,14,883.1502,"{""GBP_USD"": ""2026-09-25T15:24:31.052544+00:00"", ""XAU_USD"": ""2026-09-25T13:38:15.087744+00:00"", ""EUR_USD"": ""2026-09-25T15:51:04.054441+00:00""}"
2026-09-25,14,883.1502,"{""GBP_USD"": ""2026-09-25T15:24:31.052544+00:00"", ""XAU_USD"": ""2026-09-25T13:38:15.087744+00:00"", ""EUR_USD"": ""2026-09-25T15:51:04.054441+00:00""}"
2026-09-25,14,883.1502,"{""GBP_USD"": ""2026-09-25T15:24:31.052544+00:00"", ""XAU_USD"": ""2026-09-25T13:38:15.087744+00:00"", ""EUR_USD"": ""2026-09-25T15:51:04.054441+00:00""}"
2026-09-25,14,883.1502,"{""GBP_USD"": ""2026-09-25T15:24:31.052544+00:00"", ""XAU_USD"": ""2026-09-25T13:38:15.087744+00:00"", ""EUR_USD"": ""2026-09-25T15:51:04.054441+00:00""}"
2026-09-25,14,883.1502,"{""GBP_USD"": ""2026-09-25T15:24:31.052544+00:00"", ""XAU_USD"": ""2026-09-25T13:38:15.087744+00:00"", ""EUR_USD"": ""2026-09-25T15:51:04.054441+00:00""}"
2026-09-25,14,883.1502,"{""GBP_USD"": ""2026-09-25T15:24:31.052544+00:00"", ""XAU_USD"": ""2026-09-25T13:38:15.087744+00:00"", ""EUR_USD"": ""2026-09-25T15:51:04.054441+00:00""}"
2026-09-25,14,883.1502,"{""GBP_USD"": ""2026-09-25T15:24:31.052544+00:00"", ""XAU_USD"": ""2026-09-25T13:38:15.087744+00:00"", ""EUR_USD"": ""2026-09-25T15:51:04.054441+00:00""}"
2026-09-25,14,883.1502,"{""GBP_USD"": ""2026-09-25T15:24:31.052544+00:00"", ""XAU_USD"": ""2026-09-25T13:38:15.087744+00:00"", ""EUR_USD"": ""2026-09-25T15:51:04.054441+00:00""}"
2026-09-25,14,883.1502,"{""GBP_USD"": ""2026-09-25T15:24:31.052544+00:00"", ""XAU_USD"": ""2026-09-25T13:38:15.087744+00:00"", ""EUR_USD"": ""2026-09-25T15:51:04.054441+00:00""}"
2026-09-25,14,883.1502,"{""GBP_USD"": ""2026-09-25T15:24:31.052544+00:00"", ""XAU_USD"": ""2026-09-25T13:38:15.087744+00:00"", ""EUR_USD"": ""2026-09-25T15:51:04.054441+00:00""}"
2026-09-25,14,883.1502,"{""GBP_USD"": ""2026-09-25T15:24:31.052544+00:00"", ""XAU_USD"": ""2026-09-25T13:38:15.087744+00:00"", ""EUR_USD"": ""2026-09-25T15:51:04.054441+00:00""}"
2026-09-25,14,883.1502,"{""GBP_USD"": ""2026-09-25T15:24:31.052544+00:00"", ""XAU_USD"": ""2026-09-25T13:38:15.087744+00:00"", ""EUR_USD"": ""2026-09-25T15:51:04.054441+00:00""}"
2026-09-25,14,883.1502,"{""GBP_USD"": ""2026-09-25T15:24:31.052544+00:00"", ""XAU_USD"": ""2026-09-25T13:38:15.087744+00:00"", ""EUR_USD"": ""2026-09-25T15:51:04.054441+00:00""}"
2026-09-25,14,883.1502,"{""GBP_USD"": ""2026-09-25T15:24:31.052544+00:00"", ""XAU_USD"": ""2026-09-25T13:38:15.087744+00:00"", ""EUR_USD"": ""2026-09-25T15:51:04.054441+00:00""}"
2026-09-25,14,883.1502,"{""GBP_USD"": ""2026-09-25T15:24:31.052544+00:00"", ""XAU_USD"": ""2026-09-25T13:38:15.087744+00:00"", ""EUR_USD"": ""2026-09-25T15:51:04.054441+00:00""}"
2026-09-25,14,883.1502,"{""GBP_USD"": ""2026-09-25T15:24:31.052544+00:00"", ""XAU_USD"": ""2026-09-25T13:38:15.087744+00:00"", ""EUR_USD"": ""2026-09-25T15:51:04.054441+00:00""}"
2026-09-25,14,883.1502,"{""GBP_USD"": ""2026-09-25T15:24:31.052544+00:00"", ""XAU_USD"": ""2026-09-25T13:38:15.087744+00:00"", ""EUR_USD"": ""2026-09-25T15:51:04.054441+00:00""}"
2026-09-25,14,883.1502,"{""GBP_USD"": ""2026-09-25T15:24:31.052544+00:00"", ""XAU_USD"": ""2026-09-25T13:38:15.087744+00:00"", ""EUR_USD"": ""2026-09-25T15:51:04.054441+00:00""}"
2026-09-25,14,883.1502,"{""GBP_USD"": ""2026-09-25T15:24:31.052544+00:00"", ""XAU_USD"": ""2026-09-25T13:38:15.087744+00:00"", ""EUR_USD"": ""2026-09-25T15:51:04.054441+00:00""}"
2026-09-25,14,883.1502,"{""GBP_USD"": ""2026-09-25T15:24:31.052544+00:00"", ""XAU_USD"": ""2026-09-25T13:38:15.087744+00:00"", ""EUR_USD"": ""2026-09-25T15:51:04.054441+00:00""}"
2026-09-25,14,883.1502,"{""GBP_USD"": ""2026-09-25T15:24:31.052544+00:00"", ""XAU_USD"": ""2026-09-25T13:38:15.087744+00:00"", ""EUR_USD"": ""2026-09-25T15:51:04.054441+00:00""}"
2026-09-25,14,883.1502,"{""GBP_USD"": ""2026-09-25T15:24:31.052544+00:00"", ""XAU_USD"": ""2026-09-25T13:38:15.087744+00:00"", ""EUR_USD"": ""2026-09-25T15:51:04.054441+00:00""}"
2026-09-25,14,883.1502,"{""GBP_USD"": ""2026-09-25T15:24:31.052544+00:00"", ""XAU_USD"": ""2026-09-25T13:38:15.087744+00:00"", ""EUR_USD"": ""2026-09-25T15:51:04.054441+00:00""}"
2026-09-25,14,883.1502,"{""GBP_USD"": ""2026-09-25T15:24:31.052544+00:00"", ""XAU_USD"": ""2026-09-25T13:38:15.087744+00:00"", ""EUR_USD"": ""2026-09-25T15:51:04.054441+00:00""}"
2026-09-25,14,883.1502,"{""GBP_USD"": ""2026-09-25T15:24:31.052544+00:00"", ""XAU_USD"": ""2026-09-25T13:38:15.087744+00:00"", ""EUR_USD"": ""2026-09-25T15:51:04.054441+00:00""}"
2026-09-25,14,883.1502,"{""GBP_USD"": ""2026-09-25T15:24:31.052544+00:00"", ""XAU_USD"": ""2026-09-25T13:38:15.087744+00:00"", ""EUR_USD"": ""2026-09-25T15:51:04.054441+00:00""}"
2026-09-25,14,883.1502,"{""GBP_USD"": ""2026-09-25T15:24:31.052544+00:00"", ""XAU_USD"": ""2026-09-25T13:38:15.087744+00:00"", ""EUR_USD"": ""2026-09-25T15:51:04.054441+00:00""}"
2026-09-25,14,883.1502,"{""GBP_USD"": ""2026-09-25T15:24:31.052544+00:00"", ""XAU_USD"": ""2026-09-25T13:38:15.087744+00:00"", ""EUR_USD"": ""2026-09-25T15:51:04.054441+00:00""}"
2026-09-25,14,883.1502,"{""GBP_USD"": ""2026-09-25T15:24:31.052544+00:00"", ""XAU_USD"": ""2026-09-25T13:38:15.087744+00:00"", ""EUR_USD"": ""2026-09-25T15:51:04.054441+00:00""}"
2026-09-25,14,883.1502,"{""GBP_USD"": ""2026-09-25T15:24:31.052544+00:00"", ""XAU_USD"": ""2026-09-25T13:38:15.087744+00:00"", ""EUR_USD"": ""2026-09-25T15:51:04.054441+00:00""}"
2026-09-25,14,883.1502,"{""GBP_USD"": ""2026-09-25T15:24:31.052544+00:00"", ""XAU_USD"": ""2026-09-25T13:38:15.087744+00:00"", ""EUR_USD"": ""2026-09-25T15:51:04.054441+00:00""}"
2026-09-25,14,883.1502,"{""GBP_USD"": ""2026-09-25T15:24:31.052544+00:00"", ""XAU_USD"": ""2026-09-25T13:38:15.087744+00:00"", ""EUR_USD"": ""2026-09-25T15:51:04.054441+00:00""}"
2026-09-25,14,883.1502,"{""GBP_USD"": ""2026-09-25T15:24:31.052544+00:00"", ""XAU_USD"": ""2026-09-25T13:38:15.087744+00:00"", ""EUR_USD"": ""2026-09-25T15:51:04.054441+00:00""}"
2026-09-25,14,883.1502,"{""GBP_USD"": ""2026-09-25T15:24:31.052544+00:00"", ""XAU_USD"": ""2026-09-25T13:38:15.087744+00:00"", ""EUR_USD"": ""2026-09-25T15:51:04.054441+00:00""}"
2026-09-25,14,883.1502,"{""GBP_USD"": ""2026-09-25T15:24:31.052544+00:00"", ""XAU_USD"": ""2026-09-25T13:38:15.087744+00:00"", ""EUR_USD"": ""2026-09-25T15:51:04.054441+00:00""}"
2026-09-25,14,883.1502,"{""GBP_USD"": ""2026-09-25T15:24:31.052544+00:00"", ""XAU_USD"": ""2026-09-25T13:38:15.087744+00:00"", ""EUR_USD"": ""2026-09-25T15:51:04.054441+00:00""}"
2026-09-25,14,883.1502,"{""GBP_USD"": ""2026-09-25T15:24:31.052544+00:00"", ""XAU_USD"": ""2026-09-25T13:38:15.087744+00:00"", ""EUR_USD"": ""2026-09-25T15:51:04.054441+00:00""}"
2026-09-25,14,883.1502,"{""GBP_USD"": ""2026-09-25T15:24:31.052544+00:00"", ""XAU_USD"": ""2026-09-25T13:38:15.087744+00:00"", ""EUR_USD"": ""2026-09-25T15:51:04.054441+00:00""}"
2026-09-25,14,883.1502,"{""GBP_USD"": ""2026-09-25T15:24:31.052544+00:00"", ""XAU_USD"": ""2026-09-25T13:38:15.087744+00:00"", ""EUR_USD"": ""2026-09-25T15:51:04.054441+00:00""}"
2026-09-25,14,883.1502,"{""GBP_USD"": ""2026-09-25T15:24:31.052544+00:00"", ""XAU_USD"": ""2026-09-25T13:38:15.087744+00:00"", ""EUR_USD"": ""2026-09-25T15:51:04.054441+00:00""}"
2026-09-25,14,883.1502,"{""GBP_USD"": ""2026-09-25T15:24:31.052544+00:00"", ""XAU_USD"": ""2026-09-25T13:38:15.087744+00:00"", ""EUR_USD"": ""2026-09-25T15:51:04.054441+00:00""}"
2026-09-25,14,883.1502,"{""GBP_USD"": ""2026-09-25T15:24:31.052544+00:00"", ""XAU_USD"": ""2026-09-25T13:38:15.087744+00:00"", ""EUR_USD"": ""2026-09-25T15:51:04.054441+00:00""}"
2026-09-25,14,883.1502,"{""GBP_USD"": ""2026-09-25T15:24:31.052544+00:00"", ""XAU_USD"": ""2026-09-25T13:38:15.087744+00:00"", ""EUR_USD"": ""2026-09-25T15:51:04.054441+00:00""}"
2026-09-25,14,883.1502,"{""GBP_USD"": ""2026-09-25T15:24:31.052544+00:00"", ""XAU_USD"": ""2026-09-25T13:38:15.087744+00:00"", ""EUR_USD"": ""2026-09-25T15:51:04.054441+00:00""}"
2026-09-25,14,883.1502,"{""GBP_USD"": ""2026-09-25T15:24:31.052544+00:00"", ""XAU_USD"": ""2026-09-25T13:38:15.087744+00:00"", ""EUR_USD"": ""2026-09-25T15:51:04.054441+00:00""}"
2026-09-25,14,883.1502,"{""GBP_USD"": ""2026-09-25T15:24:31.052544+00:00"", ""XAU_USD"": ""2026-09-25T13:38:15.087744+00:00"", ""EUR_USD"": ""2026-09-25T15:51:04.054441+00:00""}"
2026-09-25,14,883.1502,"{""GBP_USD"": ""2026-09-25T15:24:31.052544+00:00"", ""XAU_USD"": ""2026-09-25T13:38:15.087744+00:00"", ""EUR_USD"": ""2026-09-25T15:51:04.054441+00:00""}"
2026-09-25,14,883.1502,"{""GBP_USD"": ""2026-09-25T15:24:31.052544+00:00"", ""XAU_USD"": ""2026-09-25T13:38:15.087744+00:00"", ""EUR_USD"": ""2026-09-25T15:51:04.054441+00:00""}"
2026-09-25,14,883.1502,"{""GBP_USD"": ""2026-09-25T15:24:31.052544+00:00"", ""XAU_USD"": ""2026-09-25T13:38:15.087744+00:00"", ""EUR_USD"": ""2026-09-25T15:51:04.054441+00:00""}"
2026-09-25,14,883.1502,"{""GBP_USD"": ""2026-09-25T15:24:31.052544+00:00"", ""XAU_USD"": ""2026-09-25T13:38:15.087744+00:00"", ""EUR_USD"": ""2026-09-25T15:51:04.054441+00:00""}"
2026-09-25,14,883.1502,"{""GBP_USD"": ""2026-09-25T15:24:31.052544+00:00"", ""XAU_USD"": ""2026-09-25T13:38:15.087744+00:00"", ""EUR_USD"": ""2026-09-25T15:51:04.054441+00:00""}"
2026-09-25,14,883.1502,"{""GBP_USD"": ""2026-09-25T15:24:31.052544+00:00"", ""XAU_USD"": ""2026-09-25T13:38:15.087744+00:00"", ""EUR_USD"": ""2026-09-25T15:51:04.054441+00:00""}"
2026-09-25,14,883.1502,"{""GBP_USD"": ""2026-09-25T15:24:31.052544+00:00"", ""XAU_USD"": ""2026-09-25T13:38:15.087744+00:00"", ""EUR_USD"": ""2026-09-25T15:51:04.054441+00:00""}"
2026-09-25,14,883.1502,"{""GBP_USD"": ""2026-09-25T15:24:31.052544+00:00"", ""XAU_USD"": ""2026-09-25T13:38:15.087744+00:00"", ""EUR_USD"": ""2026-09-25T15:51:04.054441+00:00""}"
2026-09-25,14,883.1502,"{""GBP_USD"": ""2026-09-25T15:24:31.052544+00:00"", ""XAU_USD"": ""2026-09-25T13:38:15.087744+00:00"", ""EUR_USD"": ""2026-09-25T15:51:04.054441+00:00""}"
2026-09-25,14,883.1502,"{""GBP_USD"": ""2026-09-25T15:24:31.052544+00:00"", ""XAU_USD"": ""2026-09-25T13:38:15.087744+00:00"", ""EUR_USD"": ""2026-09-25T15:51:04.054441+00:00""}"
2026-09-25,14,883.1502,"{""GBP_USD"": ""2026-09-25T15:24:31.052544+00:00"", ""XAU_USD"": ""2026-09-25T13:38:15.087744+00:00"", ""EUR_USD"": ""2026-09-25T15:51:04.054441+00:00""}"
2026-09-25,14,883.1502,"{""GBP_USD"": ""2026-09-25T15:24:31.052544+00:00"", ""XAU_USD"": ""2026-09-25T13:38:15.087744+00:00"", ""EUR_USD"": ""2026-09-25T15:51:04.054441+00:00""}"
2026-09-25,14,883.1502,"{""GBP_USD"": ""2026-09-25T15:24:31.052544+00:00"", ""XAU_USD"": ""2026-09-25T13:38:15.087744+00:00"", ""EUR_USD"": ""2026-09-25T15:51:04.054441+00:00""}"
2026-09-25,14,883.1502,"{""GBP_USD"": ""2026-09-25T15:24:31.052544+00:00"", ""XAU_USD"": ""2026-09-25T13:38:15.087744+00:00"", ""EUR_USD"": ""2026-09-25T15:51:04.054441+00:00""}"
2026-09-25,14,883.1502,"{""GBP_USD"": ""2026-09-25T15:24:31.052544+00:00"", ""XAU_USD"": ""2026-09-25T13:38:15.087744+00:00"", ""EUR_USD"": ""2026-09-25T15:51:04.054441+00:00""}"
2026-09-25,14,883.1502,"{""GBP_USD"": ""2026-09-25T15:24:31.052544+00:00"", ""XAU_USD"": ""2026-09-25T13:38:15.087744+00:00"", ""EUR_USD"": ""2026-09-25T15:51:04.054441+00:00""}"
2026-09-25,14,883.1502,"{""GBP_USD"": ""2026-09-25T15:24:31.052544+00:00"", ""XAU_USD"": ""2026-09-25T13:38:15.087744+00:00"", ""EUR_USD"": ""2026-09-25T15:51:04.054441+00:00""}"
2026-09-25,14,883.1502,"{""GBP_USD"": ""2026-09-25T15:24:31.052544+00:00"", ""XAU_USD"": ""2026-09-25T13:38:15.087744+00:00"", ""EUR_USD"": ""2026-09-25T15:51:04.054441+00:00""}"
2026-09-25,14,883.1502,"{""GBP_USD"": ""2026-09-25T15:24:31.052544+00:00"", ""XAU_USD"": ""2026-09-25T13:38:15.087744+00:00"", ""EUR_USD"": ""2026-09-25T15:51:04.054441+00:00""}"
2026-09-25,14,883.1502,"{""GBP_USD"": ""2026-09-25T15:24:31.052544+00:00"", ""XAU_USD"": ""2026-09-25T13:38:15.087744+00:00"", ""EUR_USD"": ""2026-09-25T15:51:04.054441+00:00""}"
2026-09-25,14,883.1502,"{""GBP_USD"": ""2026-09-25T15:24:31.052544+00:00"", ""XAU_USD"": ""2026-09-25T13:38:15.087744+00:00"", ""EUR_USD"": ""2026-09-25T15:51:04.054441+00:00""}"
2026-09-25,14,883.1502,"{""GBP_USD"": ""2026-09-25T15:24:31.052544+00:00"", ""XAU_USD"": ""2026-09-25T13:38:15.087744+00:00"", ""EUR_USD"": ""2026-09-25T15:51:04.054441+00:00""}"
2026-09-25,14,883.1502,"{""GBP_USD"": ""2026-09-25T15:24:31.052544+00:00"", ""XAU_USD"": ""2026-09-25T13:38:15.087744+00:00"", ""EUR_USD"": ""2026-09-25T15:51:04.054441+00:00""}"
2026-09-25,14,883.1502,"{""GBP_USD"": ""2026-09-25T15:24:31.052544+00:00"", ""XAU_USD"": ""2026-09-25T13:38:15.087744+00:00"", ""EUR_USD"": ""2026-09-25T15:51:04.054441+00:00""}"
2026-09-25,14,883.1502,"{""GBP_USD"": ""2026-09-25T15:24:31.052544+00:00"", ""XAU_USD"": ""2026-09-25T13:38:15.087744+00:00"", ""EUR_USD"": ""2026-09-25T15:51:04.054441+00:00""}"
2026-09-25,14,883.1502,"{""GBP_USD"": ""2026-09-25T15:24:31.052544+00:00"", ""XAU_USD"": ""2026-09-25T13:38:15.087744+00:00"", ""EUR_USD"": ""2026-09-25T15:51:04.054441+00:00""}"
2026-09-25,14,883.1502,"{""GBP_USD"": ""2026-09-25T15:24:31.052544+00:00"", ""XAU_USD"": ""2026-09-25T13:38:15.087744+00:00"", ""EUR_USD"": ""2026-09-25T15:51:04.054441+00:00""}"
2026-09-25,14,883.1502,"{""GBP_USD"": ""2026-09-25T15:24:31.052544+00:00"", ""XAU_USD"": ""2026-09-25T13:38:15.087744+00:00"", ""EUR_USD"": ""2026-09-25T15:51:04.054441+00:00""}"
2026-09-25,14,883.1502,"{""GBP_USD"": ""2026-09-25T15:24:31.052544+00:00"", ""XAU_USD"": ""2026-09-25T13:38:15.087744+00:00"", ""EUR_USD"": ""2026-09-25T15:51:04.054441+00:00""}"
2026-09-25,14,883.1502,"{""GBP_USD"": ""2026-09-25T15:24:31.052544+00:00"", ""XAU_USD"": ""2026-09-25T13:38:15.087744+00:00"", ""EUR_USD"": ""2026-09-25T15:51:04.054441+00:00""}"
2026-09-25,14,883.1502,"{""GBP_USD"": ""2026-09-25T15:24:31.052544+00:00"", ""XAU_USD"": ""2026-09-25T13:38:15.087744+00:00"", ""EUR_USD"": ""2026-09-25T15:51:04.054441+00:00""}"
2026-09-25,14,883.1502,"{""GBP_USD"": ""2026-09-25T15:24:31.052544+00:00"", ""XAU_USD"": ""2026-09-25T13:38:15.087744+00:00"", ""EUR_USD"": ""2026-09-25T15:51:04.054441+00:00""}"
2026-09-25,14,883.1502,"{""GBP_USD"": ""2026-09-25T15:24:31.052544+00:00"", ""XAU_USD"": ""2026-09-25T13:38:15.087744+00:00"", ""EUR_USD"": ""2026-09-25T15:51:04.054441+00:00""}"
2026-09-25,14,883.1502,"{""GBP_USD"": ""2026-09-25T15:24:31.052544+00:00"", ""XAU_USD"": ""2026-09-25T13:38:15.087744+00:00"", ""EUR_USD"": ""2026-09-25T15:51:04.054441+00:00""}"
2026-09-25,14,883.1502,"{""GBP_USD"": ""2026-09-25T15:24:31.052544+00:00"", ""XAU_USD"": ""2026-09-25T13:38:15.087744+00:00"", ""EUR_USD"": ""2026-09-25T15:51:04.054441+00:00""}"
2026-09-25,14,883.1502,"{""GBP_USD"": ""2026-09-25T15:24:31.052544+00:00"", ""XAU_USD"": ""2026-09-25T13:38:15.087744+00:00"", ""EUR_USD"": ""2026-09-25T15:51:04.054441+00:00""}"
2026-09-25,14,883.1502,"{""GBP_USD"": ""2026-09-25T15:24:31.052544+00:00"", ""XAU_USD"": ""2026-09-25T13:38:15.087744+00:00"", ""EUR_USD"": ""2026-09-25T15:51:04.054441+00:00""}"
2026-09-25,14,883.1502,"{""GBP_USD"": ""2026-09-25T15:24:31.052544+00:00"", ""XAU_USD"": ""2026-09-25T13:38:15.087744+00:00"", ""EUR_USD"": ""2026-09-25T15:51:04.054441+00:00""}"
2026-09-25,14,883.1502,"{""GBP_USD"": ""2026-09-25T15:24:31.052544+00:00"", ""XAU_USD"": ""2026-09-25T13:38:15.087744+00:00"", ""EUR_USD"": ""2026-09-25T15:51:04.054441+00:00""}"
2026-09-25,14,883.1502,"{""GBP_USD"": ""2026-09-25T15:24:31.052544+00:00"", ""XAU_USD"": ""2026-09-25T13:38:15.087744+00:00"", ""EUR_USD"": ""2026-09-25T15:51:04.054441+00:00""}"
2026-09-25,14,883.1502,"{""GBP_USD"": ""2026-09-25T15:24:31.052544+00:00"", ""XAU_USD"": ""2026-09-25T13:38:15.087744+00:00"", ""EUR_USD"": ""2026-09-25T15:51:04.054441+00:00""}"
2026-09-25,14,883.1502,"{""GBP_USD"": ""2026-09-25T15:24:31.052544+00:00"", ""XAU_USD"": ""2026-09-25T13:38:15.087744+00:00"", ""EUR_USD"": ""2026-09-25T15:51:04.054441+00:00""}"
2026-09-25,14,883.1502,"{""GBP_USD"": ""2026-09-25T15:24:31.052544+00:00"", ""XAU_USD"": ""2026-09-25T13:38:15.087744+00:00"", ""EUR_USD"": ""2026-09-25T15:51:04.054441+00:00""}"
2026-09-25,14,883.1502,"{""GBP_USD"": ""2026-09-25T15:24:31.052544+00:00"", ""XAU_USD"": ""2026-09-25T13:38:15.087744+00:00"", ""EUR_USD"": ""2026-09-25T15:51:04.054441+00:00""}"
2026-09-25,14,883.1502,"{""GBP_USD"": ""2026-09-25T15:24:31.052544+00:00"", ""XAU_USD"": ""2026-09-25T13:38:15.087744+00:00"", ""EUR_USD"": ""2026-09-25T15:51:04.054441+00:00""}"
2026-09-25,14,883.1502,"{""GBP_USD"": ""2026-09-25T15:24:31.052544+00:00"", ""XAU_USD"": ""2026-09-25T13:38:15.087744+00:00"", ""EUR_USD"": ""2026-09-25T15:51:04.054441+00:00""}"
2026-09-25,14,883.1502,"{""GBP_USD"": ""2026-09-25T15:24:31.052544+00:00"", ""XAU_USD"": ""2026-09-25T13:38:15.087744+00:00"", ""EUR_USD"": ""2026-09-25T15:51:04.054441+00:00""}"
2026-09-25,14,883.1502,"{""GBP_USD"": ""2026-09-25T15:24:31.052544+00:00"", ""XAU_USD"": ""2026-09-25T13:38:15.087744+00:00"", ""EUR_USD"": ""2026-09-25T15:51:04.054441+00:00""}"
2026-09-25,14,883.1502,"{""GBP_USD"": ""2026-09-25T15:24:31.052544+00:00"", ""XAU_USD"": ""2026-09-25T13:38:15.087744+00:00"", ""EUR_USD"": ""2026-09-25T15:51:04.054441+00:00""}"
2026-09-25,14,883.1502,"{""GBP_USD"": ""2026-09-25T15:24:31.052544+00:00"", ""XAU_USD"": ""2026-09-25T13:38:15.087744+00:00"", ""EUR_USD"": ""2026-09-25T15:51:04.054441+00:00""}"
2026-09-25,14,883.1502,"{""GBP_USD"": ""2026-09-25T15:24:31.052544+00:00"", ""XAU_USD"": ""2026-09-25T13:38:15.087744+00:00"", ""EUR_USD"": ""2026-09-25T15:51:04.054441+00:00""}"
2026-09-25,14,883.1502,"{""GBP_USD"": ""2026-09-25T15:24:31.052544+00:00"", ""XAU_USD"": ""2026-09-25T13:38:15.087744+00:00"", ""EUR_USD"": ""2026-09-25T15:51:04.054441+00:00""}"
2026-09-25,14,883.1502,"{""GBP_USD"": ""2026-09-25T15:24:31.052544+00:00"", ""XAU_USD"": ""2026-09-25T13:38:15.087744+00:00"", ""EUR_USD"": ""2026-09-25T15:51:04.054441+00:00""}"
2026-09-25,14,883.1502,"{""GBP_USD"": ""2026-09-25T15:24:31.052544+00:00"", ""XAU_USD"": ""2026-09-25T13:38:15.087744+00:00"", ""EUR_USD"": ""2026-09-25T15:51:04.054441+00:00""}"
2026-09-25,14,883.1502,"{""GBP_USD"": ""2026-09-25T15:24:31.052544+00:00"", ""XAU_USD"": ""2026-09-25T13:38:15.087744+00:00"", ""EUR_USD"": ""2026-09-25T15:51:04.054441+00:00""}"
2026-09-25,14,883.1502,"{""GBP_USD"": ""2026-09-25T15:24:31.052544+00:00"", ""XAU_USD"": ""2026-09-25T13:38:15.087744+00:00"", ""EUR_USD"": ""2026-09-25T15:51:04.054441+00:00""}"
2026-09-25,14,883.1502,"{""GBP_USD"": ""2026-09-25T15:24:31.052544+00:00"", ""XAU_USD"": ""2026-09-25T13:38:15.087744+00:00"", ""EUR_USD"": ""2026-09-25T15:51:04.054441+00:00""}"
2026-09-25,14,883.1502,"{""GBP_USD"": ""2026-09-25T15:24:31.052544+00:00"", ""XAU_USD"": ""2026-09-25T13:38:15.087744+00:00"", ""EUR_USD"": ""2026-09-25T15:51:04.054441+00:00""}"
2026-09-25,14,883.1502,"{""GBP_USD"": ""2026-09-25T15:24:31.052544+00:00"", ""XAU_USD"": ""2026-09-25T13:38:15.087744+00:00"", ""EUR_USD"": ""2026-09-25T15:51:04.054441+00:00""}"
2026-09-25,14,883.1502,"{""GBP_USD"": ""2026-09-25T15:24:31.052544+00:00"", ""XAU_USD"": ""2026-09-25T13:38:15.087744+00:00"", ""EUR_USD"": ""2026-09-25T15:51:04.054441+00:00""}"
2026-09-25,14,883.1502,"{""GBP_USD"": ""2026-09-25T15:24:31.052544+00:00"", ""XAU_USD"": ""2026-09-25T13:38:15.087744+00:00"", ""EUR_USD"": ""2026-09-25T15:51:04.054441+00:00""}"
2026-09-25,14,883.1502,"{""GBP_USD"": ""2026-09-25T15:24:31.052544+00:00"", ""XAU_USD"": ""2026-09-25T13:38:15.087744+00:00"", ""EUR_USD"": ""2026-09-25T15:51:04.054441+00:00""}"
2026-09-25,14,883.1502,"{""GBP_USD"": ""2026-09-25T15:24:31.052544+00:00"", ""XAU_USD"": ""2026-09-25T13:38:15.087744+00:00"", ""EUR_USD"": ""2026-09-25T15:51:04.054441+00:00""}"
2026-09-25,14,883.1502,"{""GBP_USD"": ""2026-09-25T15:24:31.052544+00:00"", ""XAU_USD"": ""2026-09-25T13:38:15.087744+00:00"", ""EUR_USD"": ""2026-09-25T15:51:04.054441+00:00""}"
2026-09-25,14,883.1502,"{""GBP_USD"": ""2026-09-25T15:24:31.052544+00:00"", ""XAU_USD"": ""2026-09-25T13:38:15.087744+00:00"", ""EUR_USD"": ""2026-09-25T15:51:04.054441+00:00""}"
2026-09-25,14,883.1502,"{""GBP_USD"": ""2026-09-25T15:24:31.052544+00:00"", ""XAU_USD"": ""2026-09-25T13:38:15.087744+00:00"", ""EUR_USD"": ""2026-09-25T15:51:04.054441+00:00""}"
2026-09-25,14,883.1502,"{""GBP_USD"": ""2026-09-25T15:24:31.052544+00:00"", ""XAU_USD"": ""2026-09-25T13:38:15.087744+00:00"", ""EUR_USD"": ""2026-09-25T15:51:04.054441+00:00""}"
2026-09-25,14,883.1502,"{""GBP_USD"": ""2026-09-25T15:24:31.052544+00:00"", ""XAU_USD"": ""2026-09-25T13:38:15.087744+00:00"", ""EUR_USD"": ""2026-09-25T15:51:04.054441+00:00""}"
2026-09-25,14,883.1502,"{""GBP_USD"": ""2026-09-25T15:24:31.052544+00:00"", ""XAU_USD"": ""2026-09-25T13:38:15.087744+00:00"", ""EUR_USD"": ""2026-09-25T15:51:04.054441+00:00""}"
2026-09-25,14,883.1502,"{""GBP_USD"": ""2026-09-25T15:24:31.052544+00:00"", ""XAU_USD"": ""2026-09-25T13:38:15.087744+00:00"", ""EUR_USD"": ""2026-09-25T15:51:04.054441+00:00""}"
2026-09-25,14,883.1502,"{""GBP_USD"": ""2026-09-25T15:24:31.052544+00:00"", ""XAU_USD"": ""2026-09-25T13:38:15.087744+00:00"", ""EUR_USD"": ""2026-09-25T15:51:04.054441+00:00""}"
2026-09-25,14,883.1502,"{""GBP_USD"": ""2026-09-25T15:24:31.052544+00:00"", ""XAU_USD"": ""2026-09-25T13:38:15.087744+00:00"", ""EUR_USD"": ""2026-09-25T15:51:04.054441+00:00""}"
2026-09-25,14,883.1502,"{""GBP_USD"": ""2026-09-25T15:24:31.052544+00:00"", ""XAU_USD"": ""2026-09-25T13:38:15.087744+00:00"", ""EUR_USD"": ""2026-09-25T15:51:04.054441+00:00""}"
2026-09-25,14,883.1502,"{""GBP_USD"": ""2026-09-25T15:24:31.052544+00:00"", ""XAU_USD"": ""2026-09-25T13:38:15.087744+00:00"", ""EUR_USD"": ""2026-09-25T15:51:04.054441+00:00""}"
2026-09-25,14,883.1502,"{""GBP_USD"": ""2026-09-25T15:24:31.052544+00:00"", ""XAU_USD"": ""2026-09-25T13:38:15.087744+00:00"", ""EUR_USD"": ""2026-09-25T15:51:04.054441+00:00""}"
2026-09-25,14,883.1502,"{""GBP_USD"": ""2026-09-25T15:24:31.052544+00:00"", ""XAU_USD"": ""2026-09-25T13:38:15.087744+00:00"", ""EUR_USD"": ""2026-09-25T15:51:04.054441+00:00""}"
2026-09-25,14,883.1502,"{""GBP_USD"": ""2026-09-25T15:24:31.052544+00:00"", ""XAU_USD"": ""2026-09-25T13:38:15.087744+00:00"", ""EUR_USD"": ""2026-09-25T15:51:04.054441+00:00""}"
2026-09-25,14,883.1502,"{""GBP_USD"": ""2026-09-25T15:24:31.052544+00:00"", ""XAU_USD"": ""2026-09-25T13:38:15.087744+00:00"", ""EUR_USD"": ""2026-09-25T15:51:04.054441+00:00""}"
2026-09-25,14,883.1502,"{""GBP_USD"": ""2026-09-25T15:24:31.052544+00:00"", ""XAU_USD"": ""2026-09-25T13:38:15.087744+00:00"", ""EUR_USD"": ""2026-09-25T15:51:04.054441+00:00""}"
2026-09-25,14,883.1502,"{""GBP_USD"": ""2026-09-25T15:24:31.052544+00:00"", ""XAU_USD"": ""2026-09-25T13:38:15.087744+00:00"", ""EUR_USD"": ""2026-09-25T15:51:04.054441+00:00""}"
2026-09-25,14,883.1502,"{""GBP_USD"": ""2026-09-25T15:24:31.052544+00:00"", ""XAU_USD"": ""2026-09-25T13:38:15.087744+00:00"", ""EUR_USD"": ""2026-09-25T15:51:04.054441+00:00""}"
2026-09-25,14,883.1502,"{""GBP_USD"": ""2026-09-25T15:24:31.052544+00:00"", ""XAU_USD"": ""2026-09-25T13:38:15.087744+00:00"", ""EUR_USD"": ""2026-09-25T15:51:04.054441+00:00""}"
2026-09-25,14,883.1502,"{""GBP_USD"": ""2026-09-25T15:24:31.052544+00:00"", ""XAU_USD"": ""2026-09-25T13:38:15.087744+00:00"", ""EUR_USD"": ""2026-09-25T15:51:04.054441+00:00""}"
2026-09-25,14,883.1502,"{""GBP_USD"": ""2026-09-25T15:24:31.052544+00:00"", ""XAU_USD"": ""2026-09-25T13:38:15.087744+00:00"", ""EUR_USD"": ""2026-09-25T15:51:04.054441+00:00""}"
2026-09-25,14,883.1502,"{""GBP_USD"": ""2026-09-25T15:24:31.052544+00:00"", ""XAU_USD"": ""2026-09-25T13:38:15.087744+00:00"", ""EUR_USD"": ""2026-09-25T15:51:04.054441+00:00""}"
2026-09-25,14,883.1502,"{""GBP_USD"": ""2026-09-25T15:24:31.052544+00:00"", ""XAU_USD"": ""2026-09-25T13:38:15.087744+00:00"", ""EUR_USD"": ""2026-09-25T15:51:04.054441+00:00""}"
2026-09-25,14,883.1502,"{""GBP_USD"": ""2026-09-25T15:24:31.052544+00:00"", ""XAU_USD"": ""2026-09-25T13:38:15.087744+00:00"", ""EUR_USD"": ""2026-09-25T15:51:04.054441+00:00""}"
2026-09-25,14,883.1502,"{""GBP_USD"": ""2026-09-25T15:24:31.052544+00:00"", ""XAU_USD"": ""2026-09-25T13:38:15.087744+00:00"", ""EUR_USD"": ""2026-09-25T15:51:04.054441+00:00""}"
2026-09-25,14,883.1502,"{""GBP_USD"": ""2026-09-25T15:24:31.052544+00:00"", ""XAU_USD"": ""2026-09-25T13:38:15.087744+00:00"", ""EUR_USD"": ""2026-09-25T15:51:04.054441+00:00""}"
2026-09-25,14,883.1502,"{""GBP_USD"": ""2026-09-25T15:24:31.052544+00:00"", ""XAU_USD"": ""2026-09-25T13:38:15.087744+00:00"", ""EUR_USD"": ""2026-09-25T15:51:04.054441+00:00""}"
2026-09-25,14,883.1502,"{""GBP_USD"": ""2026-09-25T15:24:31.052544+00:00"", ""XAU_USD"": ""2026-09-25T13:38:15.087744+00:00"", ""EUR_USD"": ""2026-09-25T15:51:04.054441+00:00""}"
2026-09-25,14,883.1502,"{""GBP_USD"": ""2026-09-25T15:24:31.052544+00:00"", ""XAU_USD"": ""2026-09-25T13:38:15.087744+00:00"", ""EUR_USD"": ""2026-09-25T15:51:04.054441+00:00""}"
2026-09-25,14,883.1502,"{""GBP_USD"": ""2026-09-25T15:24:31.052544+00:00"", ""XAU_USD"": ""2026-09-25T13:38:15.087744+00:00"", ""EUR_USD"": ""2026-09-25T15:51:04.054441+00:00""}"
2026-09-25,14,883.1502,"{""GBP_USD"": ""2026-09-25T15:24:31.052544+00:00"", ""XAU_USD"": ""2026-09-25T13:38:15.087744+00:00"", ""EUR_USD"": ""2026-09-25T15:51:04.054441+00:00""}"
2026-09-25,14,883.1502,"{""GBP_USD"": ""2026-09-25T15:24:31.052544+00:00"", ""XAU_USD"": ""2026-09-25T13:38:15.087744+00:00"", ""EUR_USD"": ""2026-09-25T15:51:04.054441+00:00""}"
2026-09-25,14,883.1502,"{""GBP_USD"": ""2026-09-25T15:24:31.052544+00:00"", ""XAU_USD"": ""2026-09-25T13:38:15.087744+00:00"", ""EUR_USD"": ""2026-09-25T15:51:04.054441+00:00""}"
2026-09-25,14,883.1502,"{""GBP_USD"": ""2026-09-25T15:24:31.052544+00:00"", ""XAU_USD"": ""2026-09-25T13:38:15.087744+00:00"", ""EUR_USD"": ""2026-09-25T15:51:04.054441+00:00""}"
2026-09-25,14,883.1502,"{""GBP_USD"": ""2026-09-25T15:24:31.052544+00:00"", ""XAU_USD"": ""2026-09-25T13:38:15.087744+00:00"", ""EUR_USD"": ""2026-09-25T15:51:04.054441+00:00""}"
2026-09-25,14,883.1502,"{""GBP_USD"": ""2026-09-25T15:24:31.052544+00:00"", ""XAU_USD"": ""2026-09-25T13:38:15.087744+00:00"", ""EUR_USD"": ""2026-09-25T15:51:04.054441+00:00""}"
2026-09-25,14,883.1502,"{""GBP_USD"": ""2026-09-25T15:24:31.052544+00:00"", ""XAU_USD"": ""2026-09-25T13:38:15.087744+00:00"", ""EUR_USD"": ""2026-09-25T15:51:04.054441+00:00""}"
2026-09-25,14,883.1502,"{""GBP_USD"": ""2026-09-25T15:24:31.052544+00:00"", ""XAU_USD"": ""2026-09-25T13:38:15.087744+00:00"", ""EUR_USD"": ""2026-09-25T15:51:04.054441+00:00""}"
2026-09-25,14,883.1502,"{""GBP_USD"": ""2026-09-25T15:24:31.052544+00:00"", ""XAU_USD"": ""2026-09-25T13:38:15.087744+00:00"", ""EUR_USD"": ""2026-09-25T15:51:04.054441+00:00""}"
2026-09-25,14,883.1502,"{""GBP_USD"": ""2026-09-25T15:24:31.052544+00:00"", ""XAU_USD"": ""2026-09-25T13:38:15.087744+00:00"", ""EUR_USD"": ""2026-09-25T15:51:04.054441+00:00""}"
2026-09-25,14,883.1502,"{""GBP_USD"": ""2026-09-25T15:24:31.052544+00:00"", ""XAU_USD"": ""2026-09-25T13:38:15.087744+00:00"", ""EUR_USD"": ""2026-09-25T15:51:04.054441+00:00""}"
2026-09-25,14,883.1502,"{""GBP_USD"": ""2026-09-25T15:24:31.052544+00:00"", ""XAU_USD"": ""2026-09-25T13:38:15.087744+00:00"", ""EUR_USD"": ""2026-09-25T15:51:04.054441+00:00""}"
2026-09-25,14,883.1502,"{""GBP_USD"": ""2026-09-25T15:24:31.052544+00:00"", ""XAU_USD"": ""2026-09-25T13:38:15.087744+00:00"", ""EUR_USD"": ""2026-09-25T15:51:04.054441+00:00""}"
2026-09-25,14,883.1502,"{""GBP_USD"": ""2026-09-25T15:24:31.052544+00:00"", ""XAU_USD"": ""2026-09-25T13:38:15.087744+00:00"", ""EUR_USD"": ""2026-09-25T15:51:04.054441+00:00""}"
2026-09-25,14,883.1502,"{""GBP_USD"": ""2026-09-25T15:24:31.052544+00:00"", ""XAU_USD"": ""2026-09-25T13:38:15.087744+00:00"", ""EUR_USD"": ""2026-09-25T15:51:04.054441+00:00""}"
2026-09-27,1,780.7954,"{""GBP_USD"": ""2026-09-27T21:23:57.903149+00:00""}"
2026-09-27,1,780.7954,"{""GBP_USD"": ""2026-09-27T21:23:57.903149+00:00""}"
2026-09-27,1,780.7954,"{""GBP_USD"": ""2026-09-27T21:23:57.903149+00:00""}"
2026-09-27,1,780.7954,"{""GBP_USD"": ""2026-09-27T21:23:57.903149+00:00""}"
2026-09-27,3,780.7954,"{""GBP_USD"": ""2026-09-27T22:12:35.105510+00:00"", ""EUR_USD"": ""2026-09-27T22:12:34.818761+00:00""}"
2026-09-27,3,780.7954,"{""GBP_USD"": ""2026-09-27T22:12:35.105510+00:00"", ""EUR_USD"": ""2026-09-27T22:12:34.818761+00:00""}"
2026-09-27,3,780.7954,"{""GBP_USD"": ""2026-09-27T22:12:35.105510+00:00"", ""EUR_USD"": ""2026-09-27T22:12:34.818761+00:00""}"
2026-09-27,3,780.7954,"{""GBP_USD"": ""2026-09-27T22:12:35.105510+00:00"", ""EUR_USD"": ""2026-09-27T22:12:34.818761+00:00""}"
2026-09-27,3,780.7954,"{""GBP_USD"": ""2026-09-27T22:12:35.105510+00:00"", ""EUR_USD"": ""2026-09-27T22:12:34.818761+00:00""}"
2026-09-27,3,780.7954,"{""GBP_USD"": ""2026-09-27T22:12:35.105510+00:00"", ""EUR_USD"": ""2026-09-27T22:12:34.818761+00:00""}"
2026-09-27,3,780.7954,"{""GBP_USD"": ""2026-09-27T22:12:35.105510+00:00"", ""EUR_USD"": ""2026-09-27T22:12:34.818761+00:00""}"
2026-09-27,3,780.7954,"{""GBP_USD"": ""2026-09-27T22:12:35.105510+00:00"", ""EUR_USD"": ""2026-09-27T22:12:34.818761+00:00""}"
2026-09-27,3,780.7954,"{""GBP_USD"": ""2026-09-27T22:12:35.105510+00:00"", ""EUR_USD"": ""2026-09-27T22:12:34.818761+00:00""}"
2026-09-28,0,766.4192,{}
2026-09-28,0,766.4192,{}
2026-09-28,0,766.4192,{}
2026-09-28,0,766.4192,{}
2026-09-28,0,766.4192,{}
2026-09-28,0,766.4192,{}
2026-09-28,0,766.4192,{}
2026-09-28,1,766.4192,"{""GBP_USD"": ""2026-09-28T02:00:57.459838+00:00""}"
2026-09-28,3,766.4192,"{""GBP_USD"": ""2026-09-28T02:19:25.622852+00:00"", ""EUR_USD"": ""2026-09-28T02:19:24.774094+00:00""}"
2026-09-28,4,766.4192,"{""GBP_USD"": ""2026-09-28T02:19:25.622852+00:00"", ""EUR_USD"": ""2026-09-28T02:35:28.300422+00:00""}"
2026-09-28,4,766.4192,"{""GBP_USD"": ""2026-09-28T02:19:25.622852+00:00"", ""EUR_USD"": ""2026-09-28T02:35:28.300422+00:00""}"
2026-09-28,4,766.4192,"{""GBP_USD"": ""2026-09-28T02:19:25.622852+00:00"", ""EUR_USD"": ""2026-09-28T02:35:28.300422+00:00""}"
2026-09-28,4,766.4192,"{""GBP_USD"": ""2026-09-28T02:19:25.622852+00:00"", ""EUR_USD"": ""2026-09-28T02:35:28.300422+00:00""}"
2026-09-28,4,766.4192,"{""GBP_USD"": ""2026-09-28T02:19:25.622852+00:00"", ""EUR_USD"": ""2026-09-28T02:35:28.300422+00:00""}"
2026-09-28,4,766.4192,"{""GBP_USD"": ""2026-09-28T02:19:25.622852+00:00"", ""EUR_USD"": ""2026-09-28T02:35:28.300422+00:00""}"
2026-09-28,5,766.4192,"{""GBP_USD"": ""2026-09-28T02:19:25.622852+00:00"", ""EUR_USD"": ""2026-09-28T02:35:28.300422+00:00"", ""XAU_USD"": ""2026-09-28T04:05:19.757702+00:00""}"
2026-09-28,5,766.4192,"{""GBP_USD"": ""2026-09-28T02:19:25.622852+00:00"", ""EUR_USD"": ""2026-09-28T02:35:28.300422+00:00"", ""XAU_USD"": ""2026-09-28T04:05:19.757702+00:00""}"
2026-09-28,5,766.4192,"{""GBP_USD"": ""2026-09-28T02:19:25.622852+00:00"", ""EUR_USD"": ""2026-09-28T02:35:28.300422+00:00"", ""XAU_USD"": ""2026-09-28T04:05:19.757702+00:00""}"
2026-09-28,5,766.4192,"{""GBP_USD"": ""2026-09-28T02:19:25.622852+00:00"", ""EUR_USD"": ""2026-09-28T02:35:28.300422+00:00"", ""XAU_USD"": ""2026-09-28T04:05:19.757702+00:00""}"
2026-09-28,5,766.4192,"{""GBP_USD"": ""2026-09-28T02:19:25.622852+00:00"", ""EUR_USD"": ""2026-09-28T02:35:28.300422+00:00"", ""XAU_USD"": ""2026-09-28T04:05:19.757702+00:00""}"
2026-09-28,5,766.4192,"{""GBP_USD"": ""2026-09-28T02:19:25.622852+00:00"", ""EUR_USD"": ""2026-09-28T02:35:28.300422+00:00"", ""XAU_USD"": ""2026-09-28T04:05:19.757702+00:00""}"
2026-09-28,5,766.4192,"{""GBP_USD"": ""2026-09-28T02:19:25.622852+00:00"", ""EUR_USD"": ""2026-09-28T02:35:28.300422+00:00"", ""XAU_USD"": ""2026-09-28T04:05:19.757702+00:00""}"
2026-09-28,5,766.4192,"{""GBP_USD"": ""2026-09-28T02:19:25.622852+00:00"", ""EUR_USD"": ""2026-09-28T02:35:28.300422+00:00"", ""XAU_USD"": ""2026-09-28T04:05:19.757702+00:00""}"
2026-09-28,6,766.4192,"{""GBP_USD"": ""2026-09-28T02:19:25.622852+00:00"", ""EUR_USD"": ""2026-09-28T06:22:13.451075+00:00"", ""XAU_USD"": ""2026-09-28T04:05:19.757702+00:00""}"
2026-09-28,6,766.4192,"{""GBP_USD"": ""2026-09-28T02:19:25.622852+00:00"", ""EUR_USD"": ""2026-09-28T06:22:13.451075+00:00"", ""XAU_USD"": ""2026-09-28T04:05:19.757702+00:00""}"
2026-09-28,6,766.4192,"{""GBP_USD"": ""2026-09-28T02:19:25.622852+00:00"", ""EUR_USD"": ""2026-09-28T06:22:13.451075+00:00"", ""XAU_USD"": ""2026-09-28T04:05:19.757702+00:00""}"
2026-09-28,6,766.4192,"{""GBP_USD"": ""2026-09-28T02:19:25.622852+00:00"", ""EUR_USD"": ""2026-09-28T06:22:13.451075+00:00"", ""XAU_USD"": ""2026-09-28T04:05:19.757702+00:00""}"
2026-09-28,6,766.4192,"{""GBP_USD"": ""2026-09-28T02:19:25.622852+00:00"", ""EUR_USD"": ""2026-09-28T06:22:13.451075+00:00"", ""XAU_USD"": ""2026-09-28T04:05:19.757702+00:00""}"
2026-09-28,7,766.4192,"{""GBP_USD"": ""2026-09-28T02:19:25.622852+00:00"", ""EUR_USD"": ""2026-09-28T07:54:00.861385+00:00"", ""XAU_USD"": ""2026-09-28T04:05:19.757702+00:00""}"
2026-09-28,9,766.4192,"{""GBP_USD"": ""2026-09-28T08:09:09.750159+00:00"", ""EUR_USD"": ""2026-09-28T08:09:09.250867+00:00"", ""XAU_USD"": ""2026-09-28T04:05:19.757702+00:00""}"
2026-09-28,9,766.4192,"{""GBP_USD"": ""2026-09-28T08:09:09.750159+00:00"", ""EUR_USD"": ""2026-09-28T08:09:09.250867+00:00"", ""XAU_USD"": ""2026-09-28T04:05:19.757702+00:00""}"
2026-09-28,9,766.4192,"{""GBP_USD"": ""2026-09-28T08:09:09.750159+00:00"", ""EUR_USD"": ""2026-09-28T08:09:09.250867+00:00"", ""XAU_USD"": ""2026-09-28T04:05:19.757702+00:00""}"
2026-09-28,9,766.4192,"{""GBP_USD"": ""2026-09-28T08:09:09.750159+00:00"", ""EUR_USD"": ""2026-09-28T08:09:09.250867+00:00"", ""XAU_USD"": ""2026-09-28T04:05:19.757702+00:00""}"
2026-09-28,9,766.4192,"{""GBP_USD"": ""2026-09-28T08:09:09.750159+00:00"", ""EUR_USD"": ""2026-09-28T08:09:09.250867+00:00"", ""XAU_USD"": ""2026-09-28T04:05:19.757702+00:00""}"
2026-09-28,9,766.4192,"{""GBP_USD"": ""2026-09-28T08:09:09.750159+00:00"", ""EUR_USD"": ""2026-09-28T08:09:09.250867+00:00"", ""XAU_USD"": ""2026-09-28T04:05:19.757702+00:00""}"
2026-09-28,9,766.4192,"{""GBP_USD"": ""2026-09-28T08:09:09.750159+00:00"", ""EUR_USD"": ""2026-09-28T08:09:09.250867+00:00"", ""XAU_USD"": ""2026-09-28T04:05:19.757702+00:00""}"
2026-09-28,11,766.4192,"{""GBP_USD"": ""2026-09-28T10:10:55.478008+00:00"", ""EUR_USD"": ""2026-09-28T08:09:09.250867+00:00"", ""XAU_USD"": ""2026-09-28T10:10:54.085002+00:00""}"
2026-09-28,12,766.4192,"{""GBP_USD"": ""2026-09-28T10:10:55.478008+00:00"", ""EUR_USD"": ""2026-09-28T10:30:51.050175+00:00"", ""XAU_USD"": ""2026-09-28T10:10:54.085002+00:00""}"
2026-09-28,12,766.4192,"{""GBP_USD"": ""2026-09-28T10:10:55.478008+00:00"", ""EUR_USD"": ""2026-09-28T10:30:51.050175+00:00"", ""XAU_USD"": ""2026-09-28T10:10:54.085002+00:00""}"
2026-09-28,12,766.4192,"{""GBP_USD"": ""2026-09-28T10:10:55.478008+00:00"", ""EUR_USD"": ""2026-09-28T10:30:51.050175+00:00"", ""XAU_USD"": ""2026-09-28T10:10:54.085002+00:00""}"
2026-09-28,12,766.4192,"{""GBP_USD"": ""2026-09-28T10:10:55.478008+00:00"", ""EUR_USD"": ""2026-09-28T10:30:51.050175+00:00"", ""XAU_USD"": ""2026-09-28T10:10:54.085002+00:00""}"
2026-09-28,12,766.4192,"{""GBP_USD"": ""2026-09-28T10:10:55.478008+00:00"", ""EUR_USD"": ""2026-09-28T10:30:51.050175+00:00"", ""XAU_USD"": ""2026-09-28T10:10:54.085002+00:00""}"
2026-09-28,12,766.4192,"{""GBP_USD"": ""2026-09-28T10:10:55.478008+00:00"", ""EUR_USD"": ""2026-09-28T10:30:51.050175+00:00"", ""XAU_USD"": ""2026-09-28T10:10:54.085002+00:00""}"
2026-09-28,12,766.4192,"{""GBP_USD"": ""2026-09-28T10:10:55.478008+00:00"", ""EUR_USD"": ""2026-09-28T10:30:51.050175+00:00"", ""XAU_USD"": ""2026-09-28T10:10:54.085002+00:00""}"
2026-09-28,14,766.4192,"{""GBP_USD"": ""2026-09-28T10:10:55.478008+00:00"", ""EUR_USD"": ""2026-09-28T12:27:17.283728+00:00"", ""XAU_USD"": ""2026-09-28T12:27:15.832563+00:00""}"
2026-09-28,14,766.4192,"{""GBP_USD"": ""2026-09-28T10:10:55.478008+00:00"", ""EUR_USD"": ""2026-09-28T12:27:17.283728+00:00"", ""XAU_USD"": ""2026-09-28T12:27:15.832563+00:00""}"
2026-09-28,14,766.4192,"{""GBP_USD"": ""2026-09-28T10:10:55.478008+00:00"", ""EUR_USD"": ""2026-09-28T12:27:17.283728+00:00"", ""XAU_USD"": ""2026-09-28T12:27:15.832563+00:00""}"
2026-09-28,15,766.4192,"{""GBP_USD"": ""2026-09-28T13:22:42.418909+00:00"", ""EUR_USD"": ""2026-09-28T12:27:17.283728+00:00"", ""XAU_USD"": ""2026-09-28T12:27:15.832563+00:00""}"
2026-09-28,18,766.4192,"{""GBP_USD"": ""2026-09-28T13:40:11.176299+00:00"", ""EUR_USD"": ""2026-09-28T13:40:10.698804+00:00"", ""XAU_USD"": ""2026-09-28T13:40:08.053619+00:00""}"
2026-09-28,19,766.4192,"{""GBP_USD"": ""2026-09-28T13:40:11.176299+00:00"", ""EUR_USD"": ""2026-09-28T13:40:10.698804+00:00"", ""XAU_USD"": ""2026-09-28T13:56:41.725956+00:00""}"
2026-09-28,20,766.4192,"{""GBP_USD"": ""2026-09-28T14:14:22.351807+00:00"", ""EUR_USD"": ""2026-09-28T13:40:10.698804+00:00"", ""XAU_USD"": ""2026-09-28T13:56:41.725956+00:00""}"
2026-09-28,20,766.4192,"{""GBP_USD"": ""2026-09-28T14:14:22.351807+00:00"", ""EUR_USD"": ""2026-09-28T13:40:10.698804+00:00"", ""XAU_USD"": ""2026-09-28T13:56:41.725956+00:00""}"
2026-09-28,21,766.4192,"{""GBP_USD"": ""2026-09-28T14:14:22.351807+00:00"", ""EUR_USD"": ""2026-09-28T13:40:10.698804+00:00"", ""XAU_USD"": ""2026-09-28T14:53:30.103007+00:00""}"
2026-09-28,22,766.4192,"{""GBP_USD"": ""2026-09-28T15:08:39.841272+00:00"", ""EUR_USD"": ""2026-09-28T13:40:10.698804+00:00"", ""XAU_USD"": ""2026-09-28T14:53:30.103007+00:00""}"
2026-09-28,23,766.4192,"{""GBP_USD"": ""2026-09-28T15:28:56.127311+00:00"", ""EUR_USD"": ""2026-09-28T13:40:10.698804+00:00"", ""XAU_USD"": ""2026-09-28T14:53:30.103007+00:00""}"
2026-09-28,24,766.4192,"{""GBP_USD"": ""2026-09-28T15:47:49.488564+00:00"", ""EUR_USD"": ""2026-09-28T13:40:10.698804+00:00"", ""XAU_USD"": ""2026-09-28T14:53:30.103007+00:00""}"
2026-09-28,25,766.4192,"{""GBP_USD"": ""2026-09-28T16:01:01.578878+00:00"", ""EUR_USD"": ""2026-09-28T13:40:10.698804+00:00"", ""XAU_USD"": ""2026-09-28T14:53:30.103007+00:00""}"
2026-09-28,25,766.4192,"{""GBP_USD"": ""2026-09-28T16:01:01.578878+00:00"", ""EUR_USD"": ""2026-09-28T13:40:10.698804+00:00"", ""XAU_USD"": ""2026-09-28T14:53:30.103007+00:00""}"
2026-09-28,28,766.4192,"{""GBP_USD"": ""2026-09-28T16:38:58.039613+00:00"", ""EUR_USD"": ""2026-09-28T16:38:57.585951+00:00"", ""XAU_USD"": ""2026-09-28T16:38:57.168682+00:00""}"
2026-09-28,29,766.4192,"{""GBP_USD"": ""2026-09-28T16:38:58.039613+00:00"", ""EUR_USD"": ""2026-09-28T16:54:43.555383+00:00"", ""XAU_USD"": ""2026-09-28T16:38:57.168682+00:00""}"
2026-09-28,29,766.4192,"{""GBP_USD"": ""2026-09-28T16:38:58.039613+00:00"", ""EUR_USD"": ""2026-09-28T16:54:43.555383+00:00"", ""XAU_USD"": ""2026-09-28T16:38:57.168682+00:00""}"
2026-09-28,29,766.4192,"{""GBP_USD"": ""2026-09-28T16:38:58.039613+00:00"", ""EUR_USD"": ""2026-09-28T16:54:43.555383+00:00"", ""XAU_USD"": ""2026-09-28T16:38:57.168682+00:00""}"
2026-09-28,29,766.4192,"{""GBP_USD"": ""2026-09-28T16:38:58.039613+00:00"", ""EUR_USD"": ""2026-09-28T16:54:43.555383+00:00"", ""XAU_USD"": ""2026-09-28T16:38:57.168682+00:00""}"
2026-09-28,29,766.4192,"{""GBP_USD"": ""2026-09-28T16:38:58.039613+00:00"", ""EUR_USD"": ""2026-09-28T16:54:43.555383+00:00"", ""XAU_USD"": ""2026-09-28T16:38:57.168682+00:00""}"
2026-09-28,29,766.4192,"{""GBP_USD"": ""2026-09-28T16:38:58.039613+00:00"", ""EUR_USD"": ""2026-09-28T16:54:43.555383+00:00"", ""XAU_USD"": ""2026-09-28T16:38:57.168682+00:00""}"
2026-09-28,30,766.4192,"{""GBP_USD"": ""2026-09-28T18:32:59.632148+00:00"", ""EUR_USD"": ""2026-09-28T16:54:43.555383+00:00"", ""XAU_USD"": ""2026-09-28T16:38:57.168682+00:00""}"
2026-09-28,30,766.4192,"{""GBP_USD"": ""2026-09-28T18:32:59.632148+00:00"", ""EUR_USD"": ""2026-09-28T16:54:43.555383+00:00"", ""XAU_USD"": ""2026-09-28T16:38:57.168682+00:00""}"
2026-09-28,30,766.4192,"{""GBP_USD"": ""2026-09-28T18:32:59.632148+00:00"", ""EUR_USD"": ""2026-09-28T16:54:43.555383+00:00"", ""XAU_USD"": ""2026-09-28T16:38:57.168682+00:00""}"
2026-09-28,30,766.4192,"{""GBP_USD"": ""2026-09-28T18:32:59.632148+00:00"", ""EUR_USD"": ""2026-09-28T16:54:43.555383+00:00"", ""XAU_USD"": ""2026-09-28T16:38:57.168682+00:00""}"
2026-09-28,30,766.4192,"{""GBP_USD"": ""2026-09-28T18:32:59.632148+00:00"", ""EUR_USD"": ""2026-09-28T16:54:43.555383+00:00"", ""XAU_USD"": ""2026-09-28T16:38:57.168682+00:00""}"
2026-09-28,30,766.4192,"{""GBP_USD"": ""2026-09-28T18:32:59.632148+00:00"", ""EUR_USD"": ""2026-09-28T16:54:43.555383+00:00"", ""XAU_USD"": ""2026-09-28T16:38:57.168682+00:00""}"
2026-09-28,30,766.4192,"{""GBP_USD"": ""2026-09-28T18:32:59.632148+00:00"", ""EUR_USD"": ""2026-09-28T16:54:43.555383+00:00"", ""XAU_USD"": ""2026-09-28T16:38:57.168682+00:00""}"
2026-09-28,30,766.4192,"{""GBP_USD"": ""2026-09-28T18:32:59.632148+00:00"", ""EUR_USD"": ""2026-09-28T16:54:43.555383+00:00"", ""XAU_USD"": ""2026-09-28T16:38:57.168682+00:00""}"
2026-09-28,30,766.4192,"{""GBP_USD"": ""2026-09-28T18:32:59.632148+00:00"", ""EUR_USD"": ""2026-09-28T16:54:43.555383+00:00"", ""XAU_USD"": ""2026-09-28T16:38:57.168682+00:00""}"
2026-09-28,30,766.4192,"{""GBP_USD"": ""2026-09-28T18:32:59.632148+00:00"", ""EUR_USD"": ""2026-09-28T16:54:43.555383+00:00"", ""XAU_USD"": ""2026-09-28T16:38:57.168682+00:00""}"
2026-09-28,30,766.4192,"{""GBP_USD"": ""2026-09-28T18:32:59.632148+00:00"", ""EUR_USD"": ""2026-09-28T16:54:43.555383+00:00"", ""XAU_USD"": ""2026-09-28T16:38:57.168682+00:00""}"
2026-09-28,30,766.4192,"{""GBP_USD"": ""2026-09-28T18:32:59.632148+00:00"", ""EUR_USD"": ""2026-09-28T16:54:43.555383+00:00"", ""XAU_USD"": ""2026-09-28T16:38:57.168682+00:00""}"
2026-09-28,30,766.4192,"{""GBP_USD"": ""2026-09-28T18:32:59.632148+00:00"", ""EUR_USD"": ""2026-09-28T16:54:43.555383+00:00"", ""XAU_USD"": ""2026-09-28T16:38:57.168682+00:00""}"
2026-09-28,30,766.4192,"{""GBP_USD"": ""2026-09-28T18:32:59.632148+00:00"", ""EUR_USD"": ""2026-09-28T16:54:43.555383+00:00"", ""XAU_USD"": ""2026-09-28T16:38:57.168682+00:00""}"
2026-09-28,30,766.4192,"{""GBP_USD"": ""2026-09-28T18:32:59.632148+00:00"", ""EUR_USD"": ""2026-09-28T16:54:43.555383+00:00"", ""XAU_USD"": ""2026-09-28T16:38:57.168682+00:00""}"
2026-09-28,30,766.4192,"{""GBP_USD"": ""2026-09-28T18:32:59.632148+00:00"", ""EUR_USD"": ""2026-09-28T16:54:43.555383+00:00"", ""XAU_USD"": ""2026-09-28T16:38:57.168682+00:00""}"
2026-09-28,30,766.4192,"{""GBP_USD"": ""2026-09-28T18:32:59.632148+00:00"", ""EUR_USD"": ""2026-09-28T16:54:43.555383+00:00"", ""XAU_USD"": ""2026-09-28T16:38:57.168682+00:00""}"
2026-09-28,30,766.4192,"{""GBP_USD"": ""2026-09-28T18:32:59.632148+00:00"", ""EUR_USD"": ""2026-09-28T16:54:43.555383+00:00"", ""XAU_USD"": ""2026-09-28T16:38:57.168682+00:00""}"
2026-09-28,30,766.4192,"{""GBP_USD"": ""2026-09-28T18:32:59.632148+00:00"", ""EUR_USD"": ""2026-09-28T16:54:43.555383+00:00"", ""XAU_USD"": ""2026-09-28T16:38:57.168682+00:00""}"
2026-09-28,30,766.4192,"{""GBP_USD"": ""2026-09-28T18:32:59.632148+00:00"", ""EUR_USD"": ""2026-09-28T16:54:43.555383+00:00"", ""XAU_USD"": ""2026-09-28T16:38:57.168682+00:00""}"
2026-09-28,30,766.4192,"{""GBP_USD"": ""2026-09-28T18:32:59.632148+00:00"", ""EUR_USD"": ""2026-09-28T16:54:43.555383+00:00"", ""XAU_USD"": ""2026-09-28T16:38:57.168682+00:00""}"
2026-09-28,30,766.4192,"{""GBP_USD"": ""2026-09-28T18:32:59.632148+00:00"", ""EUR_USD"": ""2026-09-28T16:54:43.555383+00:00"", ""XAU_USD"": ""2026-09-28T16:38:57.168682+00:00""}"
2026-09-28,30,766.4192,"{""GBP_USD"": ""2026-09-28T18:32:59.632148+00:00"", ""EUR_USD"": ""2026-09-28T16:54:43.555383+00:00"", ""XAU_USD"": ""2026-09-28T16:38:57.168682+00:00""}"
2026-09-29,0,767.9697,{}
2026-09-29,0,767.9697,{}
2026-09-29,0,767.9697,{}
2026-09-29,0,767.9697,{}
2026-09-29,0,767.9697,{}
2026-09-29,0,767.9697,{}
2026-09-29,0,767.9697,{}
2026-09-29,0,767.9697,{}
2026-09-29,0,767.9697,{}
2026-09-29,0,767.9697,{}
2026-09-29,0,767.9697,{}
2026-09-29,0,767.9697,{}
2026-09-29,0,767.9697,{}
2026-09-29,0,767.9697,{}
2026-09-29,0,767.9697,{}
2026-09-29,0,767.9697,{}
2026-09-29,2,767.9697,"{""EUR_USD"": ""2026-09-29T04:20:42.568052+00:00"", ""GBP_USD"": ""2026-09-29T04:20:43.066723+00:00""}"
2026-09-29,2,767.9697,"{""EUR_USD"": ""2026-09-29T04:20:42.568052+00:00"", ""GBP_USD"": ""2026-09-29T04:20:43.066723+00:00""}"
2026-09-29,2,767.9697,"{""EUR_USD"": ""2026-09-29T04:20:42.568052+00:00"", ""GBP_USD"": ""2026-09-29T04:20:43.066723+00:00""}"
2026-09-29,2,767.9697,"{""EUR_USD"": ""2026-09-29T04:20:42.568052+00:00"", ""GBP_USD"": ""2026-09-29T04:20:43.066723+00:00""}"
2026-09-29,2,767.9697,"{""EUR_USD"": ""2026-09-29T04:20:42.568052+00:00"", ""GBP_USD"": ""2026-09-29T04:20:43.066723+00:00""}"
2026-09-29,2,767.9697,"{""EUR_USD"": ""2026-09-29T04:20:42.568052+00:00"", ""GBP_USD"": ""2026-09-29T04:20:43.066723+00:00""}"
2026-09-29,2,767.9697,"{""EUR_USD"": ""2026-09-29T04:20:42.568052+00:00"", ""GBP_USD"": ""2026-09-29T04:20:43.066723+00:00""}"
2026-09-29,2,767.9697,"{""EUR_USD"": ""2026-09-29T04:20:42.568052+00:00"", ""GBP_USD"": ""2026-09-29T04:20:43.066723+00:00""}"
2026-09-29,3,767.9697,"{""EUR_USD"": ""2026-09-29T06:25:24.942279+00:00"", ""GBP_USD"": ""2026-09-29T04:20:43.066723+00:00""}"
2026-09-29,3,767.9697,"{""EUR_USD"": ""2026-09-29T06:25:24.942279+00:00"", ""GBP_USD"": ""2026-09-29T04:20:43.066723+00:00""}"
2026-09-29,3,767.9697,"{""EUR_USD"": ""2026-09-29T06:25:24.942279+00:00"", ""GBP_USD"": ""2026-09-29T04:20:43.066723+00:00""}"
2026-09-29,3,767.9697,"{""EUR_USD"": ""2026-09-29T06:25:24.942279+00:00"", ""GBP_USD"": ""2026-09-29T04:20:43.066723+00:00""}"
2026-09-29,6,767.9697,"{""EUR_USD"": ""2026-09-29T07:37:52.850175+00:00"", ""GBP_USD"": ""2026-09-29T07:37:53.404661+00:00"", ""XAU_USD"": ""2026-09-29T07:37:52.447619+00:00""}"
2026-09-29,6,767.9697,"{""EUR_USD"": ""2026-09-29T07:37:52.850175+00:00"", ""GBP_USD"": ""2026-09-29T07:37:53.404661+00:00"", ""XAU_USD"": ""2026-09-29T07:37:52.447619+00:00""}"
2026-09-29,6,767.9697,"{""EUR_USD"": ""2026-09-29T07:37:52.850175+00:00"", ""GBP_USD"": ""2026-09-29T07:37:53.404661+00:00"", ""XAU_USD"": ""2026-09-29T07:37:52.447619+00:00""}"
2026-09-29,6,767.9697,"{""EUR_USD"": ""2026-09-29T07:37:52.850175+00:00"", ""GBP_USD"": ""2026-09-29T07:37:53.404661+00:00"", ""XAU_USD"": ""2026-09-29T07:37:52.447619+00:00""}"
2026-09-29,7,767.9697,"{""EUR_USD"": ""2026-09-29T08:46:43.984632+00:00"", ""GBP_USD"": ""2026-09-29T07:37:53.404661+00:00"", ""XAU_USD"": ""2026-09-29T07:37:52.447619+00:00""}"
2026-09-29,7,767.9697,"{""EUR_USD"": ""2026-09-29T08:46:43.984632+00:00"", ""GBP_USD"": ""2026-09-29T07:37:53.404661+00:00"", ""XAU_USD"": ""2026-09-29T07:37:52.447619+00:00""}"
2026-09-29,7,767.9697,"{""EUR_USD"": ""2026-09-29T08:46:43.984632+00:00"", ""GBP_USD"": ""2026-09-29T07:37:53.404661+00:00"", ""XAU_USD"": ""2026-09-29T07:37:52.447619+00:00""}"
2026-09-29,7,767.9697,"{""EUR_USD"": ""2026-09-29T08:46:43.984632+00:00"", ""GBP_USD"": ""2026-09-29T07:37:53.404661+00:00"", ""XAU_USD"": ""2026-09-29T07:37:52.447619+00:00""}"
2026-09-29,7,767.9697,"{""EUR_USD"": ""2026-09-29T08:46:43.984632+00:00"", ""GBP_USD"": ""2026-09-29T07:37:53.404661+00:00"", ""XAU_USD"": ""2026-09-29T07:37:52.447619+00:00""}"
2026-09-29,8,767.9697,"{""EUR_USD"": ""2026-09-29T08:46:43.984632+00:00"", ""GBP_USD"": ""2026-09-29T10:08:08.358879+00:00"", ""XAU_USD"": ""2026-09-29T07:37:52.447619+00:00""}"
2026-09-29,8,767.9697,"{""EUR_USD"": ""2026-09-29T08:46:43.984632+00:00"", ""GBP_USD"": ""2026-09-29T10:08:08.358879+00:00"", ""XAU_USD"": ""2026-09-29T07:37:52.447619+00:00""}"
2026-09-29,10,767.9697,"{""EUR_USD"": ""2026-09-29T08:46:43.984632+00:00"", ""GBP_USD"": ""2026-09-29T10:45:35.930232+00:00"", ""XAU_USD"": ""2026-09-29T10:45:33.730590+00:00""}"
2026-09-29,10,767.9697,"{""EUR_USD"": ""2026-09-29T08:46:43.984632+00:00"", ""GBP_USD"": ""2026-09-29T10:45:35.930232+00:00"", ""XAU_USD"": ""2026-09-29T10:45:33.730590+00:00""}"
2026-09-29,10,767.9697,"{""EUR_USD"": ""2026-09-29T08:46:43.984632+00:00"", ""GBP_USD"": ""2026-09-29T10:45:35.930232+00:00"", ""XAU_USD"": ""2026-09-29T10:45:33.730590+00:00""}"
2026-09-29,10,767.9697,"{""EUR_USD"": ""2026-09-29T08:46:43.984632+00:00"", ""GBP_USD"": ""2026-09-29T10:45:35.930232+00:00"", ""XAU_USD"": ""2026-09-29T10:45:33.730590+00:00""}"
2026-09-29,11,767.9697,"{""EUR_USD"": ""2026-09-29T08:46:43.984632+00:00"", ""GBP_USD"": ""2026-09-29T11:48:56.232928+00:00"", ""XAU_USD"": ""2026-09-29T10:45:33.730590+00:00""}"
2026-09-29,14,767.9697,"{""EUR_USD"": ""2026-09-29T12:01:07.419336+00:00"", ""GBP_USD"": ""2026-09-29T12:01:07.678851+00:00"", ""XAU_USD"": ""2026-09-29T12:01:07.190030+00:00""}"
2026-09-29,14,767.9697,"{""EUR_USD"": ""2026-09-29T12:01:07.419336+00:00"", ""GBP_USD"": ""2026-09-29T12:01:07.678851+00:00"", ""XAU_USD"": ""2026-09-29T12:01:07.190030+00:00""}"
2026-09-29,16,767.9697,"{""EUR_USD"": ""2026-09-29T12:48:11.317169+00:00"", ""GBP_USD"": ""2026-09-29T12:48:11.545210+00:00"", ""XAU_USD"": ""2026-09-29T12:01:07.190030+00:00""}"
2026-09-29,17,767.9697,"{""EUR_USD"": ""2026-09-29T12:48:11.317169+00:00"", ""GBP_USD"": ""2026-09-29T13:04:08.190633+00:00"", ""XAU_USD"": ""2026-09-29T12:01:07.190030+00:00""}"
2026-09-29,18,767.9697,"{""EUR_USD"": ""2026-09-29T12:48:11.317169+00:00"", ""GBP_USD"": ""2026-09-29T13:27:05.870948+00:00"", ""XAU_USD"": ""2026-09-29T12:01:07.190030+00:00""}"
2026-09-29,19,767.9697,"{""EUR_USD"": ""2026-09-29T12:48:11.317169+00:00"", ""GBP_USD"": ""2026-09-29T13:45:43.745865+00:00"", ""XAU_USD"": ""2026-09-29T12:01:07.190030+00:00""}"
2026-09-29,19,767.9697,"{""EUR_USD"": ""2026-09-29T12:48:11.317169+00:00"", ""GBP_USD"": ""2026-09-29T13:45:43.745865+00:00"", ""XAU_USD"": ""2026-09-29T12:01:07.190030+00:00""}"
2026-09-29,19,767.9697,"{""EUR_USD"": ""2026-09-29T12:48:11.317169+00:00"", ""GBP_USD"": ""2026-09-29T13:45:43.745865+00:00"", ""XAU_USD"": ""2026-09-29T12:01:07.190030+00:00""}"
2026-09-29,20,767.9697,"{""EUR_USD"": ""2026-09-29T12:48:11.317169+00:00"", ""GBP_USD"": ""2026-09-29T13:45:43.745865+00:00"", ""XAU_USD"": ""2026-09-29T14:38:27.536151+00:00""}"
2026-09-29,20,767.9697,"{""EUR_USD"": ""2026-09-29T12:48:11.317169+00:00"", ""GBP_USD"": ""2026-09-29T13:45:43.745865+00:00"", ""XAU_USD"": ""2026-09-29T14:38:27.536151+00:00""}"
2026-09-29,21,767.9697,"{""EUR_USD"": ""2026-09-29T15:11:45.066523+00:00"", ""GBP_USD"": ""2026-09-29T13:45:43.745865+00:00"", ""XAU_USD"": ""2026-09-29T14:38:27.536151+00:00""}"
2026-09-29,23,767.9697,"{""EUR_USD"": ""2026-09-29T15:11:45.066523+00:00"", ""GBP_USD"": ""2026-09-29T15:32:32.665951+00:00"", ""XAU_USD"": ""2026-09-29T15:32:31.181379+00:00""}"
2026-09-29,23,767.9697,"{""EUR_USD"": ""2026-09-29T15:11:45.066523+00:00"", ""GBP_USD"": ""2026-09-29T15:32:32.665951+00:00"", ""XAU_USD"": ""2026-09-29T15:32:31.181379+00:00""}"
2026-09-29,23,767.9697,"{""EUR_USD"": ""2026-09-29T15:11:45.066523+00:00"", ""GBP_USD"": ""2026-09-29T15:32:32.665951+00:00"", ""XAU_USD"": ""2026-09-29T15:32:31.181379+00:00""}"
2026-09-29,23,767.9697,"{""EUR_USD"": ""2026-09-29T15:11:45.066523+00:00"", ""GBP_USD"": ""2026-09-29T15:32:32.665951+00:00"", ""XAU_USD"": ""2026-09-29T15:32:31.181379+00:00""}"
2026-09-29,25,767.9697,"{""EUR_USD"": ""2026-09-29T16:58:04.875397+00:00"", ""GBP_USD"": ""2026-09-29T15:32:32.665951+00:00"", ""XAU_USD"": ""2026-09-29T16:58:04.380072+00:00""}"
2026-09-29,25,767.9697,"{""EUR_USD"": ""2026-09-29T16:58:04.875397+00:00"", ""GBP_USD"": ""2026-09-29T15:32:32.665951+00:00"", ""XAU_USD"": ""2026-09-29T16:58:04.380072+00:00""}"
2026-09-29,25,767.9697,"{""EUR_USD"": ""2026-09-29T16:58:04.875397+00:00"", ""GBP_USD"": ""2026-09-29T15:32:32.665951+00:00"", ""XAU_USD"": ""2026-09-29T16:58:04.380072+00:00""}"
2026-09-29,25,767.9697,"{""EUR_USD"": ""2026-09-29T16:58:04.875397+00:00"", ""GBP_USD"": ""2026-09-29T15:32:32.665951+00:00"", ""XAU_USD"": ""2026-09-29T16:58:04.380072+00:00""}"
2026-09-29,26,767.9697,"{""EUR_USD"": ""2026-09-29T16:58:04.875397+00:00"", ""GBP_USD"": ""2026-09-29T15:32:32.665951+00:00"", ""XAU_USD"": ""2026-09-29T18:01:07.317396+00:00""}"
2026-09-29,29,767.9697,"{""EUR_USD"": ""2026-09-29T18:24:20.436962+00:00"", ""GBP_USD"": ""2026-09-29T18:24:24.589248+00:00"", ""XAU_USD"": ""2026-09-29T18:24:15.708155+00:00""}"
2026-09-29,29,767.9697,"{""EUR_USD"": ""2026-09-29T18:24:20.436962+00:00"", ""GBP_USD"": ""2026-09-29T18:24:24.589248+00:00"", ""XAU_USD"": ""2026-09-29T18:24:15.708155+00:00""}"
2026-09-29,30,767.9697,"{""EUR_USD"": ""2026-09-29T18:24:20.436962+00:00"", ""GBP_USD"": ""2026-09-29T18:59:00.744368+00:00"", ""XAU_USD"": ""2026-09-29T18:24:15.708155+00:00""}"
2026-09-29,30,767.9697,"{""EUR_USD"": ""2026-09-29T18:24:20.436962+00:00"", ""GBP_USD"": ""2026-09-29T18:59:00.744368+00:00"", ""XAU_USD"": ""2026-09-29T18:24:15.708155+00:00""}"
2026-09-29,30,767.9697,"{""EUR_USD"": ""2026-09-29T18:24:20.436962+00:00"", ""GBP_USD"": ""2026-09-29T18:59:00.744368+00:00"", ""XAU_USD"": ""2026-09-29T18:24:15.708155+00:00""}"
2026-09-29,30,767.9697,"{""EUR_USD"": ""2026-09-29T18:24:20.436962+00:00"", ""GBP_USD"": ""2026-09-29T18:59:00.744368+00:00"", ""XAU_USD"": ""2026-09-29T18:24:15.708155+00:00""}"
2026-09-29,30,767.9697,"{""EUR_USD"": ""2026-09-29T18:24:20.436962+00:00"", ""GBP_USD"": ""2026-09-29T18:59:00.744368+00:00"", ""XAU_USD"": ""2026-09-29T18:24:15.708155+00:00""}"
2026-09-29,30,767.9697,"{""EUR_USD"": ""2026-09-29T18:24:20.436962+00:00"", ""GBP_USD"": ""2026-09-29T18:59:00.744368+00:00"", ""XAU_USD"": ""2026-09-29T18:24:15.708155+00:00""}"
2026-09-29,30,767.9697,"{""EUR_USD"": ""2026-09-29T18:24:20.436962+00:00"", ""GBP_USD"": ""2026-09-29T18:59:00.744368+00:00"", ""XAU_USD"": ""2026-09-29T18:24:15.708155+00:00""}"
2026-09-29,30,767.9697,"{""EUR_USD"": ""2026-09-29T18:24:20.436962+00:00"", ""GBP_USD"": ""2026-09-29T18:59:00.744368+00:00"", ""XAU_USD"": ""2026-09-29T18:24:15.708155+00:00""}"
2026-09-29,30,767.9697,"{""EUR_USD"": ""2026-09-29T18:24:20.436962+00:00"", ""GBP_USD"": ""2026-09-29T18:59:00.744368+00:00"", ""XAU_USD"": ""2026-09-29T18:24:15.708155+00:00""}"
2026-09-29,30,767.9697,"{""EUR_USD"": ""2026-09-29T18:24:20.436962+00:00"", ""GBP_USD"": ""2026-09-29T18:59:00.744368+00:00"", ""XAU_USD"": ""2026-09-29T18:24:15.708155+00:00""}"
2026-09-29,30,767.9697,"{""EUR_USD"": ""2026-09-29T18:24:20.436962+00:00"", ""GBP_USD"": ""2026-09-29T18:59:00.744368+00:00"", ""XAU_USD"": ""2026-09-29T18:24:15.708155+00:00""}"
2026-09-29,30,767.9697,"{""EUR_USD"": ""2026-09-29T18:24:20.436962+00:00"", ""GBP_USD"": ""2026-09-29T18:59:00.744368+00:00"", ""XAU_USD"": ""2026-09-29T18:24:15.708155+00:00""}"
2026-09-29,30,767.9697,"{""EUR_USD"": ""2026-09-29T18:24:20.436962+00:00"", ""GBP_USD"": ""2026-09-29T18:59:00.744368+00:00"", ""XAU_USD"": ""2026-09-29T18:24:15.708155+00:00""}"
2026-09-29,30,767.9697,"{""EUR_USD"": ""2026-09-29T18:24:20.436962+00:00"", ""GBP_USD"": ""2026-09-29T18:59:00.744368+00:00"", ""XAU_USD"": ""2026-09-29T18:24:15.708155+00:00""}"
2026-09-29,30,767.9697,"{""EUR_USD"": ""2026-09-29T18:24:20.436962+00:00"", ""GBP_USD"": ""2026-09-29T18:59:00.744368+00:00"", ""XAU_USD"": ""2026-09-29T18:24:15.708155+00:00""}"
2026-09-29,30,767.9697,"{""EUR_USD"": ""2026-09-29T18:24:20.436962+00:00"", ""GBP_USD"": ""2026-09-29T18:59:00.744368+00:00"", ""XAU_USD"": ""2026-09-29T18:24:15.708155+00:00""}"
2026-09-29,30,767.9697,"{""EUR_USD"": ""2026-09-29T18:24:20.436962+00:00"", ""GBP_USD"": ""2026-09-29T18:59:00.744368+00:00"", ""XAU_USD"": ""2026-09-29T18:24:15.708155+00:00""}"
2026-09-29,30,767.9697,"{""EUR_USD"": ""2026-09-29T18:24:20.436962+00:00"", ""GBP_USD"": ""2026-09-29T18:59:00.744368+00:00"", ""XAU_USD"": ""2026-09-29T18:24:15.708155+00:00""}"
2026-09-29,30,767.9697,"{""EUR_USD"": ""2026-09-29T18:24:20.436962+00:00"", ""GBP_USD"": ""2026-09-29T18:59:00.744368+00:00"", ""XAU_USD"": ""2026-09-29T18:24:15.708155+00:00""}"
2026-09-29,30,767.9697,"{""EUR_USD"": ""2026-09-29T18:24:20.436962+00:00"", ""GBP_USD"": ""2026-09-29T18:59:00.744368+00:00"", ""XAU_USD"": ""2026-09-29T18:24:15.708155+00:00""}"
2026-09-29,30,767.9697,"{""EUR_USD"": ""2026-09-29T18:24:20.436962+00:00"", ""GBP_USD"": ""2026-09-29T18:59:00.744368+00:00"", ""XAU_USD"": ""2026-09-29T18:24:15.708155+00:00""}"
2026-09-30,3,718.0105,"{""XAU_USD"": ""2026-09-30T00:04:50.534251+00:00"", ""EUR_USD"": ""2026-09-30T00:04:50.675136+00:00"", ""GBP_USD"": ""2026-09-30T00:04:50.883989+00:00""}"
2026-09-30,3,718.0105,"{""XAU_USD"": ""2026-09-30T00:04:50.534251+00:00"", ""EUR_USD"": ""2026-09-30T00:04:50.675136+00:00"", ""GBP_USD"": ""2026-09-30T00:04:50.883989+00:00""}"
2026-09-30,3,718.0105,"{""XAU_USD"": ""2026-09-30T00:04:50.534251+00:00"", ""EUR_USD"": ""2026-09-30T00:04:50.675136+00:00"", ""GBP_USD"": ""2026-09-30T00:04:50.883989+00:00""}"
2026-09-30,4,718.0105,"{""XAU_USD"": ""2026-09-30T01:07:27.887958+00:00"", ""EUR_USD"": ""2026-09-30T00:04:50.675136+00:00"", ""GBP_USD"": ""2026-09-30T00:04:50.883989+00:00""}"
2026-09-30,4,718.0105,"{""XAU_USD"": ""2026-09-30T01:07:27.887958+00:00"", ""EUR_USD"": ""2026-09-30T00:04:50.675136+00:00"", ""GBP_USD"": ""2026-09-30T00:04:50.883989+00:00""}"
2026-09-30,5,718.0105,"{""XAU_USD"": ""2026-09-30T01:42:27.619357+00:00"", ""EUR_USD"": ""2026-09-30T00:04:50.675136+00:00"", ""GBP_USD"": ""2026-09-30T00:04:50.883989+00:00""}"
2026-09-30,5,718.0105,"{""XAU_USD"": ""2026-09-30T01:42:27.619357+00:00"", ""EUR_USD"": ""2026-09-30T00:04:50.675136+00:00"", ""GBP_USD"": ""2026-09-30T00:04:50.883989+00:00""}"
2026-09-30,6,718.0105,"{""XAU_USD"": ""2026-09-30T02:11:30.259215+00:00"", ""EUR_USD"": ""2026-09-30T00:04:50.675136+00:00"", ""GBP_USD"": ""2026-09-30T00:04:50.883989+00:00""}"
2026-09-30,6,718.0105,"{""XAU_USD"": ""2026-09-30T02:11:30.259215+00:00"", ""EUR_USD"": ""2026-09-30T00:04:50.675136+00:00"", ""GBP_USD"": ""2026-09-30T00:04:50.883989+00:00""}"
2026-09-30,6,718.0105,"{""XAU_USD"": ""2026-09-30T02:11:30.259215+00:00"", ""EUR_USD"": ""2026-09-30T00:04:50.675136+00:00"", ""GBP_USD"": ""2026-09-30T00:04:50.883989+00:00""}"
2026-09-30,6,718.0105,"{""XAU_USD"": ""2026-09-30T02:11:30.259215+00:00"", ""EUR_USD"": ""2026-09-30T00:04:50.675136+00:00"", ""GBP_USD"": ""2026-09-30T00:04:50.883989+00:00""}"
2026-09-30,6,718.0105,"{""XAU_USD"": ""2026-09-30T02:11:30.259215+00:00"", ""EUR_USD"": ""2026-09-30T00:04:50.675136+00:00"", ""GBP_USD"": ""2026-09-30T00:04:50.883989+00:00""}"
2026-09-30,6,718.0105,"{""XAU_USD"": ""2026-09-30T02:11:30.259215+00:00"", ""EUR_USD"": ""2026-09-30T00:04:50.675136+00:00"", ""GBP_USD"": ""2026-09-30T00:04:50.883989+00:00""}"
2026-09-30,6,718.0105,"{""XAU_USD"": ""2026-09-30T02:11:30.259215+00:00"", ""EUR_USD"": ""2026-09-30T00:04:50.675136+00:00"", ""GBP_USD"": ""2026-09-30T00:04:50.883989+00:00""}"
2026-09-30,6,718.0105,"{""XAU_USD"": ""2026-09-30T02:11:30.259215+00:00"", ""EUR_USD"": ""2026-09-30T00:04:50.675136+00:00"", ""GBP_USD"": ""2026-09-30T00:04:50.883989+00:00""}"
2026-09-30,6,718.0105,"{""XAU_USD"": ""2026-09-30T02:11:30.259215+00:00"", ""EUR_USD"": ""2026-09-30T00:04:50.675136+00:00"", ""GBP_USD"": ""2026-09-30T00:04:50.883989+00:00""}"
2026-09-30,6,718.0105,"{""XAU_USD"": ""2026-09-30T02:11:30.259215+00:00"", ""EUR_USD"": ""2026-09-30T00:04:50.675136+00:00"", ""GBP_USD"": ""2026-09-30T00:04:50.883989+00:00""}"
2026-09-30,7,718.0105,"{""XAU_USD"": ""2026-09-30T02:11:30.259215+00:00"", ""EUR_USD"": ""2026-09-30T04:54:01.926663+00:00"", ""GBP_USD"": ""2026-09-30T00:04:50.883989+00:00""}"
2026-09-30,7,718.0105,"{""XAU_USD"": ""2026-09-30T02:11:30.259215+00:00"", ""EUR_USD"": ""2026-09-30T04:54:01.926663+00:00"", ""GBP_USD"": ""2026-09-30T00:04:50.883989+00:00""}"
2026-09-30,8,718.0105,"{""XAU_USD"": ""2026-09-30T02:11:30.259215+00:00"", ""EUR_USD"": ""2026-09-30T05:25:38.310336+00:00"", ""GBP_USD"": ""2026-09-30T00:04:50.883989+00:00""}"
2026-09-30,8,718.0105,"{""XAU_USD"": ""2026-09-30T02:11:30.259215+00:00"", ""EUR_USD"": ""2026-09-30T05:25:38.310336+00:00"", ""GBP_USD"": ""2026-09-30T00:04:50.883989+00:00""}"
2026-09-30,8,718.0105,"{""XAU_USD"": ""2026-09-30T02:11:30.259215+00:00"", ""EUR_USD"": ""2026-09-30T05:25:38.310336+00:00"", ""GBP_USD"": ""2026-09-30T00:04:50.883989+00:00""}"
2026-09-30,10,718.0105,"{""XAU_USD"": ""2026-09-30T02:11:30.259215+00:00"", ""EUR_USD"": ""2026-09-30T06:14:31.527455+00:00"", ""GBP_USD"": ""2026-09-30T06:14:31.956381+00:00""}"
2026-09-30,10,718.0105,"{""XAU_USD"": ""2026-09-30T02:11:30.259215+00:00"", ""EUR_USD"": ""2026-09-30T06:14:31.527455+00:00"", ""GBP_USD"": ""2026-09-30T06:14:31.956381+00:00""}"
2026-09-30,12,718.0105,"{""XAU_USD"": ""2026-09-30T02:11:30.259215+00:00"", ""EUR_USD"": ""2026-09-30T06:57:02.560833+00:00"", ""GBP_USD"": ""2026-09-30T06:57:02.768053+00:00""}"
2026-09-30,12,718.0105,"{""XAU_USD"": ""2026-09-30T02:11:30.259215+00:00"", ""EUR_USD"": ""2026-09-30T06:57:02.560833+00:00"", ""GBP_USD"": ""2026-09-30T06:57:02.768053+00:00""}"
2026-09-30,12,718.0105,"{""XAU_USD"": ""2026-09-30T02:11:30.259215+00:00"", ""EUR_USD"": ""2026-09-30T06:57:02.560833+00:00"", ""GBP_USD"": ""2026-09-30T06:57:02.768053+00:00""}"
2026-09-30,15,718.0105,"{""XAU_USD"": ""2026-09-30T07:51:59.170745+00:00"", ""EUR_USD"": ""2026-09-30T07:51:59.466515+00:00"", ""GBP_USD"": ""2026-09-30T07:52:00.009209+00:00""}"
2026-09-30,15,718.0105,"{""XAU_USD"": ""2026-09-30T07:51:59.170745+00:00"", ""EUR_USD"": ""2026-09-30T07:51:59.466515+00:00"", ""GBP_USD"": ""2026-09-30T07:52:00.009209+00:00""}"
2026-09-30,15,718.0105,"{""XAU_USD"": ""2026-09-30T07:51:59.170745+00:00"", ""EUR_USD"": ""2026-09-30T07:51:59.466515+00:00"", ""GBP_USD"": ""2026-09-30T07:52:00.009209+00:00""}"
2026-09-30,15,718.0105,"{""XAU_USD"": ""2026-09-30T07:51:59.170745+00:00"", ""EUR_USD"": ""2026-09-30T07:51:59.466515+00:00"", ""GBP_USD"": ""2026-09-30T07:52:00.009209+00:00""}"
2026-09-30,15,718.0105,"{""XAU_USD"": ""2026-09-30T07:51:59.170745+00:00"", ""EUR_USD"": ""2026-09-30T07:51:59.466515+00:00"", ""GBP_USD"": ""2026-09-30T07:52:00.009209+00:00""}"
2026-09-30,15,718.0105,"{""XAU_USD"": ""2026-09-30T07:51:59.170745+00:00"", ""EUR_USD"": ""2026-09-30T07:51:59.466515+00:00"", ""GBP_USD"": ""2026-09-30T07:52:00.009209+00:00""}"
2026-09-30,15,718.0105,"{""XAU_USD"": ""2026-09-30T07:51:59.170745+00:00"", ""EUR_USD"": ""2026-09-30T07:51:59.466515+00:00"", ""GBP_USD"": ""2026-09-30T07:52:00.009209+00:00""}"
2026-09-30,15,718.0105,"{""XAU_USD"": ""2026-09-30T07:51:59.170745+00:00"", ""EUR_USD"": ""2026-09-30T07:51:59.466515+00:00"", ""GBP_USD"": ""2026-09-30T07:52:00.009209+00:00""}"
2026-09-30,16,718.0105,"{""XAU_USD"": ""2026-09-30T07:51:59.170745+00:00"", ""EUR_USD"": ""2026-09-30T10:07:54.035907+00:00"", ""GBP_USD"": ""2026-09-30T07:52:00.009209+00:00""}"
2026-09-30,17,718.0105,"{""XAU_USD"": ""2026-09-30T07:51:59.170745+00:00"", ""EUR_USD"": ""2026-09-30T10:07:54.035907+00:00"", ""GBP_USD"": ""2026-09-30T10:27:07.589836+00:00""}"
2026-09-30,17,718.0105,"{""XAU_USD"": ""2026-09-30T07:51:59.170745+00:00"", ""EUR_USD"": ""2026-09-30T10:07:54.035907+00:00"", ""GBP_USD"": ""2026-09-30T10:27:07.589836+00:00""}"
2026-09-30,18,718.0105,"{""XAU_USD"": ""2026-09-30T10:58:22.751467+00:00"", ""EUR_USD"": ""2026-09-30T10:07:54.035907+00:00"", ""GBP_USD"": ""2026-09-30T10:27:07.589836+00:00""}"
2026-09-30,18,718.0105,"{""XAU_USD"": ""2026-09-30T10:58:22.751467+00:00"", ""EUR_USD"": ""2026-09-30T10:07:54.035907+00:00"", ""GBP_USD"": ""2026-09-30T10:27:07.589836+00:00""}"
2026-09-30,18,718.0105,"{""XAU_USD"": ""2026-09-30T10:58:22.751467+00:00"", ""EUR_USD"": ""2026-09-30T10:07:54.035907+00:00"", ""GBP_USD"": ""2026-09-30T10:27:07.589836+00:00""}"
2026-09-30,18,718.0105,"{""XAU_USD"": ""2026-09-30T10:58:22.751467+00:00"", ""EUR_USD"": ""2026-09-30T10:07:54.035907+00:00"", ""GBP_USD"": ""2026-09-30T10:27:07.589836+00:00""}"
2026-09-30,18,718.0105,"{""XAU_USD"": ""2026-09-30T10:58:22.751467+00:00"", ""EUR_USD"": ""2026-09-30T10:07:54.035907+00:00"", ""GBP_USD"": ""2026-09-30T10:27:07.589836+00:00""}"
2026-09-30,18,718.0105,"{""XAU_USD"": ""2026-09-30T10:58:22.751467+00:00"", ""EUR_USD"": ""2026-09-30T10:07:54.035907+00:00"", ""GBP_USD"": ""2026-09-30T10:27:07.589836+00:00""}"
2026-09-30,18,718.0105,"{""XAU_USD"": ""2026-09-30T10:58:22.751467+00:00"", ""EUR_USD"": ""2026-09-30T10:07:54.035907+00:00"", ""GBP_USD"": ""2026-09-30T10:27:07.589836+00:00""}"
2026-09-30,20,718.0105,"{""XAU_USD"": ""2026-09-30T13:08:30.225189+00:00"", ""EUR_USD"": ""2026-09-30T13:08:31.213117+00:00"", ""GBP_USD"": ""2026-09-30T10:27:07.589836+00:00""}"
2026-09-30,21,718.0105,"{""XAU_USD"": ""2026-09-30T13:28:54.814859+00:00"", ""EUR_USD"": ""2026-09-30T13:08:31.213117+00:00"", ""GBP_USD"": ""2026-09-30T10:27:07.589836+00:00""}"
2026-09-30,22,718.0105,"{""XAU_USD"": ""2026-09-30T13:47:12.892139+00:00"", ""EUR_USD"": ""2026-09-30T13:08:31.213117+00:00"", ""GBP_USD"": ""2026-09-30T10:27:07.589836+00:00""}"
2026-09-30,22,718.0105,"{""XAU_USD"": ""2026-09-30T13:47:12.892139+00:00"", ""EUR_USD"": ""2026-09-30T13:08:31.213117+00:00"", ""GBP_USD"": ""2026-09-30T10:27:07.589836+00:00""}"
2026-09-30,22,718.0105,"{""XAU_USD"": ""2026-09-30T13:47:12.892139+00:00"", ""EUR_USD"": ""2026-09-30T13:08:31.213117+00:00"", ""GBP_USD"": ""2026-09-30T10:27:07.589836+00:00""}"
2026-09-30,24,718.0105,"{""XAU_USD"": ""2026-09-30T14:43:24.520200+00:00"", ""EUR_USD"": ""2026-09-30T14:43:24.980253+00:00"", ""GBP_USD"": ""2026-09-30T10:27:07.589836+00:00""}"
2026-09-30,24,718.0105,"{""XAU_USD"": ""2026-09-30T14:43:24.520200+00:00"", ""EUR_USD"": ""2026-09-30T14:43:24.980253+00:00"", ""GBP_USD"": ""2026-09-30T10:27:07.589836+00:00""}"
2026-09-30,25,718.0105,"{""XAU_USD"": ""2026-09-30T14:43:24.520200+00:00"", ""EUR_USD"": ""2026-09-30T14:43:24.980253+00:00"", ""GBP_USD"": ""2026-09-30T15:25:11.748409+00:00""}"
2026-09-30,25,718.0105,"{""XAU_USD"": ""2026-09-30T14:43:24.520200+00:00"", ""EUR_USD"": ""2026-09-30T14:43:24.980253+00:00"", ""GBP_USD"": ""2026-09-30T15:25:11.748409+00:00""}"
2026-09-30,27,718.0105,"{""XAU_USD"": ""2026-09-30T14:43:24.520200+00:00"", ""EUR_USD"": ""2026-09-30T16:00:31.651531+00:00"", ""GBP_USD"": ""2026-09-30T16:00:32.071494+00:00""}"
2026-09-30,28,718.0105,"{""XAU_USD"": ""2026-09-30T14:43:24.520200+00:00"", ""EUR_USD"": ""2026-09-30T16:00:31.651531+00:00"", ""GBP_USD"": ""2026-09-30T16:23:19.630448+00:00""}"
2026-09-30,28,718.0105,"{""XAU_USD"": ""2026-09-30T14:43:24.520200+00:00"", ""EUR_USD"": ""2026-09-30T16:00:31.651531+00:00"", ""GBP_USD"": ""2026-09-30T16:23:19.630448+00:00""}"
2026-09-30,28,718.0105,"{""XAU_USD"": ""2026-09-30T14:43:24.520200+00:00"", ""EUR_USD"": ""2026-09-30T16:00:31.651531+00:00"", ""GBP_USD"": ""2026-09-30T16:23:19.630448+00:00""}"
2026-09-30,28,718.0105,"{""XAU_USD"": ""2026-09-30T14:43:24.520200+00:00"", ""EUR_USD"": ""2026-09-30T16:00:31.651531+00:00"", ""GBP_USD"": ""2026-09-30T16:23:19.630448+00:00""}"
2026-09-30,28,718.0105,"{""XAU_USD"": ""2026-09-30T14:43:24.520200+00:00"", ""EUR_USD"": ""2026-09-30T16:00:31.651531+00:00"", ""GBP_USD"": ""2026-09-30T16:23:19.630448+00:00""}"
2026-09-30,28,718.0105,"{""XAU_USD"": ""2026-09-30T14:43:24.520200+00:00"", ""EUR_USD"": ""2026-09-30T16:00:31.651531+00:00"", ""GBP_USD"": ""2026-09-30T16:23:19.630448+00:00""}"
2026-09-30,28,718.0105,"{""XAU_USD"": ""2026-09-30T14:43:24.520200+00:00"", ""EUR_USD"": ""2026-09-30T16:00:31.651531+00:00"", ""GBP_USD"": ""2026-09-30T16:23:19.630448+00:00""}"
2026-09-30,28,718.0105,"{""XAU_USD"": ""2026-09-30T14:43:24.520200+00:00"", ""EUR_USD"": ""2026-09-30T16:00:31.651531+00:00"", ""GBP_USD"": ""2026-09-30T16:23:19.630448+00:00""}"
2026-09-30,28,718.0105,"{""XAU_USD"": ""2026-09-30T14:43:24.520200+00:00"", ""EUR_USD"": ""2026-09-30T16:00:31.651531+00:00"", ""GBP_USD"": ""2026-09-30T16:23:19.630448+00:00""}"
2026-09-30,28,718.0105,"{""XAU_USD"": ""2026-09-30T14:43:24.520200+00:00"", ""EUR_USD"": ""2026-09-30T16:00:31.651531+00:00"", ""GBP_USD"": ""2026-09-30T16:23:19.630448+00:00""}"
2026-09-30,28,718.0105,"{""XAU_USD"": ""2026-09-30T14:43:24.520200+00:00"", ""EUR_USD"": ""2026-09-30T16:00:31.651531+00:00"", ""GBP_USD"": ""2026-09-30T16:23:19.630448+00:00""}"
2026-09-30,28,718.0105,"{""XAU_USD"": ""2026-09-30T14:43:24.520200+00:00"", ""EUR_USD"": ""2026-09-30T16:00:31.651531+00:00"", ""GBP_USD"": ""2026-09-30T16:23:19.630448+00:00""}"
2026-09-30,28,718.0105,"{""XAU_USD"": ""2026-09-30T14:43:24.520200+00:00"", ""EUR_USD"": ""2026-09-30T16:00:31.651531+00:00"", ""GBP_USD"": ""2026-09-30T16:23:19.630448+00:00""}"
2026-09-30,28,718.0105,"{""XAU_USD"": ""2026-09-30T14:43:24.520200+00:00"", ""EUR_USD"": ""2026-09-30T16:00:31.651531+00:00"", ""GBP_USD"": ""2026-09-30T16:23:19.630448+00:00""}"
2026-09-30,28,718.0105,"{""XAU_USD"": ""2026-09-30T14:43:24.520200+00:00"", ""EUR_USD"": ""2026-09-30T16:00:31.651531+00:00"", ""GBP_USD"": ""2026-09-30T16:23:19.630448+00:00""}"
2026-09-30,28,718.0105,"{""XAU_USD"": ""2026-09-30T14:43:24.520200+00:00"", ""EUR_USD"": ""2026-09-30T16:00:31.651531+00:00"", ""GBP_USD"": ""2026-09-30T16:23:19.630448+00:00""}"
2026-09-30,28,718.0105,"{""XAU_USD"": ""2026-09-30T14:43:24.520200+00:00"", ""EUR_USD"": ""2026-09-30T16:00:31.651531+00:00"", ""GBP_USD"": ""2026-09-30T16:23:19.630448+00:00""}"
2026-09-30,28,718.0105,"{""XAU_USD"": ""2026-09-30T14:43:24.520200+00:00"", ""EUR_USD"": ""2026-09-30T16:00:31.651531+00:00"", ""GBP_USD"": ""2026-09-30T16:23:19.630448+00:00""}"
2026-09-30,28,718.0105,"{""XAU_USD"": ""2026-09-30T14:43:24.520200+00:00"", ""EUR_USD"": ""2026-09-30T16:00:31.651531+00:00"", ""GBP_USD"": ""2026-09-30T16:23:19.630448+00:00""}"
2026-09-30,28,718.0105,"{""XAU_USD"": ""2026-09-30T14:43:24.520200+00:00"", ""EUR_USD"": ""2026-09-30T16:00:31.651531+00:00"", ""GBP_USD"": ""2026-09-30T16:23:19.630448+00:00""}"
2026-09-30,28,718.0105,"{""XAU_USD"": ""2026-09-30T14:43:24.520200+00:00"", ""EUR_USD"": ""2026-09-30T16:00:31.651531+00:00"", ""GBP_USD"": ""2026-09-30T16:23:19.630448+00:00""}"
2026-09-30,28,718.0105,"{""XAU_USD"": ""2026-09-30T14:43:24.520200+00:00"", ""EUR_USD"": ""2026-09-30T16:00:31.651531+00:00"", ""GBP_USD"": ""2026-09-30T16:23:19.630448+00:00""}"
2026-09-30,28,718.0105,"{""XAU_USD"": ""2026-09-30T14:43:24.520200+00:00"", ""EUR_USD"": ""2026-09-30T16:00:31.651531+00:00"", ""GBP_USD"": ""2026-09-30T16:23:19.630448+00:00""}"
2026-09-30,28,718.0105,"{""XAU_USD"": ""2026-09-30T14:43:24.520200+00:00"", ""EUR_USD"": ""2026-09-30T16:00:31.651531+00:00"", ""GBP_USD"": ""2026-09-30T16:23:19.630448+00:00""}"
2026-09-30,28,718.0105,"{""XAU_USD"": ""2026-09-30T14:43:24.520200+00:00"", ""EUR_USD"": ""2026-09-30T16:00:31.651531+00:00"", ""GBP_USD"": ""2026-09-30T16:23:19.630448+00:00""}"
2026-09-30,28,718.0105,"{""XAU_USD"": ""2026-09-30T14:43:24.520200+00:00"", ""EUR_USD"": ""2026-09-30T16:00:31.651531+00:00"", ""GBP_USD"": ""2026-09-30T16:23:19.630448+00:00""}"
2026-09-30,28,718.0105,"{""XAU_USD"": ""2026-09-30T14:43:24.520200+00:00"", ""EUR_USD"": ""2026-09-30T16:00:31.651531+00:00"", ""GBP_USD"": ""2026-09-30T16:23:19.630448+00:00""}"
2026-09-30,28,718.0105,"{""XAU_USD"": ""2026-09-30T14:43:24.520200+00:00"", ""EUR_USD"": ""2026-09-30T16:00:31.651531+00:00"", ""GBP_USD"": ""2026-09-30T16:23:19.630448+00:00""}"
2026-09-30,28,718.0105,"{""XAU_USD"": ""2026-09-30T14:43:24.520200+00:00"", ""EUR_USD"": ""2026-09-30T16:00:31.651531+00:00"", ""GBP_USD"": ""2026-09-30T16:23:19.630448+00:00""}"
2026-09-30,28,718.0105,"{""XAU_USD"": ""2026-09-30T14:43:24.520200+00:00"", ""EUR_USD"": ""2026-09-30T16:00:31.651531+00:00"", ""GBP_USD"": ""2026-09-30T16:23:19.630448+00:00""}"
2026-10-01,1,691.6516,"{""XAU_USD"": ""2026-10-01T00:23:46.110758+00:00""}"
2026-10-01,1,691.6516,"{""XAU_USD"": ""2026-10-01T00:23:46.110758+00:00""}"
2026-10-01,1,691.6516,"{""XAU_USD"": ""2026-10-01T00:23:46.110758+00:00""}"
2026-10-01,2,691.6516,"{""XAU_USD"": ""2026-10-01T01:22:56.561277+00:00""}"
2026-10-01,3,691.6516,"{""XAU_USD"": ""2026-10-01T01:22:56.561277+00:00"", ""EUR_USD"": ""2026-10-01T01:38:22.993759+00:00""}"
2026-10-01,4,691.6516,"{""XAU_USD"": ""2026-10-01T01:22:56.561277+00:00"", ""EUR_USD"": ""2026-10-01T01:52:56.832628+00:00""}"
2026-10-01,6,691.6516,"{""XAU_USD"": ""2026-10-01T02:05:34.910644+00:00"", ""EUR_USD"": ""2026-10-01T02:05:35.187643+00:00""}"
2026-10-01,6,691.6516,"{""XAU_USD"": ""2026-10-01T02:05:34.910644+00:00"", ""EUR_USD"": ""2026-10-01T02:05:35.187643+00:00""}"
2026-10-01,6,691.6516,"{""XAU_USD"": ""2026-10-01T02:05:34.910644+00:00"", ""EUR_USD"": ""2026-10-01T02:05:35.187643+00:00""}"
2026-10-01,6,691.6516,"{""XAU_USD"": ""2026-10-01T02:05:34.910644+00:00"", ""EUR_USD"": ""2026-10-01T02:05:35.187643+00:00""}"
2026-10-01,6,691.6516,"{""XAU_USD"": ""2026-10-01T02:05:34.910644+00:00"", ""EUR_USD"": ""2026-10-01T02:05:35.187643+00:00""}"
2026-10-01,6,691.6516,"{""XAU_USD"": ""2026-10-01T02:05:34.910644+00:00"", ""EUR_USD"": ""2026-10-01T02:05:35.187643+00:00""}"
2026-10-01,6,691.6516,"{""XAU_USD"": ""2026-10-01T02:05:34.910644+00:00"", ""EUR_USD"": ""2026-10-01T02:05:35.187643+00:00""}"
2026-10-01,6,691.6516,"{""XAU_USD"": ""2026-10-01T02:05:34.910644+00:00"", ""EUR_USD"": ""2026-10-01T02:05:35.187643+00:00""}"
2026-10-01,6,691.6516,"{""XAU_USD"": ""2026-10-01T02:05:34.910644+00:00"", ""EUR_USD"": ""2026-10-01T02:05:35.187643+00:00""}"
2026-10-01,6,691.6516,"{""XAU_USD"": ""2026-10-01T02:05:34.910644+00:00"", ""EUR_USD"": ""2026-10-01T02:05:35.187643+00:00""}"
2026-10-01,6,691.6516,"{""XAU_USD"": ""2026-10-01T02:05:34.910644+00:00"", ""EUR_USD"": ""2026-10-01T02:05:35.187643+00:00""}"
2026-10-01,8,691.6516,"{""XAU_USD"": ""2026-10-01T05:11:46.335376+00:00"", ""EUR_USD"": ""2026-10-01T05:11:46.516858+00:00""}"
2026-10-01,8,691.6516,"{""XAU_USD"": ""2026-10-01T05:11:46.335376+00:00"", ""EUR_USD"": ""2026-10-01T05:11:46.516858+00:00""}"
2026-10-01,8,691.6516,"{""XAU_USD"": ""2026-10-01T05:11:46.335376+00:00"", ""EUR_USD"": ""2026-10-01T05:11:46.516858+00:00""}"
2026-10-01,8,691.6516,"{""XAU_USD"": ""2026-10-01T05:11:46.335376+00:00"", ""EUR_USD"": ""2026-10-01T05:11:46.516858+00:00""}"
2026-10-01,9,691.6516,"{""XAU_USD"": ""2026-10-01T05:11:46.335376+00:00"", ""EUR_USD"": ""2026-10-01T06:27:36.258226+00:00""}"
2026-10-01,10,691.6516,"{""XAU_USD"": ""2026-10-01T05:11:46.335376+00:00"", ""EUR_USD"": ""2026-10-01T06:50:52.762938+00:00""}"
2026-10-01,11,691.6516,"{""XAU_USD"": ""2026-10-01T05:11:46.335376+00:00"", ""EUR_USD"": ""2026-10-01T07:04:30.283811+00:00""}"
2026-10-01,11,691.6516,"{""XAU_USD"": ""2026-10-01T05:11:46.335376+00:00"", ""EUR_USD"": ""2026-10-01T07:04:30.283811+00:00""}"
2026-10-01,14,691.6516,"{""XAU_USD"": ""2026-10-01T07:43:47.637180+00:00"", ""EUR_USD"": ""2026-10-01T07:43:48.146454+00:00"", ""GBP_USD"": ""2026-10-01T07:43:48.311220+00:00""}"
2026-10-01,14,691.6516,"{""XAU_USD"": ""2026-10-01T07:43:47.637180+00:00"", ""EUR_USD"": ""2026-10-01T07:43:48.146454+00:00"", ""GBP_USD"": ""2026-10-01T07:43:48.311220+00:00""}"
2026-10-01,14,691.6516,"{""XAU_USD"": ""2026-10-01T07:43:47.637180+00:00"", ""EUR_USD"": ""2026-10-01T07:43:48.146454+00:00"", ""GBP_USD"": ""2026-10-01T07:43:48.311220+00:00""}"
2026-10-01,14,691.6516,"{""XAU_USD"": ""2026-10-01T07:43:47.637180+00:00"", ""EUR_USD"": ""2026-10-01T07:43:48.146454+00:00"", ""GBP_USD"": ""2026-10-01T07:43:48.311220+00:00""}"
2026-10-01,17,691.6516,"{""XAU_USD"": ""2026-10-01T08:54:45.784284+00:00"", ""EUR_USD"": ""2026-10-01T08:54:46.145803+00:00"", ""GBP_USD"": ""2026-10-01T08:54:47.104126+00:00""}"
2026-10-01,17,691.6516,"{""XAU_USD"": ""2026-10-01T08:54:45.784284+00:00"", ""EUR_USD"": ""2026-10-01T08:54:46.145803+00:00"", ""GBP_USD"": ""2026-10-01T08:54:47.104126+00:00""}"
2026-10-01,19,691.6516,"{""XAU_USD"": ""2026-10-01T09:30:43.781290+00:00"", ""EUR_USD"": ""2026-10-01T09:30:44.147500+00:00"", ""GBP_USD"": ""2026-10-01T08:54:47.104126+00:00""}"
2026-10-01,19,691.6516,"{""XAU_USD"": ""2026-10-01T09:30:43.781290+00:00"", ""EUR_USD"": ""2026-10-01T09:30:44.147500+00:00"", ""GBP_USD"": ""2026-10-01T08:54:47.104126+00:00""}"
2026-10-01,21,691.6516,"{""XAU_USD"": ""2026-10-01T10:02:37.467420+00:00"", ""EUR_USD"": ""2026-10-01T10:02:38.126294+00:00"", ""GBP_USD"": ""2026-10-01T08:54:47.104126+00:00""}"
2026-10-01,22,691.6516,"{""XAU_USD"": ""2026-10-01T10:23:45.870878+00:00"", ""EUR_USD"": ""2026-10-01T10:02:38.126294+00:00"", ""GBP_USD"": ""2026-10-01T08:54:47.104126+00:00""}"
2026-10-01,24,691.6516,"{""XAU_USD"": ""2026-10-01T10:40:32.462063+00:00"", ""EUR_USD"": ""2026-10-01T10:40:33.245894+00:00"", ""GBP_USD"": ""2026-10-01T08:54:47.104126+00:00""}"
2026-10-01,24,691.6516,"{""XAU_USD"": ""2026-10-01T10:40:32.462063+00:00"", ""EUR_USD"": ""2026-10-01T10:40:33.245894+00:00"", ""GBP_USD"": ""2026-10-01T08:54:47.104126+00:00""}"
2026-10-01,25,691.6516,"{""XAU_USD"": ""2026-10-01T10:40:32.462063+00:00"", ""EUR_USD"": ""2026-10-01T10:40:33.245894+00:00"", ""GBP_USD"": ""2026-10-01T11:12:24.019141+00:00""}"
2026-10-01,25,691.6516,"{""XAU_USD"": ""2026-10-01T10:40:32.462063+00:00"", ""EUR_USD"": ""2026-10-01T10:40:33.245894+00:00"", ""GBP_USD"": ""2026-10-01T11:12:24.019141+00:00""}"
2026-10-01,26,691.6516,"{""XAU_USD"": ""2026-10-01T11:48:53.653625+00:00"", ""EUR_USD"": ""2026-10-01T10:40:33.245894+00:00"", ""GBP_USD"": ""2026-10-01T11:12:24.019141+00:00""}"
2026-10-01,28,691.6516,"{""XAU_USD"": ""2026-10-01T11:48:53.653625+00:00"", ""EUR_USD"": ""2026-10-01T12:02:13.279051+00:00"", ""GBP_USD"": ""2026-10-01T12:02:13.503223+00:00""}"
2026-10-01,28,691.6516,"{""XAU_USD"": ""2026-10-01T11:48:53.653625+00:00"", ""EUR_USD"": ""2026-10-01T12:02:13.279051+00:00"", ""GBP_USD"": ""2026-10-01T12:02:13.503223+00:00""}"
2026-10-01,28,691.6516,"{""XAU_USD"": ""2026-10-01T11:48:53.653625+00:00"", ""EUR_USD"": ""2026-10-01T12:02:13.279051+00:00"", ""GBP_USD"": ""2026-10-01T12:02:13.503223+00:00""}"
2026-10-01,28,691.6516,"{""XAU_USD"": ""2026-10-01T11:48:53.653625+00:00"", ""EUR_USD"": ""2026-10-01T12:02:13.279051+00:00"", ""GBP_USD"": ""2026-10-01T12:02:13.503223+00:00""}"
2026-10-01,28,691.6516,"{""XAU_USD"": ""2026-10-01T11:48:53.653625+00:00"", ""EUR_USD"": ""2026-10-01T12:02:13.279051+00:00"", ""GBP_USD"": ""2026-10-01T12:02:13.503223+00:00""}"
2026-10-01,28,691.6516,"{""XAU_USD"": ""2026-10-01T11:48:53.653625+00:00"", ""EUR_USD"": ""2026-10-01T12:02:13.279051+00:00"", ""GBP_USD"": ""2026-10-01T12:02:13.503223+00:00""}"
2026-10-01,28,691.6516,"{""XAU_USD"": ""2026-10-01T11:48:53.653625+00:00"", ""EUR_USD"": ""2026-10-01T12:02:13.279051+00:00"", ""GBP_USD"": ""2026-10-01T12:02:13.503223+00:00""}"
2026-10-01,28,691.6516,"{""XAU_USD"": ""2026-10-01T11:48:53.653625+00:00"", ""EUR_USD"": ""2026-10-01T12:02:13.279051+00:00"", ""GBP_USD"": ""2026-10-01T12:02:13.503223+00:00""}"
2026-10-01,30,691.6516,"{""XAU_USD"": ""2026-10-01T14:44:39.255506+00:00"", ""EUR_USD"": ""2026-10-01T14:44:40.194953+00:00"", ""GBP_USD"": ""2026-10-01T12:02:13.503223+00:00""}"
2026-10-01,30,691.6516,"{""XAU_USD"": ""2026-10-01T14:44:39.255506+00:00"", ""EUR_USD"": ""2026-10-01T14:44:40.194953+00:00"", ""GBP_USD"": ""2026-10-01T12:02:13.503223+00:00""}"
2026-10-01,30,691.6516,"{""XAU_USD"": ""2026-10-01T14:44:39.255506+00:00"", ""EUR_USD"": ""2026-10-01T14:44:40.194953+00:00"", ""GBP_USD"": ""2026-10-01T12:02:13.503223+00:00""}"
2026-10-01,30,691.6516,"{""XAU_USD"": ""2026-10-01T14:44:39.255506+00:00"", ""EUR_USD"": ""2026-10-01T14:44:40.194953+00:00"", ""GBP_USD"": ""2026-10-01T12:02:13.503223+00:00""}"
2026-10-01,30,691.6516,"{""XAU_USD"": ""2026-10-01T14:44:39.255506+00:00"", ""EUR_USD"": ""2026-10-01T14:44:40.194953+00:00"", ""GBP_USD"": ""2026-10-01T12:02:13.503223+00:00""}"
2026-10-01,30,691.6516,"{""XAU_USD"": ""2026-10-01T14:44:39.255506+00:00"", ""EUR_USD"": ""2026-10-01T14:44:40.194953+00:00"", ""GBP_USD"": ""2026-10-01T12:02:13.503223+00:00""}"
2026-10-01,30,691.6516,"{""XAU_USD"": ""2026-10-01T14:44:39.255506+00:00"", ""EUR_USD"": ""2026-10-01T14:44:40.194953+00:00"", ""GBP_USD"": ""2026-10-01T12:02:13.503223+00:00""}"
2026-10-01,30,691.6516,"{""XAU_USD"": ""2026-10-01T14:44:39.255506+00:00"", ""EUR_USD"": ""2026-10-01T14:44:40.194953+00:00"", ""GBP_USD"": ""2026-10-01T12:02:13.503223+00:00""}"
2026-10-01,30,691.6516,"{""XAU_USD"": ""2026-10-01T14:44:39.255506+00:00"", ""EUR_USD"": ""2026-10-01T14:44:40.194953+00:00"", ""GBP_USD"": ""2026-10-01T12:02:13.503223+00:00""}"
2026-10-01,30,691.6516,"{""XAU_USD"": ""2026-10-01T14:44:39.255506+00:00"", ""EUR_USD"": ""2026-10-01T14:44:40.194953+00:00"", ""GBP_USD"": ""2026-10-01T12:02:13.503223+00:00""}"
2026-10-01,30,691.6516,"{""XAU_USD"": ""2026-10-01T14:44:39.255506+00:00"", ""EUR_USD"": ""2026-10-01T14:44:40.194953+00:00"", ""GBP_USD"": ""2026-10-01T12:02:13.503223+00:00""}"
2026-10-01,30,691.6516,"{""XAU_USD"": ""2026-10-01T14:44:39.255506+00:00"", ""EUR_USD"": ""2026-10-01T14:44:40.194953+00:00"", ""GBP_USD"": ""2026-10-01T12:02:13.503223+00:00""}"
2026-10-01,30,691.6516,"{""XAU_USD"": ""2026-10-01T14:44:39.255506+00:00"", ""EUR_USD"": ""2026-10-01T14:44:40.194953+00:00"", ""GBP_USD"": ""2026-10-01T12:02:13.503223+00:00""}"
2026-10-01,30,691.6516,"{""XAU_USD"": ""2026-10-01T14:44:39.255506+00:00"", ""EUR_USD"": ""2026-10-01T14:44:40.194953+00:00"", ""GBP_USD"": ""2026-10-01T12:02:13.503223+00:00""}"
2026-10-01,30,691.6516,"{""XAU_USD"": ""2026-10-01T14:44:39.255506+00:00"", ""EUR_USD"": ""2026-10-01T14:44:40.194953+00:00"", ""GBP_USD"": ""2026-10-01T12:02:13.503223+00:00""}"
2026-10-01,30,691.6516,"{""XAU_USD"": ""2026-10-01T14:44:39.255506+00:00"", ""EUR_USD"": ""2026-10-01T14:44:40.194953+00:00"", ""GBP_USD"": ""2026-10-01T12:02:13.503223+00:00""}"
2026-10-01,30,691.6516,"{""XAU_USD"": ""2026-10-01T14:44:39.255506+00:00"", ""EUR_USD"": ""2026-10-01T14:44:40.194953+00:00"", ""GBP_USD"": ""2026-10-01T12:02:13.503223+00:00""}"
2026-10-01,30,691.6516,"{""XAU_USD"": ""2026-10-01T14:44:39.255506+00:00"", ""EUR_USD"": ""2026-10-01T14:44:40.194953+00:00"", ""GBP_USD"": ""2026-10-01T12:02:13.503223+00:00""}"
2026-10-01,30,691.6516,"{""XAU_USD"": ""2026-10-01T14:44:39.255506+00:00"", ""EUR_USD"": ""2026-10-01T14:44:40.194953+00:00"", ""GBP_USD"": ""2026-10-01T12:02:13.503223+00:00""}"
2026-10-01,30,691.6516,"{""XAU_USD"": ""2026-10-01T14:44:39.255506+00:00"", ""EUR_USD"": ""2026-10-01T14:44:40.194953+00:00"", ""GBP_USD"": ""2026-10-01T12:02:13.503223+00:00""}"
2026-10-01,30,691.6516,"{""XAU_USD"": ""2026-10-01T14:44:39.255506+00:00"", ""EUR_USD"": ""2026-10-01T14:44:40.194953+00:00"", ""GBP_USD"": ""2026-10-01T12:02:13.503223+00:00""}"
2026-10-01,30,691.6516,"{""XAU_USD"": ""2026-10-01T14:44:39.255506+00:00"", ""EUR_USD"": ""2026-10-01T14:44:40.194953+00:00"", ""GBP_USD"": ""2026-10-01T12:02:13.503223+00:00""}"
2026-10-01,30,691.6516,"{""XAU_USD"": ""2026-10-01T14:44:39.255506+00:00"", ""EUR_USD"": ""2026-10-01T14:44:40.194953+00:00"", ""GBP_USD"": ""2026-10-01T12:02:13.503223+00:00""}"
2026-10-01,30,691.6516,"{""XAU_USD"": ""2026-10-01T14:44:39.255506+00:00"", ""EUR_USD"": ""2026-10-01T14:44:40.194953+00:00"", ""GBP_USD"": ""2026-10-01T12:02:13.503223+00:00""}"
2026-10-01,30,691.6516,"{""XAU_USD"": ""2026-10-01T14:44:39.255506+00:00"", ""EUR_USD"": ""2026-10-01T14:44:40.194953+00:00"", ""GBP_USD"": ""2026-10-01T12:02:13.503223+00:00""}"
2026-10-01,30,691.6516,"{""XAU_USD"": ""2026-10-01T14:44:39.255506+00:00"", ""EUR_USD"": ""2026-10-01T14:44:40.194953+00:00"", ""GBP_USD"": ""2026-10-01T12:02:13.503223+00:00""}"
2026-10-01,30,691.6516,"{""XAU_USD"": ""2026-10-01T14:44:39.255506+00:00"", ""EUR_USD"": ""2026-10-01T14:44:40.194953+00:00"", ""GBP_USD"": ""2026-10-01T12:02:13.503223+00:00""}"
2026-10-01,30,691.6516,"{""XAU_USD"": ""2026-10-01T14:44:39.255506+00:00"", ""EUR_USD"": ""2026-10-01T14:44:40.194953+00:00"", ""GBP_USD"": ""2026-10-01T12:02:13.503223+00:00""}"
2026-10-01,30,691.6516,"{""XAU_USD"": ""2026-10-01T14:44:39.255506+00:00"", ""EUR_USD"": ""2026-10-01T14:44:40.194953+00:00"", ""GBP_USD"": ""2026-10-01T12:02:13.503223+00:00""}"
2026-10-01,30,691.6516,"{""XAU_USD"": ""2026-10-01T14:44:39.255506+00:00"", ""EUR_USD"": ""2026-10-01T14:44:40.194953+00:00"", ""GBP_USD"": ""2026-10-01T12:02:13.503223+00:00""}"
2026-10-01,30,691.6516,"{""XAU_USD"": ""2026-10-01T14:44:39.255506+00:00"", ""EUR_USD"": ""2026-10-01T14:44:40.194953+00:00"", ""GBP_USD"": ""2026-10-01T12:02:13.503223+00:00""}"
2026-10-01,30,691.6516,"{""XAU_USD"": ""2026-10-01T14:44:39.255506+00:00"", ""EUR_USD"": ""2026-10-01T14:44:40.194953+00:00"", ""GBP_USD"": ""2026-10-01T12:02:13.503223+00:00""}"
2026-10-01,30,691.6516,"{""XAU_USD"": ""2026-10-01T14:44:39.255506+00:00"", ""EUR_USD"": ""2026-10-01T14:44:40.194953+00:00"", ""GBP_USD"": ""2026-10-01T12:02:13.503223+00:00""}"
2026-10-01,30,691.6516,"{""XAU_USD"": ""2026-10-01T14:44:39.255506+00:00"", ""EUR_USD"": ""2026-10-01T14:44:40.194953+00:00"", ""GBP_USD"": ""2026-10-01T12:02:13.503223+00:00""}"
2026-10-02,1,645.2186,"{""EUR_USD"": ""2026-10-02T00:24:19.494736+00:00""}"
2026-10-02,2,645.2186,"{""EUR_USD"": ""2026-10-02T00:45:53.961179+00:00""}"
2026-10-02,4,645.2186,"{""EUR_USD"": ""2026-10-02T01:01:41.594992+00:00"", ""XAU_USD"": ""2026-10-02T01:01:41.047054+00:00""}"
2026-10-02,4,645.2186,"{""EUR_USD"": ""2026-10-02T01:01:41.594992+00:00"", ""XAU_USD"": ""2026-10-02T01:01:41.047054+00:00""}"
2026-10-02,5,645.2186,"{""EUR_USD"": ""2026-10-02T01:01:41.594992+00:00"", ""XAU_USD"": ""2026-10-02T01:01:41.047054+00:00"", ""GBP_USD"": ""2026-10-02T01:36:05.600568+00:00""}"
2026-10-02,5,645.2186,"{""EUR_USD"": ""2026-10-02T01:01:41.594992+00:00"", ""XAU_USD"": ""2026-10-02T01:01:41.047054+00:00"", ""GBP_USD"": ""2026-10-02T01:36:05.600568+00:00""}"
2026-10-02,6,645.2186,"{""EUR_USD"": ""2026-10-02T01:01:41.594992+00:00"", ""XAU_USD"": ""2026-10-02T01:01:41.047054+00:00"", ""GBP_USD"": ""2026-10-02T02:02:22.332937+00:00""}"
2026-10-02,8,645.2186,"{""EUR_USD"": ""2026-10-02T02:20:33.621817+00:00"", ""XAU_USD"": ""2026-10-02T01:01:41.047054+00:00"", ""GBP_USD"": ""2026-10-02T02:20:34.061421+00:00""}"
2026-10-02,8,645.2186,"{""EUR_USD"": ""2026-10-02T02:20:33.621817+00:00"", ""XAU_USD"": ""2026-10-02T01:01:41.047054+00:00"", ""GBP_USD"": ""2026-10-02T02:20:34.061421+00:00""}"
2026-10-02,8,645.2186,"{""EUR_USD"": ""2026-10-02T02:20:33.621817+00:00"", ""XAU_USD"": ""2026-10-02T01:01:41.047054+00:00"", ""GBP_USD"": ""2026-10-02T02:20:34.061421+00:00""}"
2026-10-02,11,645.2186,"{""EUR_USD"": ""2026-10-02T03:01:44.843341+00:00"", ""XAU_USD"": ""2026-10-02T03:01:44.608893+00:00"", ""GBP_USD"": ""2026-10-02T03:01:45.096366+00:00""}"
2026-10-02,13,645.2186,"{""EUR_USD"": ""2026-10-02T03:21:24.504369+00:00"", ""XAU_USD"": ""2026-10-02T03:01:44.608893+00:00"", ""GBP_USD"": ""2026-10-02T03:21:24.978859+00:00""}"
2026-10-02,14,645.2186,"{""EUR_USD"": ""2026-10-02T03:38:09.864322+00:00"", ""XAU_USD"": ""2026-10-02T03:01:44.608893+00:00"", ""GBP_USD"": ""2026-10-02T03:21:24.978859+00:00""}"
2026-10-02,14,645.2186,"{""EUR_USD"": ""2026-10-02T03:38:09.864322+00:00"", ""XAU_USD"": ""2026-10-02T03:01:44.608893+00:00"", ""GBP_USD"": ""2026-10-02T03:21:24.978859+00:00""}"
2026-10-02,15,645.2186,"{""EUR_USD"": ""2026-10-02T03:38:09.864322+00:00"", ""XAU_USD"": ""2026-10-02T04:07:04.799152+00:00"", ""GBP_USD"": ""2026-10-02T03:21:24.978859+00:00""}"
2026-10-02,15,645.2186,"{""EUR_USD"": ""2026-10-02T03:38:09.864322+00:00"", ""XAU_USD"": ""2026-10-02T04:07:04.799152+00:00"", ""GBP_USD"": ""2026-10-02T03:21:24.978859+00:00""}"
2026-10-02,15,645.2186,"{""EUR_USD"": ""2026-10-02T03:38:09.864322+00:00"", ""XAU_USD"": ""2026-10-02T04:07:04.799152+00:00"", ""GBP_USD"": ""2026-10-02T03:21:24.978859+00:00""}"
2026-10-02,15,645.2186,"{""EUR_USD"": ""2026-10-02T03:38:09.864322+00:00"", ""XAU_USD"": ""2026-10-02T04:07:04.799152+00:00"", ""GBP_USD"": ""2026-10-02T03:21:24.978859+00:00""}"
2026-10-02,15,645.2186,"{""EUR_USD"": ""2026-10-02T03:38:09.864322+00:00"", ""XAU_USD"": ""2026-10-02T04:07:04.799152+00:00"", ""GBP_USD"": ""2026-10-02T03:21:24.978859+00:00""}"
2026-10-02,15,645.2186,"{""EUR_USD"": ""2026-10-02T03:38:09.864322+00:00"", ""XAU_USD"": ""2026-10-02T04:07:04.799152+00:00"", ""GBP_USD"": ""2026-10-02T03:21:24.978859+00:00""}"
2026-10-02,15,645.2186,"{""EUR_USD"": ""2026-10-02T03:38:09.864322+00:00"", ""XAU_USD"": ""2026-10-02T04:07:04.799152+00:00"", ""GBP_USD"": ""2026-10-02T03:21:24.978859+00:00""}"
2026-10-02,15,645.2186,"{""EUR_USD"": ""2026-10-02T03:38:09.864322+00:00"", ""XAU_USD"": ""2026-10-02T04:07:04.799152+00:00"", ""GBP_USD"": ""2026-10-02T03:21:24.978859+00:00""}"
2026-10-02,15,645.2186,"{""EUR_USD"": ""2026-10-02T03:38:09.864322+00:00"", ""XAU_USD"": ""2026-10-02T04:07:04.799152+00:00"", ""GBP_USD"": ""2026-10-02T03:21:24.978859+00:00""}"
2026-10-02,15,645.2186,"{""EUR_USD"": ""2026-10-02T03:38:09.864322+00:00"", ""XAU_USD"": ""2026-10-02T04:07:04.799152+00:00"", ""GBP_USD"": ""2026-10-02T03:21:24.978859+00:00""}"
2026-10-02,15,645.2186,"{""EUR_USD"": ""2026-10-02T03:38:09.864322+00:00"", ""XAU_USD"": ""2026-10-02T04:07:04.799152+00:00"", ""GBP_USD"": ""2026-10-02T03:21:24.978859+00:00""}"
2026-10-02,16,645.2186,"{""EUR_USD"": ""2026-10-02T07:23:25.941465+00:00"", ""XAU_USD"": ""2026-10-02T04:07:04.799152+00:00"", ""GBP_USD"": ""2026-10-02T03:21:24.978859+00:00""}"
2026-10-02,16,645.2186,"{""EUR_USD"": ""2026-10-02T07:23:25.941465+00:00"", ""XAU_USD"": ""2026-10-02T04:07:04.799152+00:00"", ""GBP_USD"": ""2026-10-02T03:21:24.978859+00:00""}"
2026-10-02,17,645.2186,"{""EUR_USD"": ""2026-10-02T07:55:27.815856+00:00"", ""XAU_USD"": ""2026-10-02T04:07:04.799152+00:00"", ""GBP_USD"": ""2026-10-02T03:21:24.978859+00:00""}"
2026-10-02,18,645.2186,"{""EUR_USD"": ""2026-10-02T07:55:27.815856+00:00"", ""XAU_USD"": ""2026-10-02T04:07:04.799152+00:00"", ""GBP_USD"": ""2026-10-02T08:11:32.304787+00:00""}"
2026-10-02,18,645.2186,"{""EUR_USD"": ""2026-10-02T07:55:27.815856+00:00"", ""XAU_USD"": ""2026-10-02T04:07:04.799152+00:00"", ""GBP_USD"": ""2026-10-02T08:11:32.304787+00:00""}"
2026-10-02,20,645.2186,"{""EUR_USD"": ""2026-10-02T08:48:25.439400+00:00"", ""XAU_USD"": ""2026-10-02T04:07:04.799152+00:00"", ""GBP_USD"": ""2026-10-02T08:48:25.702774+00:00""}"
2026-10-02,20,645.2186,"{""EUR_USD"": ""2026-10-02T08:48:25.439400+00:00"", ""XAU_USD"": ""2026-10-02T04:07:04.799152+00:00"", ""GBP_USD"": ""2026-10-02T08:48:25.702774+00:00""}"
2026-10-02,20,645.2186,"{""EUR_USD"": ""2026-10-02T08:48:25.439400+00:00"", ""XAU_USD"": ""2026-10-02T04:07:04.799152+00:00"", ""GBP_USD"": ""2026-10-02T08:48:25.702774+00:00""}"
2026-10-02,20,645.2186,"{""EUR_USD"": ""2026-10-02T08:48:25.439400+00:00"", ""XAU_USD"": ""2026-10-02T04:07:04.799152+00:00"", ""GBP_USD"": ""2026-10-02T08:48:25.702774+00:00""}"
2026-10-02,21,645.2186,"{""EUR_USD"": ""2026-10-02T09:54:42.958397+00:00"", ""XAU_USD"": ""2026-10-02T04:07:04.799152+00:00"", ""GBP_USD"": ""2026-10-02T08:48:25.702774+00:00""}"
2026-10-02,22,645.2186,"{""EUR_USD"": ""2026-10-02T10:08:01.751901+00:00"", ""XAU_USD"": ""2026-10-02T04:07:04.799152+00:00"", ""GBP_USD"": ""2026-10-02T08:48:25.702774+00:00""}"
2026-10-02,22,645.2186,"{""EUR_USD"": ""2026-10-02T10:08:01.751901+00:00"", ""XAU_USD"": ""2026-10-02T04:07:04.799152+00:00"", ""GBP_USD"": ""2026-10-02T08:48:25.702774+00:00""}"
2026-10-02,22,645.2186,"{""EUR_USD"": ""2026-10-02T10:08:01.751901+00:00"", ""XAU_USD"": ""2026-10-02T04:07:04.799152+00:00"", ""GBP_USD"": ""2026-10-02T08:48:25.702774+00:00""}"
2026-10-02,22,645.2186,"{""EUR_USD"": ""2026-10-02T10:08:01.751901+00:00"", ""XAU_USD"": ""2026-10-02T04:07:04.799152+00:00"", ""GBP_USD"": ""2026-10-02T08:48:25.702774+00:00""}"
2026-10-02,22,645.2186,"{""EUR_USD"": ""2026-10-02T10:08:01.751901+00:00"", ""XAU_USD"": ""2026-10-02T04:07:04.799152+00:00"", ""GBP_USD"": ""2026-10-02T08:48:25.702774+00:00""}"
2026-10-02,22,645.2186,"{""EUR_USD"": ""2026-10-02T10:08:01.751901+00:00"", ""XAU_USD"": ""2026-10-02T04:07:04.799152+00:00"", ""GBP_USD"": ""2026-10-02T08:48:25.702774+00:00""}"
2026-10-02,22,645.2186,"{""EUR_USD"": ""2026-10-02T10:08:01.751901+00:00"", ""XAU_USD"": ""2026-10-02T04:07:04.799152+00:00"", ""GBP_USD"": ""2026-10-02T08:48:25.702774+00:00""}"
2026-10-02,22,645.2186,"{""EUR_USD"": ""2026-10-02T10:08:01.751901+00:00"", ""XAU_USD"": ""2026-10-02T04:07:04.799152+00:00"", ""GBP_USD"": ""2026-10-02T08:48:25.702774+00:00""}"
2026-10-02,22,645.2186,"{""EUR_USD"": ""2026-10-02T10:08:01.751901+00:00"", ""XAU_USD"": ""2026-10-02T04:07:04.799152+00:00"", ""GBP_USD"": ""2026-10-02T08:48:25.702774+00:00""}"
2026-10-02,22,645.2186,"{""EUR_USD"": ""2026-10-02T10:08:01.751901+00:00"", ""XAU_USD"": ""2026-10-02T04:07:04.799152+00:00"", ""GBP_USD"": ""2026-10-02T08:48:25.702774+00:00""}"
2026-10-02,22,645.2186,"{""EUR_USD"": ""2026-10-02T10:08:01.751901+00:00"", ""XAU_USD"": ""2026-10-02T04:07:04.799152+00:00"", ""GBP_USD"": ""2026-10-02T08:48:25.702774+00:00""}"
2026-10-02,22,645.2186,"{""EUR_USD"": ""2026-10-02T10:08:01.751901+00:00"", ""XAU_USD"": ""2026-10-02T04:07:04.799152+00:00"", ""GBP_USD"": ""2026-10-02T08:48:25.702774+00:00""}"
2026-10-02,22,645.2186,"{""EUR_USD"": ""2026-10-02T10:08:01.751901+00:00"", ""XAU_USD"": ""2026-10-02T04:07:04.799152+00:00"", ""GBP_USD"": ""2026-10-02T08:48:25.702774+00:00""}"
2026-10-02,22,645.2186,"{""EUR_USD"": ""2026-10-02T10:08:01.751901+00:00"", ""XAU_USD"": ""2026-10-02T04:07:04.799152+00:00"", ""GBP_USD"": ""2026-10-02T08:48:25.702774+00:00""}"
2026-10-02,22,645.2186,"{""EUR_USD"": ""2026-10-02T10:08:01.751901+00:00"", ""XAU_USD"": ""2026-10-02T04:07:04.799152+00:00"", ""GBP_USD"": ""2026-10-02T08:48:25.702774+00:00""}"
2026-10-02,22,645.2186,"{""EUR_USD"": ""2026-10-02T10:08:01.751901+00:00"", ""XAU_USD"": ""2026-10-02T04:07:04.799152+00:00"", ""GBP_USD"": ""2026-10-02T08:48:25.702774+00:00""}"
2026-10-02,22,645.2186,"{""EUR_USD"": ""2026-10-02T10:08:01.751901+00:00"", ""XAU_USD"": ""2026-10-02T04:07:04.799152+00:00"", ""GBP_USD"": ""2026-10-02T08:48:25.702774+00:00""}"
2026-10-02,22,645.2186,"{""EUR_USD"": ""2026-10-02T10:08:01.751901+00:00"", ""XAU_USD"": ""2026-10-02T04:07:04.799152+00:00"", ""GBP_USD"": ""2026-10-02T08:48:25.702774+00:00""}"
2026-10-02,22,645.2186,"{""EUR_USD"": ""2026-10-02T10:08:01.751901+00:00"", ""XAU_USD"": ""2026-10-02T04:07:04.799152+00:00"", ""GBP_USD"": ""2026-10-02T08:48:25.702774+00:00""}"
2026-10-02,22,645.2186,"{""EUR_USD"": ""2026-10-02T10:08:01.751901+00:00"", ""XAU_USD"": ""2026-10-02T04:07:04.799152+00:00"", ""GBP_USD"": ""2026-10-02T08:48:25.702774+00:00""}"
2026-10-02,22,645.2186,"{""EUR_USD"": ""2026-10-02T10:08:01.751901+00:00"", ""XAU_USD"": ""2026-10-02T04:07:04.799152+00:00"", ""GBP_USD"": ""2026-10-02T08:48:25.702774+00:00""}"
2026-10-02,22,645.2186,"{""EUR_USD"": ""2026-10-02T10:08:01.751901+00:00"", ""XAU_USD"": ""2026-10-02T04:07:04.799152+00:00"", ""GBP_USD"": ""2026-10-02T08:48:25.702774+00:00""}"
2026-10-02,22,645.2186,"{""EUR_USD"": ""2026-10-02T10:08:01.751901+00:00"", ""XAU_USD"": ""2026-10-02T04:07:04.799152+00:00"", ""GBP_USD"": ""2026-10-02T08:48:25.702774+00:00""}"
2026-10-02,22,645.2186,"{""EUR_USD"": ""2026-10-02T10:08:01.751901+00:00"", ""XAU_USD"": ""2026-10-02T04:07:04.799152+00:00"", ""GBP_USD"": ""2026-10-02T08:48:25.702774+00:00""}"
2026-10-02,22,645.2186,"{""EUR_USD"": ""2026-10-02T10:08:01.751901+00:00"", ""XAU_USD"": ""2026-10-02T04:07:04.799152+00:00"", ""GBP_USD"": ""2026-10-02T08:48:25.702774+00:00""}"
2026-10-02,22,645.2186,"{""EUR_USD"": ""2026-10-02T10:08:01.751901+00:00"", ""XAU_USD"": ""2026-10-02T04:07:04.799152+00:00"", ""GBP_USD"": ""2026-10-02T08:48:25.702774+00:00""}"
2026-10-02,22,645.2186,"{""EUR_USD"": ""2026-10-02T10:08:01.751901+00:00"", ""XAU_USD"": ""2026-10-02T04:07:04.799152+00:00"", ""GBP_USD"": ""2026-10-02T08:48:25.702774+00:00""}"
2026-10-02,22,645.2186,"{""EUR_USD"": ""2026-10-02T10:08:01.751901+00:00"", ""XAU_USD"": ""2026-10-02T04:07:04.799152+00:00"", ""GBP_USD"": ""2026-10-02T08:48:25.702774+00:00""}"
2026-10-02,22,645.2186,"{""EUR_USD"": ""2026-10-02T10:08:01.751901+00:00"", ""XAU_USD"": ""2026-10-02T04:07:04.799152+00:00"", ""GBP_USD"": ""2026-10-02T08:48:25.702774+00:00""}"
2026-10-02,22,645.2186,"{""EUR_USD"": ""2026-10-02T10:08:01.751901+00:00"", ""XAU_USD"": ""2026-10-02T04:07:04.799152+00:00"", ""GBP_USD"": ""2026-10-02T08:48:25.702774+00:00""}"
2026-10-02,22,645.2186,"{""EUR_USD"": ""2026-10-02T10:08:01.751901+00:00"", ""XAU_USD"": ""2026-10-02T04:07:04.799152+00:00"", ""GBP_USD"": ""2026-10-02T08:48:25.702774+00:00""}"
2026-10-02,22,645.2186,"{""EUR_USD"": ""2026-10-02T10:08:01.751901+00:00"", ""XAU_USD"": ""2026-10-02T04:07:04.799152+00:00"", ""GBP_USD"": ""2026-10-02T08:48:25.702774+00:00""}"
2026-10-02,22,645.2186,"{""EUR_USD"": ""2026-10-02T10:08:01.751901+00:00"", ""XAU_USD"": ""2026-10-02T04:07:04.799152+00:00"", ""GBP_USD"": ""2026-10-02T08:48:25.702774+00:00""}"
2026-10-02,22,645.2186,"{""EUR_USD"": ""2026-10-02T10:08:01.751901+00:00"", ""XAU_USD"": ""2026-10-02T04:07:04.799152+00:00"", ""GBP_USD"": ""2026-10-02T08:48:25.702774+00:00""}"
2026-10-02,22,645.2186,"{""EUR_USD"": ""2026-10-02T10:08:01.751901+00:00"", ""XAU_USD"": ""2026-10-02T04:07:04.799152+00:00"", ""GBP_USD"": ""2026-10-02T08:48:25.702774+00:00""}"
2026-10-02,22,645.2186,"{""EUR_USD"": ""2026-10-02T10:08:01.751901+00:00"", ""XAU_USD"": ""2026-10-02T04:07:04.799152+00:00"", ""GBP_USD"": ""2026-10-02T08:48:25.702774+00:00""}"
2026-10-02,22,645.2186,"{""EUR_USD"": ""2026-10-02T10:08:01.751901+00:00"", ""XAU_USD"": ""2026-10-02T04:07:04.799152+00:00"", ""GBP_USD"": ""2026-10-02T08:48:25.702774+00:00""}"
2026-10-02,22,645.2186,"{""EUR_USD"": ""2026-10-02T10:08:01.751901+00:00"", ""XAU_USD"": ""2026-10-02T04:07:04.799152+00:00"", ""GBP_USD"": ""2026-10-02T08:48:25.702774+00:00""}"
2026-10-02,22,645.2186,"{""EUR_USD"": ""2026-10-02T10:08:01.751901+00:00"", ""XAU_USD"": ""2026-10-02T04:07:04.799152+00:00"", ""GBP_USD"": ""2026-10-02T08:48:25.702774+00:00""}"
2026-10-02,22,645.2186,"{""EUR_USD"": ""2026-10-02T10:08:01.751901+00:00"", ""XAU_USD"": ""2026-10-02T04:07:04.799152+00:00"", ""GBP_USD"": ""2026-10-02T08:48:25.702774+00:00""}"
2026-10-02,22,645.2186,"{""EUR_USD"": ""2026-10-02T10:08:01.751901+00:00"", ""XAU_USD"": ""2026-10-02T04:07:04.799152+00:00"", ""GBP_USD"": ""2026-10-02T08:48:25.702774+00:00""}"
2026-10-02,22,645.2186,"{""EUR_USD"": ""2026-10-02T10:08:01.751901+00:00"", ""XAU_USD"": ""2026-10-02T04:07:04.799152+00:00"", ""GBP_USD"": ""2026-10-02T08:48:25.702774+00:00""}"
2026-10-02,22,645.2186,"{""EUR_USD"": ""2026-10-02T10:08:01.751901+00:00"", ""XAU_USD"": ""2026-10-02T04:07:04.799152+00:00"", ""GBP_USD"": ""2026-10-02T08:48:25.702774+00:00""}"
2026-10-02,22,645.2186,"{""EUR_USD"": ""2026-10-02T10:08:01.751901+00:00"", ""XAU_USD"": ""2026-10-02T04:07:04.799152+00:00"", ""GBP_USD"": ""2026-10-02T08:48:25.702774+00:00""}"
2026-10-03,0,567.2463,{}
2026-10-03,0,567.2463,{}
2026-10-03,0,567.2463,{}
2026-10-03,0,567.2463,{}
2026-10-03,0,567.2463,{}
2026-10-03,0,567.2463,{}
2026-10-03,0,567.2463,{}
2026-10-03,0,567.2463,{}
2026-10-03,0,567.2463,{}
2026-10-03,0,567.2463,{}
2026-10-03,0,567.2463,{}
2026-10-03,0,567.2463,{}
2026-10-03,0,567.2463,{}
2026-10-03,0,567.2463,{}
2026-10-03,0,567.2463,{}
2026-10-03,0,567.2463,{}
2026-10-03,0,567.2463,{}
2026-10-03,0,567.2463,{}
2026-10-03,0,567.2463,{}
2026-10-03,0,567.2463,{}
2026-10-03,0,567.2463,{}
2026-10-03,0,567.2463,{}
2026-10-03,0,567.2463,{}
2026-10-03,0,567.2463,{}
2026-10-03,0,567.2463,{}
2026-10-03,0,567.2463,{}
2026-10-03,0,567.2463,{}
2026-10-03,0,567.2463,{}
2026-10-03,0,567.2463,{}
2026-10-03,0,567.2463,{}
2026-10-03,0,567.2463,{}
2026-10-03,0,567.2463,{}
2026-10-03,0,567.2463,{}
2026-10-03,0,567.2463,{}
2026-10-03,0,567.2463,{}
2026-10-03,0,567.2463,{}
2026-10-03,0,567.2463,{}
2026-10-03,0,567.2463,{}
2026-10-04,0,567.2463,{}
2026-10-04,0,567.2463,{}
2026-10-04,0,567.2463,{}
2026-10-04,0,567.2463,{}
2026-10-04,0,567.2463,{}
2026-10-04,1,567.2463,"{""GBP_USD"": ""2026-10-04T21:16:49.603407+00:00""}"
2026-10-04,1,567.2463,"{""GBP_USD"": ""2026-10-04T21:16:49.603407+00:00""}"
2026-10-04,1,567.2463,"{""GBP_USD"": ""2026-10-04T21:16:49.603407+00:00""}"
2026-10-04,1,567.2463,"{""GBP_USD"": ""2026-10-04T21:16:49.603407+00:00""}"
2026-10-04,1,567.2463,"{""GBP_USD"": ""2026-10-04T21:16:49.603407+00:00""}"
2026-10-04,1,567.2463,"{""GBP_USD"": ""2026-10-04T21:16:49.603407+00:00""}"
2026-10-04,1,567.2463,"{""GBP_USD"": ""2026-10-04T21:16:49.603407+00:00""}"
2026-10-04,1,567.2463,"{""GBP_USD"": ""2026-10-04T21:16:49.603407+00:00""}"
2026-10-04,1,567.2463,"{""GBP_USD"": ""2026-10-04T21:16:49.603407+00:00""}"
2026-10-04,1,567.2463,"{""GBP_USD"": ""2026-10-04T21:16:49.603407+00:00""}"
2026-10-04,1,567.2463,"{""GBP_USD"": ""2026-10-04T21:16:49.603407+00:00""}"
2026-10-05,0,562.8346,{}
2026-10-05,1,562.8346,"{""EUR_USD"": ""2026-10-05T00:44:43.216956+00:00""}"
2026-10-05,2,562.8346,"{""EUR_USD"": ""2026-10-05T00:44:43.216956+00:00"", ""GBP_USD"": ""2026-10-05T01:03:54.765568+00:00""}"
2026-10-05,3,562.8346,"{""EUR_USD"": ""2026-10-05T00:44:43.216956+00:00"", ""GBP_USD"": ""2026-10-05T01:22:44.571820+00:00""}"
2026-10-05,4,562.8346,"{""EUR_USD"": ""2026-10-05T00:44:43.216956+00:00"", ""GBP_USD"": ""2026-10-05T01:39:23.296626+00:00""}"
2026-10-05,7,562.8346,"{""EUR_USD"": ""2026-10-05T01:54:17.500020+00:00"", ""GBP_USD"": ""2026-10-05T01:54:17.804256+00:00"", ""XAU_USD"": ""2026-10-05T01:54:17.244646+00:00""}"
2026-10-05,8,562.8346,"{""EUR_USD"": ""2026-10-05T01:54:17.500020+00:00"", ""GBP_USD"": ""2026-10-05T02:25:47.879163+00:00"", ""XAU_USD"": ""2026-10-05T01:54:17.244646+00:00""}"
2026-10-05,8,562.8346,"{""EUR_USD"": ""2026-10-05T01:54:17.500020+00:00"", ""GBP_USD"": ""2026-10-05T02:25:47.879163+00:00"", ""XAU_USD"": ""2026-10-05T01:54:17.244646+00:00""}"
2026-10-05,8,562.8346,"{""EUR_USD"": ""2026-10-05T01:54:17.500020+00:00"", ""GBP_USD"": ""2026-10-05T02:25:47.879163+00:00"", ""XAU_USD"": ""2026-10-05T01:54:17.244646+00:00""}"
2026-10-05,9,562.8346,"{""EUR_USD"": ""2026-10-05T01:54:17.500020+00:00"", ""GBP_USD"": ""2026-10-05T02:25:47.879163+00:00"", ""XAU_USD"": ""2026-10-05T03:20:59.447857+00:00""}"
2026-10-05,11,562.8346,"{""EUR_USD"": ""2026-10-05T03:40:18.950257+00:00"", ""GBP_USD"": ""2026-10-05T03:40:19.596032+00:00"", ""XAU_USD"": ""2026-10-05T03:20:59.447857+00:00""}"
2026-10-05,11,562.8346,"{""EUR_USD"": ""2026-10-05T03:40:18.950257+00:00"", ""GBP_USD"": ""2026-10-05T03:40:19.596032+00:00"", ""XAU_USD"": ""2026-10-05T03:20:59.447857+00:00""}"
2026-10-05,11,562.8346,"{""EUR_USD"": ""2026-10-05T03:40:18.950257+00:00"", ""GBP_USD"": ""2026-10-05T03:40:19.596032+00:00"", ""XAU_USD"": ""2026-10-05T03:20:59.447857+00:00""}"
2026-10-05,11,562.8346,"{""EUR_USD"": ""2026-10-05T03:40:18.950257+00:00"", ""GBP_USD"": ""2026-10-05T03:40:19.596032+00:00"", ""XAU_USD"": ""2026-10-05T03:20:59.447857+00:00""}"
2026-10-05,11,562.8346,"{""EUR_USD"": ""2026-10-05T03:40:18.950257+00:00"", ""GBP_USD"": ""2026-10-05T03:40:19.596032+00:00"", ""XAU_USD"": ""2026-10-05T03:20:59.447857+00:00""}"
2026-10-05,11,562.8346,"{""EUR_USD"": ""2026-10-05T03:40:18.950257+00:00"", ""GBP_USD"": ""2026-10-05T03:40:19.596032+00:00"", ""XAU_USD"": ""2026-10-05T03:20:59.447857+00:00""}"
2026-10-05,13,562.8346,"{""EUR_USD"": ""2026-10-05T03:40:18.950257+00:00"", ""GBP_USD"": ""2026-10-05T06:25:35.654255+00:00"", ""XAU_USD"": ""2026-10-05T06:25:33.598757+00:00""}"
2026-10-05,13,562.8346,"{""EUR_USD"": ""2026-10-05T03:40:18.950257+00:00"", ""GBP_USD"": ""2026-10-05T06:25:35.654255+00:00"", ""XAU_USD"": ""2026-10-05T06:25:33.598757+00:00""}"
2026-10-05,13,562.8346,"{""EUR_USD"": ""2026-10-05T03:40:18.950257+00:00"", ""GBP_USD"": ""2026-10-05T06:25:35.654255+00:00"", ""XAU_USD"": ""2026-10-05T06:25:33.598757+00:00""}"
2026-10-05,13,562.8346,"{""EUR_USD"": ""2026-10-05T03:40:18.950257+00:00"", ""GBP_USD"": ""2026-10-05T06:25:35.654255+00:00"", ""XAU_USD"": ""2026-10-05T06:25:33.598757+00:00""}"
2026-10-05,16,562.8346,"{""EUR_USD"": ""2026-10-05T07:53:09.460959+00:00"", ""GBP_USD"": ""2026-10-05T07:53:09.876869+00:00"", ""XAU_USD"": ""2026-10-05T07:53:08.430530+00:00""}"
2026-10-05,16,562.8346,"{""EUR_USD"": ""2026-10-05T07:53:09.460959+00:00"", ""GBP_USD"": ""2026-10-05T07:53:09.876869+00:00"", ""XAU_USD"": ""2026-10-05T07:53:08.430530+00:00""}"
2026-10-05,17,562.8346,"{""EUR_USD"": ""2026-10-05T08:30:36.904152+00:00"", ""GBP_USD"": ""2026-10-05T07:53:09.876869+00:00"", ""XAU_USD"": ""2026-10-05T07:53:08.430530+00:00""}"
2026-10-05,18,562.8346,"{""EUR_USD"": ""2026-10-05T08:51:28.829876+00:00"", ""GBP_USD"": ""2026-10-05T07:53:09.876869+00:00"", ""XAU_USD"": ""2026-10-05T07:53:08.430530+00:00""}"
2026-10-05,19,562.8346,"{""EUR_USD"": ""2026-10-05T09:03:55.120584+00:00"", ""GBP_USD"": ""2026-10-05T07:53:09.876869+00:00"", ""XAU_USD"": ""2026-10-05T07:53:08.430530+00:00""}"
2026-10-05,20,562.8346,"{""EUR_USD"": ""2026-10-05T09:27:27.104960+00:00"", ""GBP_USD"": ""2026-10-05T07:53:09.876869+00:00"", ""XAU_USD"": ""2026-10-05T07:53:08.430530+00:00""}"
2026-10-05,20,562.8346,"{""EUR_USD"": ""2026-10-05T09:27:27.104960+00:00"", ""GBP_USD"": ""2026-10-05T07:53:09.876869+00:00"", ""XAU_USD"": ""2026-10-05T07:53:08.430530+00:00""}"
2026-10-05,21,562.8346,"{""EUR_USD"": ""2026-10-05T10:24:41.918224+00:00"", ""GBP_USD"": ""2026-10-05T07:53:09.876869+00:00"", ""XAU_USD"": ""2026-10-05T07:53:08.430530+00:00""}"
2026-10-05,21,562.8346,"{""EUR_USD"": ""2026-10-05T10:24:41.918224+00:00"", ""GBP_USD"": ""2026-10-05T07:53:09.876869+00:00"", ""XAU_USD"": ""2026-10-05T07:53:08.430530+00:00""}"
2026-10-05,21,562.8346,"{""EUR_USD"": ""2026-10-05T10:24:41.918224+00:00"", ""GBP_USD"": ""2026-10-05T07:53:09.876869+00:00"", ""XAU_USD"": ""2026-10-05T07:53:08.430530+00:00""}"
2026-10-05,21,562.8346,"{""EUR_USD"": ""2026-10-05T10:24:41.918224+00:00"", ""GBP_USD"": ""2026-10-05T07:53:09.876869+00:00"", ""XAU_USD"": ""2026-10-05T07:53:08.430530+00:00""}"
2026-10-05,21,562.8346,"{""EUR_USD"": ""2026-10-05T10:24:41.918224+00:00"", ""GBP_USD"": ""2026-10-05T07:53:09.876869+00:00"", ""XAU_USD"": ""2026-10-05T07:53:08.430530+00:00""}"
2026-10-05,21,562.8346,"{""EUR_USD"": ""2026-10-05T10:24:41.918224+00:00"", ""GBP_USD"": ""2026-10-05T07:53:09.876869+00:00"", ""XAU_USD"": ""2026-10-05T07:53:08.430530+00:00""}"
2026-10-05,21,562.8346,"{""EUR_USD"": ""2026-10-05T10:24:41.918224+00:00"", ""GBP_USD"": ""2026-10-05T07:53:09.876869+00:00"", ""XAU_USD"": ""2026-10-05T07:53:08.430530+00:00""}"
2026-10-05,21,562.8346,"{""EUR_USD"": ""2026-10-05T10:24:41.918224+00:00"", ""GBP_USD"": ""2026-10-05T07:53:09.876869+00:00"", ""XAU_USD"": ""2026-10-05T07:53:08.430530+00:00""}"
2026-10-05,21,562.8346,"{""EUR_USD"": ""2026-10-05T10:24:41.918224+00:00"", ""GBP_USD"": ""2026-10-05T07:53:09.876869+00:00"", ""XAU_USD"": ""2026-10-05T07:53:08.430530+00:00""}"
2026-10-05,21,562.8346,"{""EUR_USD"": ""2026-10-05T10:24:41.918224+00:00"", ""GBP_USD"": ""2026-10-05T07:53:09.876869+00:00"", ""XAU_USD"": ""2026-10-05T07:53:08.430530+00:00""}"
2026-10-05,21,562.8346,"{""EUR_USD"": ""2026-10-05T10:24:41.918224+00:00"", ""GBP_USD"": ""2026-10-05T07:53:09.876869+00:00"", ""XAU_USD"": ""2026-10-05T07:53:08.430530+00:00""}"
2026-10-05,21,562.8346,"{""EUR_USD"": ""2026-10-05T10:24:41.918224+00:00"", ""GBP_USD"": ""2026-10-05T07:53:09.876869+00:00"", ""XAU_USD"": ""2026-10-05T07:53:08.430530+00:00""}"
2026-10-05,21,562.8346,"{""EUR_USD"": ""2026-10-05T10:24:41.918224+00:00"", ""GBP_USD"": ""2026-10-05T07:53:09.876869+00:00"", ""XAU_USD"": ""2026-10-05T07:53:08.430530+00:00""}"
2026-10-05,21,562.8346,"{""EUR_USD"": ""2026-10-05T10:24:41.918224+00:00"", ""GBP_USD"": ""2026-10-05T07:53:09.876869+00:00"", ""XAU_USD"": ""2026-10-05T07:53:08.430530+00:00""}"
2026-10-05,21,562.8346,"{""EUR_USD"": ""2026-10-05T10:24:41.918224+00:00"", ""GBP_USD"": ""2026-10-05T07:53:09.876869+00:00"", ""XAU_USD"": ""2026-10-05T07:53:08.430530+00:00""}"
2026-10-05,21,562.8346,"{""EUR_USD"": ""2026-10-05T10:24:41.918224+00:00"", ""GBP_USD"": ""2026-10-05T07:53:09.876869+00:00"", ""XAU_USD"": ""2026-10-05T07:53:08.430530+00:00""}"
2026-10-05,21,562.8346,"{""EUR_USD"": ""2026-10-05T10:24:41.918224+00:00"", ""GBP_USD"": ""2026-10-05T07:53:09.876869+00:00"", ""XAU_USD"": ""2026-10-05T07:53:08.430530+00:00""}"
2026-10-05,21,562.8346,"{""EUR_USD"": ""2026-10-05T10:24:41.918224+00:00"", ""GBP_USD"": ""2026-10-05T07:53:09.876869+00:00"", ""XAU_USD"": ""2026-10-05T07:53:08.430530+00:00""}"
2026-10-05,21,562.8346,"{""EUR_USD"": ""2026-10-05T10:24:41.918224+00:00"", ""GBP_USD"": ""2026-10-05T07:53:09.876869+00:00"", ""XAU_USD"": ""2026-10-05T07:53:08.430530+00:00""}"
2026-10-05,21,562.8346,"{""EUR_USD"": ""2026-10-05T10:24:41.918224+00:00"", ""GBP_USD"": ""2026-10-05T07:53:09.876869+00:00"", ""XAU_USD"": ""2026-10-05T07:53:08.430530+00:00""}"
2026-10-05,21,562.8346,"{""EUR_USD"": ""2026-10-05T10:24:41.918224+00:00"", ""GBP_USD"": ""2026-10-05T07:53:09.876869+00:00"", ""XAU_USD"": ""2026-10-05T07:53:08.430530+00:00""}"
2026-10-05,21,562.8346,"{""EUR_USD"": ""2026-10-05T10:24:41.918224+00:00"", ""GBP_USD"": ""2026-10-05T07:53:09.876869+00:00"", ""XAU_USD"": ""2026-10-05T07:53:08.430530+00:00""}"
2026-10-05,21,562.8346,"{""EUR_USD"": ""2026-10-05T10:24:41.918224+00:00"", ""GBP_USD"": ""2026-10-05T07:53:09.876869+00:00"", ""XAU_USD"": ""2026-10-05T07:53:08.430530+00:00""}"
2026-10-05,21,562.8346,"{""EUR_USD"": ""2026-10-05T10:24:41.918224+00:00"", ""GBP_USD"": ""2026-10-05T07:53:09.876869+00:00"", ""XAU_USD"": ""2026-10-05T07:53:08.430530+00:00""}"
2026-10-05,21,562.8346,"{""EUR_USD"": ""2026-10-05T10:24:41.918224+00:00"", ""GBP_USD"": ""2026-10-05T07:53:09.876869+00:00"", ""XAU_USD"": ""2026-10-05T07:53:08.430530+00:00""}"
2026-10-05,21,562.8346,"{""EUR_USD"": ""2026-10-05T10:24:41.918224+00:00"", ""GBP_USD"": ""2026-10-05T07:53:09.876869+00:00"", ""XAU_USD"": ""2026-10-05T07:53:08.430530+00:00""}"
2026-10-05,21,562.8346,"{""EUR_USD"": ""2026-10-05T10:24:41.918224+00:00"", ""GBP_USD"": ""2026-10-05T07:53:09.876869+00:00"", ""XAU_USD"": ""2026-10-05T07:53:08.430530+00:00""}"
2026-10-05,21,562.8346,"{""EUR_USD"": ""2026-10-05T10:24:41.918224+00:00"", ""GBP_USD"": ""2026-10-05T07:53:09.876869+00:00"", ""XAU_USD"": ""2026-10-05T07:53:08.430530+00:00""}"
2026-10-05,21,562.8346,"{""EUR_USD"": ""2026-10-05T10:24:41.918224+00:00"", ""GBP_USD"": ""2026-10-05T07:53:09.876869+00:00"", ""XAU_USD"": ""2026-10-05T07:53:08.430530+00:00""}"
2026-10-05,21,562.8346,"{""EUR_USD"": ""2026-10-05T10:24:41.918224+00:00"", ""GBP_USD"": ""2026-10-05T07:53:09.876869+00:00"", ""XAU_USD"": ""2026-10-05T07:53:08.430530+00:00""}"
2026-10-05,21,562.8346,"{""EUR_USD"": ""2026-10-05T10:24:41.918224+00:00"", ""GBP_USD"": ""2026-10-05T07:53:09.876869+00:00"", ""XAU_USD"": ""2026-10-05T07:53:08.430530+00:00""}"
2026-10-05,21,562.8346,"{""EUR_USD"": ""2026-10-05T10:24:41.918224+00:00"", ""GBP_USD"": ""2026-10-05T07:53:09.876869+00:00"", ""XAU_USD"": ""2026-10-05T07:53:08.430530+00:00""}"
2026-10-05,21,562.8346,"{""EUR_USD"": ""2026-10-05T10:24:41.918224+00:00"", ""GBP_USD"": ""2026-10-05T07:53:09.876869+00:00"", ""XAU_USD"": ""2026-10-05T07:53:08.430530+00:00""}"
2026-10-05,21,562.8346,"{""EUR_USD"": ""2026-10-05T10:24:41.918224+00:00"", ""GBP_USD"": ""2026-10-05T07:53:09.876869+00:00"", ""XAU_USD"": ""2026-10-05T07:53:08.430530+00:00""}"
2026-10-05,21,562.8346,"{""EUR_USD"": ""2026-10-05T10:24:41.918224+00:00"", ""GBP_USD"": ""2026-10-05T07:53:09.876869+00:00"", ""XAU_USD"": ""2026-10-05T07:53:08.430530+00:00""}"
2026-10-06,2,485.6461,"{""XAU_USD"": ""2026-10-06T00:15:11.682870+00:00"", ""EUR_USD"": ""2026-10-06T00:15:13.422457+00:00""}"
2026-10-06,3,485.6461,"{""XAU_USD"": ""2026-10-06T00:44:33.708884+00:00"", ""EUR_USD"": ""2026-10-06T00:15:13.422457+00:00""}"
2026-10-06,5,485.6461,"{""XAU_USD"": ""2026-10-06T01:01:52.075686+00:00"", ""EUR_USD"": ""2026-10-06T01:01:52.561469+00:00""}"
2026-10-06,5,485.6461,"{""XAU_USD"": ""2026-10-06T01:01:52.075686+00:00"", ""EUR_USD"": ""2026-10-06T01:01:52.561469+00:00""}"
2026-10-06,6,485.6461,"{""XAU_USD"": ""2026-10-06T01:36:30.042601+00:00"", ""EUR_USD"": ""2026-10-06T01:01:52.561469+00:00""}"
2026-10-06,6,485.6461,"{""XAU_USD"": ""2026-10-06T01:36:30.042601+00:00"", ""EUR_USD"": ""2026-10-06T01:01:52.561469+00:00""}"
2026-10-06,8,485.6461,"{""XAU_USD"": ""2026-10-06T02:01:03.338604+00:00"", ""EUR_USD"": ""2026-10-06T02:01:03.729442+00:00""}"
2026-10-06,8,485.6461,"{""XAU_USD"": ""2026-10-06T02:01:03.338604+00:00"", ""EUR_USD"": ""2026-10-06T02:01:03.729442+00:00""}"
2026-10-06,10,485.6461,"{""XAU_USD"": ""2026-10-06T02:37:14.535775+00:00"", ""EUR_USD"": ""2026-10-06T02:37:14.834765+00:00""}"
2026-10-06,10,485.6461,"{""XAU_USD"": ""2026-10-06T02:37:14.535775+00:00"", ""EUR_USD"": ""2026-10-06T02:37:14.834765+00:00""}"
2026-10-06,10,485.6461,"{""XAU_USD"": ""2026-10-06T02:37:14.535775+00:00"", ""EUR_USD"": ""2026-10-06T02:37:14.834765+00:00""}"
2026-10-06,10,485.6461,"{""XAU_USD"": ""2026-10-06T02:37:14.535775+00:00"", ""EUR_USD"": ""2026-10-06T02:37:14.834765+00:00""}"
2026-10-06,10,485.6461,"{""XAU_USD"": ""2026-10-06T02:37:14.535775+00:00"", ""EUR_USD"": ""2026-10-06T02:37:14.834765+00:00""}"
2026-10-06,10,485.6461,"{""XAU_USD"": ""2026-10-06T02:37:14.535775+00:00"", ""EUR_USD"": ""2026-10-06T02:37:14.834765+00:00""}"
2026-10-06,10,485.6461,"{""XAU_USD"": ""2026-10-06T02:37:14.535775+00:00"", ""EUR_USD"": ""2026-10-06T02:37:14.834765+00:00""}"
2026-10-06,10,485.6461,"{""XAU_USD"": ""2026-10-06T02:37:14.535775+00:00"", ""EUR_USD"": ""2026-10-06T02:37:14.834765+00:00""}"
2026-10-06,10,485.6461,"{""XAU_USD"": ""2026-10-06T02:37:14.535775+00:00"", ""EUR_USD"": ""2026-10-06T02:37:14.834765+00:00""}"
2026-10-06,10,485.6461,"{""XAU_USD"": ""2026-10-06T02:37:14.535775+00:00"", ""EUR_USD"": ""2026-10-06T02:37:14.834765+00:00""}"
2026-10-06,10,485.6461,"{""XAU_USD"": ""2026-10-06T02:37:14.535775+00:00"", ""EUR_USD"": ""2026-10-06T02:37:14.834765+00:00""}"
2026-10-06,10,485.6461,"{""XAU_USD"": ""2026-10-06T02:37:14.535775+00:00"", ""EUR_USD"": ""2026-10-06T02:37:14.834765+00:00""}"
2026-10-06,10,485.6461,"{""XAU_USD"": ""2026-10-06T02:37:14.535775+00:00"", ""EUR_USD"": ""2026-10-06T02:37:14.834765+00:00""}"
2026-10-06,10,485.6461,"{""XAU_USD"": ""2026-10-06T02:37:14.535775+00:00"", ""EUR_USD"": ""2026-10-06T02:37:14.834765+00:00""}"
2026-10-06,10,485.6461,"{""XAU_USD"": ""2026-10-06T02:37:14.535775+00:00"", ""EUR_USD"": ""2026-10-06T02:37:14.834765+00:00""}"
2026-10-06,10,485.6461,"{""XAU_USD"": ""2026-10-06T02:37:14.535775+00:00"", ""EUR_USD"": ""2026-10-06T02:37:14.834765+00:00""}"
2026-10-06,10,485.6461,"{""XAU_USD"": ""2026-10-06T02:37:14.535775+00:00"", ""EUR_USD"": ""2026-10-06T02:37:14.834765+00:00""}"
2026-10-06,10,485.6461,"{""XAU_USD"": ""2026-10-06T02:37:14.535775+00:00"", ""EUR_USD"": ""2026-10-06T02:37:14.834765+00:00""}"
2026-10-06,10,485.6461,"{""XAU_USD"": ""2026-10-06T02:37:14.535775+00:00"", ""EUR_USD"": ""2026-10-06T02:37:14.834765+00:00""}"
2026-10-06,10,485.6461,"{""XAU_USD"": ""2026-10-06T02:37:14.535775+00:00"", ""EUR_USD"": ""2026-10-06T02:37:14.834765+00:00""}"
2026-10-06,10,485.6461,"{""XAU_USD"": ""2026-10-06T02:37:14.535775+00:00"", ""EUR_USD"": ""2026-10-06T02:37:14.834765+00:00""}"
2026-10-06,10,485.6461,"{""XAU_USD"": ""2026-10-06T02:37:14.535775+00:00"", ""EUR_USD"": ""2026-10-06T02:37:14.834765+00:00""}"
2026-10-06,10,485.6461,"{""XAU_USD"": ""2026-10-06T02:37:14.535775+00:00"", ""EUR_USD"": ""2026-10-06T02:37:14.834765+00:00""}"
2026-10-06,10,485.6461,"{""XAU_USD"": ""2026-10-06T02:37:14.535775+00:00"", ""EUR_USD"": ""2026-10-06T02:37:14.834765+00:00""}"
2026-10-06,10,485.6461,"{""XAU_USD"": ""2026-10-06T02:37:14.535775+00:00"", ""EUR_USD"": ""2026-10-06T02:37:14.834765+00:00""}"
2026-10-06,10,485.6461,"{""XAU_USD"": ""2026-10-06T02:37:14.535775+00:00"", ""EUR_USD"": ""2026-10-06T02:37:14.834765+00:00""}"
2026-10-06,10,485.6461,"{""XAU_USD"": ""2026-10-06T02:37:14.535775+00:00"", ""EUR_USD"": ""2026-10-06T02:37:14.834765+00:00""}"
2026-10-06,10,485.6461,"{""XAU_USD"": ""2026-10-06T02:37:14.535775+00:00"", ""EUR_USD"": ""2026-10-06T02:37:14.834765+00:00""}"
2026-10-06,10,485.6461,"{""XAU_USD"": ""2026-10-06T02:37:14.535775+00:00"", ""EUR_USD"": ""2026-10-06T02:37:14.834765+00:00""}"
2026-10-06,10,485.6461,"{""XAU_USD"": ""2026-10-06T02:37:14.535775+00:00"", ""EUR_USD"": ""2026-10-06T02:37:14.834765+00:00""}"
2026-10-06,10,485.6461,"{""XAU_USD"": ""2026-10-06T02:37:14.535775+00:00"", ""EUR_USD"": ""2026-10-06T02:37:14.834765+00:00""}"
2026-10-06,10,485.6461,"{""XAU_USD"": ""2026-10-06T02:37:14.535775+00:00"", ""EUR_USD"": ""2026-10-06T02:37:14.834765+00:00""}"
2026-10-06,10,485.6461,"{""XAU_USD"": ""2026-10-06T02:37:14.535775+00:00"", ""EUR_USD"": ""2026-10-06T02:37:14.834765+00:00""}"
2026-10-06,10,485.6461,"{""XAU_USD"": ""2026-10-06T02:37:14.535775+00:00"", ""EUR_USD"": ""2026-10-06T02:37:14.834765+00:00""}"
2026-10-06,10,485.6461,"{""XAU_USD"": ""2026-10-06T02:37:14.535775+00:00"", ""EUR_USD"": ""2026-10-06T02:37:14.834765+00:00""}"
2026-10-06,10,485.6461,"{""XAU_USD"": ""2026-10-06T02:37:14.535775+00:00"", ""EUR_USD"": ""2026-10-06T02:37:14.834765+00:00""}"
2026-10-06,10,485.6461,"{""XAU_USD"": ""2026-10-06T02:37:14.535775+00:00"", ""EUR_USD"": ""2026-10-06T02:37:14.834765+00:00""}"
2026-10-06,10,485.6461,"{""XAU_USD"": ""2026-10-06T02:37:14.535775+00:00"", ""EUR_USD"": ""2026-10-06T02:37:14.834765+00:00""}"
2026-10-06,10,485.6461,"{""XAU_USD"": ""2026-10-06T02:37:14.535775+00:00"", ""EUR_USD"": ""2026-10-06T02:37:14.834765+00:00""}"
2026-10-06,10,485.6461,"{""XAU_USD"": ""2026-10-06T02:37:14.535775+00:00"", ""EUR_USD"": ""2026-10-06T02:37:14.834765+00:00""}"
2026-10-06,10,485.6461,"{""XAU_USD"": ""2026-10-06T02:37:14.535775+00:00"", ""EUR_USD"": ""2026-10-06T02:37:14.834765+00:00""}"
2026-10-06,10,485.6461,"{""XAU_USD"": ""2026-10-06T02:37:14.535775+00:00"", ""EUR_USD"": ""2026-10-06T02:37:14.834765+00:00""}"
2026-10-06,10,485.6461,"{""XAU_USD"": ""2026-10-06T02:37:14.535775+00:00"", ""EUR_USD"": ""2026-10-06T02:37:14.834765+00:00""}"
2026-10-06,10,485.6461,"{""XAU_USD"": ""2026-10-06T02:37:14.535775+00:00"", ""EUR_USD"": ""2026-10-06T02:37:14.834765+00:00""}"
2026-10-06,10,485.6461,"{""XAU_USD"": ""2026-10-06T02:37:14.535775+00:00"", ""EUR_USD"": ""2026-10-06T02:37:14.834765+00:00""}"
2026-10-06,10,485.6461,"{""XAU_USD"": ""2026-10-06T02:37:14.535775+00:00"", ""EUR_USD"": ""2026-10-06T02:37:14.834765+00:00""}"
2026-10-06,10,485.6461,"{""XAU_USD"": ""2026-10-06T02:37:14.535775+00:00"", ""EUR_USD"": ""2026-10-06T02:37:14.834765+00:00""}"
2026-10-06,10,485.6461,"{""XAU_USD"": ""2026-10-06T02:37:14.535775+00:00"", ""EUR_USD"": ""2026-10-06T02:37:14.834765+00:00""}"
2026-10-06,10,485.6461,"{""XAU_USD"": ""2026-10-06T02:37:14.535775+00:00"", ""EUR_USD"": ""2026-10-06T02:37:14.834765+00:00""}"
2026-10-06,10,485.6461,"{""XAU_USD"": ""2026-10-06T02:37:14.535775+00:00"", ""EUR_USD"": ""2026-10-06T02:37:14.834765+00:00""}"
2026-10-06,10,485.6461,"{""XAU_USD"": ""2026-10-06T02:37:14.535775+00:00"", ""EUR_USD"": ""2026-10-06T02:37:14.834765+00:00""}"
2026-10-06,10,485.6461,"{""XAU_USD"": ""2026-10-06T02:37:14.535775+00:00"", ""EUR_USD"": ""2026-10-06T02:37:14.834765+00:00""}"
2026-10-06,10,485.6461,"{""XAU_USD"": ""2026-10-06T02:37:14.535775+00:00"", ""EUR_USD"": ""2026-10-06T02:37:14.834765+00:00""}"
2026-10-06,10,485.6461,"{""XAU_USD"": ""2026-10-06T02:37:14.535775+00:00"", ""EUR_USD"": ""2026-10-06T02:37:14.834765+00:00""}"
2026-10-06,10,485.6461,"{""XAU_USD"": ""2026-10-06T02:37:14.535775+00:00"", ""EUR_USD"": ""2026-10-06T02:37:14.834765+00:00""}"
2026-10-06,10,485.6461,"{""XAU_USD"": ""2026-10-06T02:37:14.535775+00:00"", ""EUR_USD"": ""2026-10-06T02:37:14.834765+00:00""}"
2026-10-06,10,485.6461,"{""XAU_USD"": ""2026-10-06T02:37:14.535775+00:00"", ""EUR_USD"": ""2026-10-06T02:37:14.834765+00:00""}"
2026-10-06,10,485.6461,"{""XAU_USD"": ""2026-10-06T02:37:14.535775+00:00"", ""EUR_USD"": ""2026-10-06T02:37:14.834765+00:00""}"
2026-10-06,10,485.6461,"{""XAU_USD"": ""2026-10-06T02:37:14.535775+00:00"", ""EUR_USD"": ""2026-10-06T02:37:14.834765+00:00""}"
2026-10-06,10,485.6461,"{""XAU_USD"": ""2026-10-06T02:37:14.535775+00:00"", ""EUR_USD"": ""2026-10-06T02:37:14.834765+00:00""}"
2026-10-06,10,485.6461,"{""XAU_USD"": ""2026-10-06T02:37:14.535775+00:00"", ""EUR_USD"": ""2026-10-06T02:37:14.834765+00:00""}"
2026-10-06,10,485.6461,"{""XAU_USD"": ""2026-10-06T02:37:14.535775+00:00"", ""EUR_USD"": ""2026-10-06T02:37:14.834765+00:00""}"
2026-10-06,10,485.6461,"{""XAU_USD"": ""2026-10-06T02:37:14.535775+00:00"", ""EUR_USD"": ""2026-10-06T02:37:14.834765+00:00""}"
2026-10-06,10,485.6461,"{""XAU_USD"": ""2026-10-06T02:37:14.535775+00:00"", ""EUR_USD"": ""2026-10-06T02:37:14.834765+00:00""}"
2026-10-06,10,485.6461,"{""XAU_USD"": ""2026-10-06T02:37:14.535775+00:00"", ""EUR_USD"": ""2026-10-06T02:37:14.834765+00:00""}"
2026-10-06,10,485.6461,"{""XAU_USD"": ""2026-10-06T02:37:14.535775+00:00"", ""EUR_USD"": ""2026-10-06T02:37:14.834765+00:00""}"
2026-10-06,10,485.6461,"{""XAU_USD"": ""2026-10-06T02:37:14.535775+00:00"", ""EUR_USD"": ""2026-10-06T02:37:14.834765+00:00""}"
2026-10-06,10,485.6461,"{""XAU_USD"": ""2026-10-06T02:37:14.535775+00:00"", ""EUR_USD"": ""2026-10-06T02:37:14.834765+00:00""}"
2026-10-06,10,485.6461,"{""XAU_USD"": ""2026-10-06T02:37:14.535775+00:00"", ""EUR_USD"": ""2026-10-06T02:37:14.834765+00:00""}"
2026-10-06,10,485.6461,"{""XAU_USD"": ""2026-10-06T02:37:14.535775+00:00"", ""EUR_USD"": ""2026-10-06T02:37:14.834765+00:00""}"
2026-10-06,10,485.6461,"{""XAU_USD"": ""2026-10-06T02:37:14.535775+00:00"", ""EUR_USD"": ""2026-10-06T02:37:14.834765+00:00""}"
2026-10-06,10,485.6461,"{""XAU_USD"": ""2026-10-06T02:37:14.535775+00:00"", ""EUR_USD"": ""2026-10-06T02:37:14.834765+00:00""}"
2026-10-06,10,485.6461,"{""XAU_USD"": ""2026-10-06T02:37:14.535775+00:00"", ""EUR_USD"": ""2026-10-06T02:37:14.834765+00:00""}"
2026-10-06,10,485.6461,"{""XAU_USD"": ""2026-10-06T02:37:14.535775+00:00"", ""EUR_USD"": ""2026-10-06T02:37:14.834765+00:00""}"
2026-10-06,10,485.6461,"{""XAU_USD"": ""2026-10-06T02:37:14.535775+00:00"", ""EUR_USD"": ""2026-10-06T02:37:14.834765+00:00""}"
2026-10-07,2,429.6543,"{""EUR_USD"": ""2026-10-07T00:28:51.872246+00:00"", ""GBP_USD"": ""2026-10-07T00:28:52.083438+00:00""}"
2026-10-07,2,429.6543,"{""EUR_USD"": ""2026-10-07T00:28:51.872246+00:00"", ""GBP_USD"": ""2026-10-07T00:28:52.083438+00:00""}"
2026-10-07,2,429.6543,"{""EUR_USD"": ""2026-10-07T00:28:51.872246+00:00"", ""GBP_USD"": ""2026-10-07T00:28:52.083438+00:00""}"
2026-10-07,2,429.6543,"{""EUR_USD"": ""2026-10-07T00:28:51.872246+00:00"", ""GBP_USD"": ""2026-10-07T00:28:52.083438+00:00""}"
2026-10-07,2,429.6543,"{""EUR_USD"": ""2026-10-07T00:28:51.872246+00:00"", ""GBP_USD"": ""2026-10-07T00:28:52.083438+00:00""}"
2026-10-07,4,429.6543,"{""EUR_USD"": ""2026-10-07T02:01:33.823125+00:00"", ""GBP_USD"": ""2026-10-07T00:28:52.083438+00:00"", ""XAU_USD"": ""2026-10-07T02:01:33.496336+00:00""}"
2026-10-07,5,429.6543,"{""EUR_USD"": ""2026-10-07T02:01:33.823125+00:00"", ""GBP_USD"": ""2026-10-07T02:21:08.379182+00:00"", ""XAU_USD"": ""2026-10-07T02:01:33.496336+00:00""}"
2026-10-07,5,429.6543,"{""EUR_USD"": ""2026-10-07T02:01:33.823125+00:00"", ""GBP_USD"": ""2026-10-07T02:21:08.379182+00:00"", ""XAU_USD"": ""2026-10-07T02:01:33.496336+00:00""}"
2026-10-07,5,429.6543,"{""EUR_USD"": ""2026-10-07T02:01:33.823125+00:00"", ""GBP_USD"": ""2026-10-07T02:21:08.379182+00:00"", ""XAU_USD"": ""2026-10-07T02:01:33.496336+00:00""}"
2026-10-07,5,429.6543,"{""EUR_USD"": ""2026-10-07T02:01:33.823125+00:00"", ""GBP_USD"": ""2026-10-07T02:21:08.379182+00:00"", ""XAU_USD"": ""2026-10-07T02:01:33.496336+00:00""}"
2026-10-07,5,429.6543,"{""EUR_USD"": ""2026-10-07T02:01:33.823125+00:00"", ""GBP_USD"": ""2026-10-07T02:21:08.379182+00:00"", ""XAU_USD"": ""2026-10-07T02:01:33.496336+00:00""}"
2026-10-07,6,429.6543,"{""EUR_USD"": ""2026-10-07T02:01:33.823125+00:00"", ""GBP_USD"": ""2026-10-07T03:47:07.779255+00:00"", ""XAU_USD"": ""2026-10-07T02:01:33.496336+00:00""}"
2026-10-07,6,429.6543,"{""EUR_USD"": ""2026-10-07T02:01:33.823125+00:00"", ""GBP_USD"": ""2026-10-07T03:47:07.779255+00:00"", ""XAU_USD"": ""2026-10-07T02:01:33.496336+00:00""}"
2026-10-07,6,429.6543,"{""EUR_USD"": ""2026-10-07T02:01:33.823125+00:00"", ""GBP_USD"": ""2026-10-07T03:47:07.779255+00:00"", ""XAU_USD"": ""2026-10-07T02:01:33.496336+00:00""}"
2026-10-07,6,429.6543,"{""EUR_USD"": ""2026-10-07T02:01:33.823125+00:00"", ""GBP_USD"": ""2026-10-07T03:47:07.779255+00:00"", ""XAU_USD"": ""2026-10-07T02:01:33.496336+00:00""}"
2026-10-07,6,429.6543,"{""EUR_USD"": ""2026-10-07T02:01:33.823125+00:00"", ""GBP_USD"": ""2026-10-07T03:47:07.779255+00:00"", ""XAU_USD"": ""2026-10-07T02:01:33.496336+00:00""}"
2026-10-07,6,429.6543,"{""EUR_USD"": ""2026-10-07T02:01:33.823125+00:00"", ""GBP_USD"": ""2026-10-07T03:47:07.779255+00:00"", ""XAU_USD"": ""2026-10-07T02:01:33.496336+00:00""}"
2026-10-07,8,429.6543,"{""EUR_USD"": ""2026-10-07T05:37:38.208672+00:00"", ""GBP_USD"": ""2026-10-07T03:47:07.779255+00:00"", ""XAU_USD"": ""2026-10-07T05:37:37.835070+00:00""}"
2026-10-07,8,429.6543,"{""EUR_USD"": ""2026-10-07T05:37:38.208672+00:00"", ""GBP_USD"": ""2026-10-07T03:47:07.779255+00:00"", ""XAU_USD"": ""2026-10-07T05:37:37.835070+00:00""}"
2026-10-07,8,429.6543,"{""EUR_USD"": ""2026-10-07T05:37:38.208672+00:00"", ""GBP_USD"": ""2026-10-07T03:47:07.779255+00:00"", ""XAU_USD"": ""2026-10-07T05:37:37.835070+00:00""}"
2026-10-07,9,429.6543,"{""EUR_USD"": ""2026-10-07T05:37:38.208672+00:00"", ""GBP_USD"": ""2026-10-07T06:32:57.744090+00:00"", ""XAU_USD"": ""2026-10-07T05:37:37.835070+00:00""}"
2026-10-07,10,429.6543,"{""EUR_USD"": ""2026-10-07T05:37:38.208672+00:00"", ""GBP_USD"": ""2026-10-07T06:55:49.761889+00:00"", ""XAU_USD"": ""2026-10-07T05:37:37.835070+00:00""}"
2026-10-07,11,429.6543,"{""EUR_USD"": ""2026-10-07T05:37:38.208672+00:00"", ""GBP_USD"": ""2026-10-07T07:12:48.001947+00:00"", ""XAU_USD"": ""2026-10-07T05:37:37.835070+00:00""}"
2026-10-07,12,429.6543,"{""EUR_USD"": ""2026-10-07T07:33:57.288165+00:00"", ""GBP_USD"": ""2026-10-07T07:12:48.001947+00:00"", ""XAU_USD"": ""2026-10-07T05:37:37.835070+00:00""}"
2026-10-07,12,429.6543,"{""EUR_USD"": ""2026-10-07T07:33:57.288165+00:00"", ""GBP_USD"": ""2026-10-07T07:12:48.001947+00:00"", ""XAU_USD"": ""2026-10-07T05:37:37.835070+00:00""}"
2026-10-07,13,429.6543,"{""EUR_USD"": ""2026-10-07T07:33:57.288165+00:00"", ""GBP_USD"": ""2026-10-07T08:04:39.136163+00:00"", ""XAU_USD"": ""2026-10-07T05:37:37.835070+00:00""}"
2026-10-07,13,429.6543,"{""EUR_USD"": ""2026-10-07T07:33:57.288165+00:00"", ""GBP_USD"": ""2026-10-07T08:04:39.136163+00:00"", ""XAU_USD"": ""2026-10-07T05:37:37.835070+00:00""}"
2026-10-07,14,429.6543,"{""EUR_USD"": ""2026-10-07T08:46:38.639403+00:00"", ""GBP_USD"": ""2026-10-07T08:04:39.136163+00:00"", ""XAU_USD"": ""2026-10-07T05:37:37.835070+00:00""}"
2026-10-07,14,429.6543,"{""EUR_USD"": ""2026-10-07T08:46:38.639403+00:00"", ""GBP_USD"": ""2026-10-07T08:04:39.136163+00:00"", ""XAU_USD"": ""2026-10-07T05:37:37.835070+00:00""}"
2026-10-07,14,429.6543,"{""EUR_USD"": ""2026-10-07T08:46:38.639403+00:00"", ""GBP_USD"": ""2026-10-07T08:04:39.136163+00:00"", ""XAU_USD"": ""2026-10-07T05:37:37.835070+00:00""}"
2026-10-07,14,429.6543,"{""EUR_USD"": ""2026-10-07T08:46:38.639403+00:00"", ""GBP_USD"": ""2026-10-07T08:04:39.136163+00:00"", ""XAU_USD"": ""2026-10-07T05:37:37.835070+00:00""}"
2026-10-07,14,429.6543,"{""EUR_USD"": ""2026-10-07T08:46:38.639403+00:00"", ""GBP_USD"": ""2026-10-07T08:04:39.136163+00:00"", ""XAU_USD"": ""2026-10-07T05:37:37.835070+00:00""}"
2026-10-07,14,429.6543,"{""EUR_USD"": ""2026-10-07T08:46:38.639403+00:00"", ""GBP_USD"": ""2026-10-07T08:04:39.136163+00:00"", ""XAU_USD"": ""2026-10-07T05:37:37.835070+00:00""}"
2026-10-07,14,429.6543,"{""EUR_USD"": ""2026-10-07T08:46:38.639403+00:00"", ""GBP_USD"": ""2026-10-07T08:04:39.136163+00:00"", ""XAU_USD"": ""2026-10-07T05:37:37.835070+00:00""}"
2026-10-07,16,429.6543,"{""EUR_USD"": ""2026-10-07T08:46:38.639403+00:00"", ""GBP_USD"": ""2026-10-07T10:53:41.967448+00:00"", ""XAU_USD"": ""2026-10-07T10:53:40.992186+00:00""}"
2026-10-07,16,429.6543,"{""EUR_USD"": ""2026-10-07T08:46:38.639403+00:00"", ""GBP_USD"": ""2026-10-07T10:53:41.967448+00:00"", ""XAU_USD"": ""2026-10-07T10:53:40.992186+00:00""}"
2026-10-07,17,429.6543,"{""EUR_USD"": ""2026-10-07T08:46:38.639403+00:00"", ""GBP_USD"": ""2026-10-07T10:53:41.967448+00:00"", ""XAU_USD"": ""2026-10-07T11:26:51.736287+00:00""}"
2026-10-07,17,429.6543,"{""EUR_USD"": ""2026-10-07T08:46:38.639403+00:00"", ""GBP_USD"": ""2026-10-07T10:53:41.967448+00:00"", ""XAU_USD"": ""2026-10-07T11:26:51.736287+00:00""}"
2026-10-07,17,429.6543,"{""EUR_USD"": ""2026-10-07T08:46:38.639403+00:00"", ""GBP_USD"": ""2026-10-07T10:53:41.967448+00:00"", ""XAU_USD"": ""2026-10-07T11:26:51.736287+00:00""}"
2026-10-07,19,429.6543,"{""EUR_USD"": ""2026-10-07T12:25:48.882942+00:00"", ""GBP_USD"": ""2026-10-07T12:25:49.604889+00:00"", ""XAU_USD"": ""2026-10-07T11:26:51.736287+00:00""}"
2026-10-07,19,429.6543,"{""EUR_USD"": ""2026-10-07T12:25:48.882942+00:00"", ""GBP_USD"": ""2026-10-07T12:25:49.604889+00:00"", ""XAU_USD"": ""2026-10-07T11:26:51.736287+00:00""}"
2026-10-07,19,429.6543,"{""EUR_USD"": ""2026-10-07T12:25:48.882942+00:00"", ""GBP_USD"": ""2026-10-07T12:25:49.604889+00:00"", ""XAU_USD"": ""2026-10-07T11:26:51.736287+00:00""}"
2026-10-07,19,429.6543,"{""EUR_USD"": ""2026-10-07T12:25:48.882942+00:00"", ""GBP_USD"": ""2026-10-07T12:25:49.604889+00:00"", ""XAU_USD"": ""2026-10-07T11:26:51.736287+00:00""}"
2026-10-07,19,429.6543,"{""EUR_USD"": ""2026-10-07T12:25:48.882942+00:00"", ""GBP_USD"": ""2026-10-07T12:25:49.604889+00:00"", ""XAU_USD"": ""2026-10-07T11:26:51.736287+00:00""}"
2026-10-07,21,429.6543,"{""EUR_USD"": ""2026-10-07T14:03:00.121367+00:00"", ""GBP_USD"": ""2026-10-07T12:25:49.604889+00:00"", ""XAU_USD"": ""2026-10-07T14:02:59.542883+00:00""}"
2026-10-07,21,429.6543,"{""EUR_USD"": ""2026-10-07T14:03:00.121367+00:00"", ""GBP_USD"": ""2026-10-07T12:25:49.604889+00:00"", ""XAU_USD"": ""2026-10-07T14:02:59.542883+00:00""}"
2026-10-07,22,429.6543,"{""EUR_USD"": ""2026-10-07T14:03:00.121367+00:00"", ""GBP_USD"": ""2026-10-07T14:42:43.262437+00:00"", ""XAU_USD"": ""2026-10-07T14:02:59.542883+00:00""}"
2026-10-07,22,429.6543,"{""EUR_USD"": ""2026-10-07T14:03:00.121367+00:00"", ""GBP_USD"": ""2026-10-07T14:42:43.262437+00:00"", ""XAU_USD"": ""2026-10-07T14:02:59.542883+00:00""}"
2026-10-07,23,429.6543,"{""EUR_USD"": ""2026-10-07T15:30:21.623119+00:00"", ""GBP_USD"": ""2026-10-07T14:42:43.262437+00:00"", ""XAU_USD"": ""2026-10-07T14:02:59.542883+00:00""}"
2026-10-07,23,429.6543,"{""EUR_USD"": ""2026-10-07T15:30:21.623119+00:00"", ""GBP_USD"": ""2026-10-07T14:42:43.262437+00:00"", ""XAU_USD"": ""2026-10-07T14:02:59.542883+00:00""}"
2026-10-07,23,429.6543,"{""EUR_USD"": ""2026-10-07T15:30:21.623119+00:00"", ""GBP_USD"": ""2026-10-07T14:42:43.262437+00:00"", ""XAU_USD"": ""2026-10-07T14:02:59.542883+00:00""}"
2026-10-07,24,429.6543,"{""EUR_USD"": ""2026-10-07T16:31:33.168160+00:00"", ""GBP_USD"": ""2026-10-07T14:42:43.262437+00:00"", ""XAU_USD"": ""2026-10-07T14:02:59.542883+00:00""}"
2026-10-07,26,429.6543,"{""EUR_USD"": ""2026-10-07T16:51:34.514731+00:00"", ""GBP_USD"": ""2026-10-07T14:42:43.262437+00:00"", ""XAU_USD"": ""2026-10-07T16:51:33.361955+00:00""}"
2026-10-07,26,429.6543,"{""EUR_USD"": ""2026-10-07T16:51:34.514731+00:00"", ""GBP_USD"": ""2026-10-07T14:42:43.262437+00:00"", ""XAU_USD"": ""2026-10-07T16:51:33.361955+00:00""}"
2026-10-07,26,429.6543,"{""EUR_USD"": ""2026-10-07T16:51:34.514731+00:00"", ""GBP_USD"": ""2026-10-07T14:42:43.262437+00:00"", ""XAU_USD"": ""2026-10-07T16:51:33.361955+00:00""}"
2026-10-07,26,429.6543,"{""EUR_USD"": ""2026-10-07T16:51:34.514731+00:00"", ""GBP_USD"": ""2026-10-07T14:42:43.262437+00:00"", ""XAU_USD"": ""2026-10-07T16:51:33.361955+00:00""}"
2026-10-07,26,429.6543,"{""EUR_USD"": ""2026-10-07T16:51:34.514731+00:00"", ""GBP_USD"": ""2026-10-07T14:42:43.262437+00:00"", ""XAU_USD"": ""2026-10-07T16:51:33.361955+00:00""}"
2026-10-07,26,429.6543,"{""EUR_USD"": ""2026-10-07T16:51:34.514731+00:00"", ""GBP_USD"": ""2026-10-07T14:42:43.262437+00:00"", ""XAU_USD"": ""2026-10-07T16:51:33.361955+00:00""}"
2026-10-07,27,429.6543,"{""EUR_USD"": ""2026-10-07T16:51:34.514731+00:00"", ""GBP_USD"": ""2026-10-07T18:51:41.638703+00:00"", ""XAU_USD"": ""2026-10-07T16:51:33.361955+00:00""}"
2026-10-07,28,429.6543,"{""EUR_USD"": ""2026-10-07T16:51:34.514731+00:00"", ""GBP_USD"": ""2026-10-07T19:06:12.452696+00:00"", ""XAU_USD"": ""2026-10-07T16:51:33.361955+00:00""}"
2026-10-07,28,429.6543,"{""EUR_USD"": ""2026-10-07T16:51:34.514731+00:00"", ""GBP_USD"": ""2026-10-07T19:06:12.452696+00:00"", ""XAU_USD"": ""2026-10-07T16:51:33.361955+00:00""}"
2026-10-07,28,429.6543,"{""EUR_USD"": ""2026-10-07T16:51:34.514731+00:00"", ""GBP_USD"": ""2026-10-07T19:06:12.452696+00:00"", ""XAU_USD"": ""2026-10-07T16:51:33.361955+00:00""}"
2026-10-07,28,429.6543,"{""EUR_USD"": ""2026-10-07T16:51:34.514731+00:00"", ""GBP_USD"": ""2026-10-07T19:06:12.452696+00:00"", ""XAU_USD"": ""2026-10-07T16:51:33.361955+00:00""}"
2026-10-07,29,429.6543,"{""EUR_USD"": ""2026-10-07T16:51:34.514731+00:00"", ""GBP_USD"": ""2026-10-07T20:31:15.290059+00:00"", ""XAU_USD"": ""2026-10-07T16:51:33.361955+00:00""}"
2026-10-07,29,429.6543,"{""EUR_USD"": ""2026-10-07T16:51:34.514731+00:00"", ""GBP_USD"": ""2026-10-07T20:31:15.290059+00:00"", ""XAU_USD"": ""2026-10-07T16:51:33.361955+00:00""}"
2026-10-07,29,429.6543,"{""EUR_USD"": ""2026-10-07T16:51:34.514731+00:00"", ""GBP_USD"": ""2026-10-07T20:31:15.290059+00:00"", ""XAU_USD"": ""2026-10-07T16:51:33.361955+00:00""}"
2026-10-07,30,429.6543,"{""EUR_USD"": ""2026-10-07T16:51:34.514731+00:00"", ""GBP_USD"": ""2026-10-07T21:21:13.765503+00:00"", ""XAU_USD"": ""2026-10-07T16:51:33.361955+00:00""}"
2026-10-07,30,429.6543,"{""EUR_USD"": ""2026-10-07T16:51:34.514731+00:00"", ""GBP_USD"": ""2026-10-07T21:21:13.765503+00:00"", ""XAU_USD"": ""2026-10-07T16:51:33.361955+00:00""}"
2026-10-07,30,429.6543,"{""EUR_USD"": ""2026-10-07T16:51:34.514731+00:00"", ""GBP_USD"": ""2026-10-07T21:21:13.765503+00:00"", ""XAU_USD"": ""2026-10-07T16:51:33.361955+00:00""}"
2026-10-07,30,429.6543,"{""EUR_USD"": ""2026-10-07T16:51:34.514731+00:00"", ""GBP_USD"": ""2026-10-07T21:21:13.765503+00:00"", ""XAU_USD"": ""2026-10-07T16:51:33.361955+00:00""}"
2026-10-07,30,429.6543,"{""EUR_USD"": ""2026-10-07T16:51:34.514731+00:00"", ""GBP_USD"": ""2026-10-07T21:21:13.765503+00:00"", ""XAU_USD"": ""2026-10-07T16:51:33.361955+00:00""}"
2026-10-07,30,429.6543,"{""EUR_USD"": ""2026-10-07T16:51:34.514731+00:00"", ""GBP_USD"": ""2026-10-07T21:21:13.765503+00:00"", ""XAU_USD"": ""2026-10-07T16:51:33.361955+00:00""}"
2026-10-07,30,429.6543,"{""EUR_USD"": ""2026-10-07T16:51:34.514731+00:00"", ""GBP_USD"": ""2026-10-07T21:21:13.765503+00:00"", ""XAU_USD"": ""2026-10-07T16:51:33.361955+00:00""}"
2026-10-07,30,429.6543,"{""EUR_USD"": ""2026-10-07T16:51:34.514731+00:00"", ""GBP_USD"": ""2026-10-07T21:21:13.765503+00:00"", ""XAU_USD"": ""2026-10-07T16:51:33.361955+00:00""}"
2026-10-07,30,429.6543,"{""EUR_USD"": ""2026-10-07T16:51:34.514731+00:00"", ""GBP_USD"": ""2026-10-07T21:21:13.765503+00:00"", ""XAU_USD"": ""2026-10-07T16:51:33.361955+00:00""}"
2026-10-07,30,429.6543,"{""EUR_USD"": ""2026-10-07T16:51:34.514731+00:00"", ""GBP_USD"": ""2026-10-07T21:21:13.765503+00:00"", ""XAU_USD"": ""2026-10-07T16:51:33.361955+00:00""}"
2026-10-07,30,429.6543,"{""EUR_USD"": ""2026-10-07T16:51:34.514731+00:00"", ""GBP_USD"": ""2026-10-07T21:21:13.765503+00:00"", ""XAU_USD"": ""2026-10-07T16:51:33.361955+00:00""}"
2026-10-07,30,429.6543,"{""EUR_USD"": ""2026-10-07T16:51:34.514731+00:00"", ""GBP_USD"": ""2026-10-07T21:21:13.765503+00:00"", ""XAU_USD"": ""2026-10-07T16:51:33.361955+00:00""}"
2026-10-08,1,455.9073,"{""GBP_USD"": ""2026-10-08T00:28:17.759291+00:00""}"
2026-10-08,1,455.9073,"{""GBP_USD"": ""2026-10-08T00:28:17.759291+00:00""}"
2026-10-08,1,455.9073,"{""GBP_USD"": ""2026-10-08T00:28:17.759291+00:00""}"
2026-10-08,1,455.9073,"{""GBP_USD"": ""2026-10-08T00:28:17.759291+00:00""}"
2026-10-08,2,455.9073,"{""GBP_USD"": ""2026-10-08T00:28:17.759291+00:00"", ""XAU_USD"": ""2026-10-08T01:50:06.846883+00:00""}"
2026-10-08,2,455.9073,"{""GBP_USD"": ""2026-10-08T00:28:17.759291+00:00"", ""XAU_USD"": ""2026-10-08T01:50:06.846883+00:00""}"
2026-10-08,3,455.9073,"{""GBP_USD"": ""2026-10-08T02:21:19.177613+00:00"", ""XAU_USD"": ""2026-10-08T01:50:06.846883+00:00""}"
2026-10-08,3,455.9073,"{""GBP_USD"": ""2026-10-08T02:21:19.177613+00:00"", ""XAU_USD"": ""2026-10-08T01:50:06.846883+00:00""}"
2026-10-08,4,455.9073,"{""GBP_USD"": ""2026-10-08T02:52:44.825554+00:00"", ""XAU_USD"": ""2026-10-08T01:50:06.846883+00:00""}"
2026-10-08,5,455.9073,"{""GBP_USD"": ""2026-10-08T03:05:38.845469+00:00"", ""XAU_USD"": ""2026-10-08T01:50:06.846883+00:00""}"
2026-10-08,6,455.9073,"{""GBP_USD"": ""2026-10-08T03:25:38.658823+00:00"", ""XAU_USD"": ""2026-10-08T01:50:06.846883+00:00""}"
2026-10-08,6,455.9073,"{""GBP_USD"": ""2026-10-08T03:25:38.658823+00:00"", ""XAU_USD"": ""2026-10-08T01:50:06.846883+00:00""}"
2026-10-08,6,455.9073,"{""GBP_USD"": ""2026-10-08T03:25:38.658823+00:00"", ""XAU_USD"": ""2026-10-08T01:50:06.846883+00:00""}"
2026-10-08,6,455.9073,"{""GBP_USD"": ""2026-10-08T03:25:38.658823+00:00"", ""XAU_USD"": ""2026-10-08T01:50:06.846883+00:00""}"
2026-10-08,6,455.9073,"{""GBP_USD"": ""2026-10-08T03:25:38.658823+00:00"", ""XAU_USD"": ""2026-10-08T01:50:06.846883+00:00""}"
2026-10-08,6,455.9073,"{""GBP_USD"": ""2026-10-08T03:25:38.658823+00:00"", ""XAU_USD"": ""2026-10-08T01:50:06.846883+00:00""}"
2026-10-08,6,455.9073,"{""GBP_USD"": ""2026-10-08T03:25:38.658823+00:00"", ""XAU_USD"": ""2026-10-08T01:50:06.846883+00:00""}"
2026-10-08,6,455.9073,"{""GBP_USD"": ""2026-10-08T03:25:38.658823+00:00"", ""XAU_USD"": ""2026-10-08T01:50:06.846883+00:00""}"
2026-10-08,6,455.9073,"{""GBP_USD"": ""2026-10-08T03:25:38.658823+00:00"", ""XAU_USD"": ""2026-10-08T01:50:06.846883+00:00""}"
2026-10-08,7,455.9073,"{""GBP_USD"": ""2026-10-08T03:25:38.658823+00:00"", ""XAU_USD"": ""2026-10-08T01:50:06.846883+00:00"", ""EUR_USD"": ""2026-10-08T06:02:57.958062+00:00""}"
2026-10-08,9,455.9073,"{""GBP_USD"": ""2026-10-08T03:25:38.658823+00:00"", ""XAU_USD"": ""2026-10-08T06:30:06.123973+00:00"", ""EUR_USD"": ""2026-10-08T06:30:07.034971+00:00""}"
2026-10-08,9,455.9073,"{""GBP_USD"": ""2026-10-08T03:25:38.658823+00:00"", ""XAU_USD"": ""2026-10-08T06:30:06.123973+00:00"", ""EUR_USD"": ""2026-10-08T06:30:07.034971+00:00""}"
2026-10-08,12,455.9073,"{""GBP_USD"": ""2026-10-08T07:14:04.418322+00:00"", ""XAU_USD"": ""2026-10-08T07:14:03.941831+00:00"", ""EUR_USD"": ""2026-10-08T07:14:04.232163+00:00""}"
2026-10-08,13,455.9073,"{""GBP_USD"": ""2026-10-08T07:36:30.841426+00:00"", ""XAU_USD"": ""2026-10-08T07:14:03.941831+00:00"", ""EUR_USD"": ""2026-10-08T07:14:04.232163+00:00""}"
2026-10-08,13,455.9073,"{""GBP_USD"": ""2026-10-08T07:36:30.841426+00:00"", ""XAU_USD"": ""2026-10-08T07:14:03.941831+00:00"", ""EUR_USD"": ""2026-10-08T07:14:04.232163+00:00""}"
2026-10-08,14,455.9073,"{""GBP_USD"": ""2026-10-08T07:36:30.841426+00:00"", ""XAU_USD"": ""2026-10-08T07:14:03.941831+00:00"", ""EUR_USD"": ""2026-10-08T08:09:54.112934+00:00""}"
2026-10-08,14,455.9073,"{""GBP_USD"": ""2026-10-08T07:36:30.841426+00:00"", ""XAU_USD"": ""2026-10-08T07:14:03.941831+00:00"", ""EUR_USD"": ""2026-10-08T08:09:54.112934+00:00""}"
2026-10-08,14,455.9073,"{""GBP_USD"": ""2026-10-08T07:36:30.841426+00:00"", ""XAU_USD"": ""2026-10-08T07:14:03.941831+00:00"", ""EUR_USD"": ""2026-10-08T08:09:54.112934+00:00""}"
2026-10-08,14,455.9073,"{""GBP_USD"": ""2026-10-08T07:36:30.841426+00:00"", ""XAU_USD"": ""2026-10-08T07:14:03.941831+00:00"", ""EUR_USD"": ""2026-10-08T08:09:54.112934+00:00""}"
2026-10-08,16,455.9073,"{""GBP_USD"": ""2026-10-08T09:27:48.882969+00:00"", ""XAU_USD"": ""2026-10-08T09:27:48.201287+00:00"", ""EUR_USD"": ""2026-10-08T08:09:54.112934+00:00""}"
2026-10-08,16,455.9073,"{""GBP_USD"": ""2026-10-08T09:27:48.882969+00:00"", ""XAU_USD"": ""2026-10-08T09:27:48.201287+00:00"", ""EUR_USD"": ""2026-10-08T08:09:54.112934+00:00""}"
2026-10-08,16,455.9073,"{""GBP_USD"": ""2026-10-08T09:27:48.882969+00:00"", ""XAU_USD"": ""2026-10-08T09:27:48.201287+00:00"", ""EUR_USD"": ""2026-10-08T08:09:54.112934+00:00""}"
2026-10-08,16,455.9073,"{""GBP_USD"": ""2026-10-08T09:27:48.882969+00:00"", ""XAU_USD"": ""2026-10-08T09:27:48.201287+00:00"", ""EUR_USD"": ""2026-10-08T08:09:54.112934+00:00""}"
2026-10-08,17,455.9073,"{""GBP_USD"": ""2026-10-08T09:27:48.882969+00:00"", ""XAU_USD"": ""2026-10-08T09:27:48.201287+00:00"", ""EUR_USD"": ""2026-10-08T10:43:59.818279+00:00""}"
2026-10-08,18,455.9073,"{""GBP_USD"": ""2026-10-08T10:59:37.627147+00:00"", ""XAU_USD"": ""2026-10-08T09:27:48.201287+00:00"", ""EUR_USD"": ""2026-10-08T10:43:59.818279+00:00""}"
2026-10-08,18,455.9073,"{""GBP_USD"": ""2026-10-08T10:59:37.627147+00:00"", ""XAU_USD"": ""2026-10-08T09:27:48.201287+00:00"", ""EUR_USD"": ""2026-10-08T10:43:59.818279+00:00""}"
2026-10-08,18,455.9073,"{""GBP_USD"": ""2026-10-08T10:59:37.627147+00:00"", ""XAU_USD"": ""2026-10-08T09:27:48.201287+00:00"", ""EUR_USD"": ""2026-10-08T10:43:59.818279+00:00""}"
2026-10-08,18,455.9073,"{""GBP_USD"": ""2026-10-08T10:59:37.627147+00:00"", ""XAU_USD"": ""2026-10-08T09:27:48.201287+00:00"", ""EUR_USD"": ""2026-10-08T10:43:59.818279+00:00""}"
2026-10-08,19,455.9073,"{""GBP_USD"": ""2026-10-08T12:12:47.719538+00:00"", ""XAU_USD"": ""2026-10-08T09:27:48.201287+00:00"", ""EUR_USD"": ""2026-10-08T10:43:59.818279+00:00""}"
2026-10-08,21,455.9073,"{""GBP_USD"": ""2026-10-08T12:40:48.488390+00:00"", ""XAU_USD"": ""2026-10-08T09:27:48.201287+00:00"", ""EUR_USD"": ""2026-10-08T12:40:47.564254+00:00""}"
2026-10-08,22,455.9073,"{""GBP_USD"": ""2026-10-08T13:03:10.579264+00:00"", ""XAU_USD"": ""2026-10-08T09:27:48.201287+00:00"", ""EUR_USD"": ""2026-10-08T12:40:47.564254+00:00""}"
2026-10-08,22,455.9073,"{""GBP_USD"": ""2026-10-08T13:03:10.579264+00:00"", ""XAU_USD"": ""2026-10-08T09:27:48.201287+00:00"", ""EUR_USD"": ""2026-10-08T12:40:47.564254+00:00""}"
2026-10-08,23,455.9073,"{""GBP_USD"": ""2026-10-08T13:03:10.579264+00:00"", ""XAU_USD"": ""2026-10-08T09:27:48.201287+00:00"", ""EUR_USD"": ""2026-10-08T13:46:28.811203+00:00""}"
2026-10-08,24,455.9073,"{""GBP_USD"": ""2026-10-08T13:03:10.579264+00:00"", ""XAU_USD"": ""2026-10-08T09:27:48.201287+00:00"", ""EUR_USD"": ""2026-10-08T14:02:37.640454+00:00""}"
2026-10-08,26,455.9073,"{""GBP_USD"": ""2026-10-08T14:25:38.785341+00:00"", ""XAU_USD"": ""2026-10-08T09:27:48.201287+00:00"", ""EUR_USD"": ""2026-10-08T14:25:38.407982+00:00""}"
2026-10-08,29,455.9073,"{""GBP_USD"": ""2026-10-08T14:45:57.431644+00:00"", ""XAU_USD"": ""2026-10-08T14:45:56.568819+00:00"", ""EUR_USD"": ""2026-10-08T14:45:57.036800+00:00""}"
2026-10-08,29,455.9073,"{""GBP_USD"": ""2026-10-08T14:45:57.431644+00:00"", ""XAU_USD"": ""2026-10-08T14:45:56.568819+00:00"", ""EUR_USD"": ""2026-10-08T14:45:57.036800+00:00""}"
2026-10-08,30,455.9073,"{""GBP_USD"": ""2026-10-08T14:45:57.431644+00:00"", ""XAU_USD"": ""2026-10-08T15:24:33.895379+00:00"", ""EUR_USD"": ""2026-10-08T14:45:57.036800+00:00""}"
2026-10-08,30,455.9073,"{""GBP_USD"": ""2026-10-08T14:45:57.431644+00:00"", ""XAU_USD"": ""2026-10-08T15:24:33.895379+00:00"", ""EUR_USD"": ""2026-10-08T14:45:57.036800+00:00""}"
2026-10-08,30,455.9073,"{""GBP_USD"": ""2026-10-08T14:45:57.431644+00:00"", ""XAU_USD"": ""2026-10-08T15:24:33.895379+00:00"", ""EUR_USD"": ""2026-10-08T14:45:57.036800+00:00""}"
2026-10-08,30,455.9073,"{""GBP_USD"": ""2026-10-08T14:45:57.431644+00:00"", ""XAU_USD"": ""2026-10-08T15:24:33.895379+00:00"", ""EUR_USD"": ""2026-10-08T14:45:57.036800+00:00""}"
2026-10-08,30,455.9073,"{""GBP_USD"": ""2026-10-08T14:45:57.431644+00:00"", ""XAU_USD"": ""2026-10-08T15:24:33.895379+00:00"", ""EUR_USD"": ""2026-10-08T14:45:57.036800+00:00""}"
2026-10-08,30,455.9073,"{""GBP_USD"": ""2026-10-08T14:45:57.431644+00:00"", ""XAU_USD"": ""2026-10-08T15:24:33.895379+00:00"", ""EUR_USD"": ""2026-10-08T14:45:57.036800+00:00""}"
2026-10-08,30,455.9073,"{""GBP_USD"": ""2026-10-08T14:45:57.431644+00:00"", ""XAU_USD"": ""2026-10-08T15:24:33.895379+00:00"", ""EUR_USD"": ""2026-10-08T14:45:57.036800+00:00""}"
2026-10-08,30,455.9073,"{""GBP_USD"": ""2026-10-08T14:45:57.431644+00:00"", ""XAU_USD"": ""2026-10-08T15:24:33.895379+00:00"", ""EUR_USD"": ""2026-10-08T14:45:57.036800+00:00""}"
2026-10-08,30,455.9073,"{""GBP_USD"": ""2026-10-08T14:45:57.431644+00:00"", ""XAU_USD"": ""2026-10-08T15:24:33.895379+00:00"", ""EUR_USD"": ""2026-10-08T14:45:57.036800+00:00""}"
2026-10-08,30,455.9073,"{""GBP_USD"": ""2026-10-08T14:45:57.431644+00:00"", ""XAU_USD"": ""2026-10-08T15:24:33.895379+00:00"", ""EUR_USD"": ""2026-10-08T14:45:57.036800+00:00""}"
2026-10-08,30,455.9073,"{""GBP_USD"": ""2026-10-08T14:45:57.431644+00:00"", ""XAU_USD"": ""2026-10-08T15:24:33.895379+00:00"", ""EUR_USD"": ""2026-10-08T14:45:57.036800+00:00""}"
2026-10-08,30,455.9073,"{""GBP_USD"": ""2026-10-08T14:45:57.431644+00:00"", ""XAU_USD"": ""2026-10-08T15:24:33.895379+00:00"", ""EUR_USD"": ""2026-10-08T14:45:57.036800+00:00""}"
2026-10-08,30,455.9073,"{""GBP_USD"": ""2026-10-08T14:45:57.431644+00:00"", ""XAU_USD"": ""2026-10-08T15:24:33.895379+00:00"", ""EUR_USD"": ""2026-10-08T14:45:57.036800+00:00""}"
2026-10-08,30,455.9073,"{""GBP_USD"": ""2026-10-08T14:45:57.431644+00:00"", ""XAU_USD"": ""2026-10-08T15:24:33.895379+00:00"", ""EUR_USD"": ""2026-10-08T14:45:57.036800+00:00""}"
2026-10-08,30,455.9073,"{""GBP_USD"": ""2026-10-08T14:45:57.431644+00:00"", ""XAU_USD"": ""2026-10-08T15:24:33.895379+00:00"", ""EUR_USD"": ""2026-10-08T14:45:57.036800+00:00""}"
2026-10-08,30,455.9073,"{""GBP_USD"": ""2026-10-08T14:45:57.431644+00:00"", ""XAU_USD"": ""2026-10-08T15:24:33.895379+00:00"", ""EUR_USD"": ""2026-10-08T14:45:57.036800+00:00""}"
2026-10-08,30,455.9073,"{""GBP_USD"": ""2026-10-08T14:45:57.431644+00:00"", ""XAU_USD"": ""2026-10-08T15:24:33.895379+00:00"", ""EUR_USD"": ""2026-10-08T14:45:57.036800+00:00""}"
2026-10-08,30,455.9073,"{""GBP_USD"": ""2026-10-08T14:45:57.431644+00:00"", ""XAU_USD"": ""2026-10-08T15:24:33.895379+00:00"", ""EUR_USD"": ""2026-10-08T14:45:57.036800+00:00""}"
2026-10-08,30,455.9073,"{""GBP_USD"": ""2026-10-08T14:45:57.431644+00:00"", ""XAU_USD"": ""2026-10-08T15:24:33.895379+00:00"", ""EUR_USD"": ""2026-10-08T14:45:57.036800+00:00""}"
2026-10-08,30,455.9073,"{""GBP_USD"": ""2026-10-08T14:45:57.431644+00:00"", ""XAU_USD"": ""2026-10-08T15:24:33.895379+00:00"", ""EUR_USD"": ""2026-10-08T14:45:57.036800+00:00""}"
2026-10-08,30,455.9073,"{""GBP_USD"": ""2026-10-08T14:45:57.431644+00:00"", ""XAU_USD"": ""2026-10-08T15:24:33.895379+00:00"", ""EUR_USD"": ""2026-10-08T14:45:57.036800+00:00""}"
2026-10-08,30,455.9073,"{""GBP_USD"": ""2026-10-08T14:45:57.431644+00:00"", ""XAU_USD"": ""2026-10-08T15:24:33.895379+00:00"", ""EUR_USD"": ""2026-10-08T14:45:57.036800+00:00""}"
2026-10-08,30,455.9073,"{""GBP_USD"": ""2026-10-08T14:45:57.431644+00:00"", ""XAU_USD"": ""2026-10-08T15:24:33.895379+00:00"", ""EUR_USD"": ""2026-10-08T14:45:57.036800+00:00""}"
2026-10-08,30,455.9073,"{""GBP_USD"": ""2026-10-08T14:45:57.431644+00:00"", ""XAU_USD"": ""2026-10-08T15:24:33.895379+00:00"", ""EUR_USD"": ""2026-10-08T14:45:57.036800+00:00""}"
2026-10-08,30,455.9073,"{""GBP_USD"": ""2026-10-08T14:45:57.431644+00:00"", ""XAU_USD"": ""2026-10-08T15:24:33.895379+00:00"", ""EUR_USD"": ""2026-10-08T14:45:57.036800+00:00""}"
2026-10-08,30,455.9073,"{""GBP_USD"": ""2026-10-08T14:45:57.431644+00:00"", ""XAU_USD"": ""2026-10-08T15:24:33.895379+00:00"", ""EUR_USD"": ""2026-10-08T14:45:57.036800+00:00""}"
2026-10-08,30,455.9073,"{""GBP_USD"": ""2026-10-08T14:45:57.431644+00:00"", ""XAU_USD"": ""2026-10-08T15:24:33.895379+00:00"", ""EUR_USD"": ""2026-10-08T14:45:57.036800+00:00""}"
2026-10-08,30,455.9073,"{""GBP_USD"": ""2026-10-08T14:45:57.431644+00:00"", ""XAU_USD"": ""2026-10-08T15:24:33.895379+00:00"", ""EUR_USD"": ""2026-10-08T14:45:57.036800+00:00""}"
2026-10-08,30,455.9073,"{""GBP_USD"": ""2026-10-08T14:45:57.431644+00:00"", ""XAU_USD"": ""2026-10-08T15:24:33.895379+00:00"", ""EUR_USD"": ""2026-10-08T14:45:57.036800+00:00""}"
2026-10-09,2,415.235,"{""XAU_USD"": ""2026-10-09T00:35:50.450964+00:00"", ""GBP_USD"": ""2026-10-09T00:35:51.729032+00:00""}"
2026-10-09,2,415.235,"{""XAU_USD"": ""2026-10-09T00:35:50.450964+00:00"", ""GBP_USD"": ""2026-10-09T00:35:51.729032+00:00""}"
2026-10-09,2,415.235,"{""XAU_USD"": ""2026-10-09T00:35:50.450964+00:00"", ""GBP_USD"": ""2026-10-09T00:35:51.729032+00:00""}"
2026-10-09,3,415.235,"{""XAU_USD"": ""2026-10-09T01:40:56.506898+00:00"", ""GBP_USD"": ""2026-10-09T00:35:51.729032+00:00""}"
2026-10-09,5,415.235,"{""XAU_USD"": ""2026-10-09T01:40:56.506898+00:00"", ""GBP_USD"": ""2026-10-09T01:57:26.621272+00:00"", ""EUR_USD"": ""2026-10-09T01:57:26.404416+00:00""}"
2026-10-09,7,415.235,"{""XAU_USD"": ""2026-10-09T01:40:56.506898+00:00"", ""GBP_USD"": ""2026-10-09T02:14:41.693694+00:00"", ""EUR_USD"": ""2026-10-09T02:14:41.370775+00:00""}"
2026-10-09,7,415.235,"{""XAU_USD"": ""2026-10-09T01:40:56.506898+00:00"", ""GBP_USD"": ""2026-10-09T02:14:41.693694+00:00"", ""EUR_USD"": ""2026-10-09T02:14:41.370775+00:00""}"
2026-10-09,7,415.235,"{""XAU_USD"": ""2026-10-09T01:40:56.506898+00:00"", ""GBP_USD"": ""2026-10-09T02:14:41.693694+00:00"", ""EUR_USD"": ""2026-10-09T02:14:41.370775+00:00""}"
2026-10-09,7,415.235,"{""XAU_USD"": ""2026-10-09T01:40:56.506898+00:00"", ""GBP_USD"": ""2026-10-09T02:14:41.693694+00:00"", ""EUR_USD"": ""2026-10-09T02:14:41.370775+00:00""}"
2026-10-09,7,415.235,"{""XAU_USD"": ""2026-10-09T01:40:56.506898+00:00"", ""GBP_USD"": ""2026-10-09T02:14:41.693694+00:00"", ""EUR_USD"": ""2026-10-09T02:14:41.370775+00:00""}"
2026-10-09,7,415.235,"{""XAU_USD"": ""2026-10-09T01:40:56.506898+00:00"", ""GBP_USD"": ""2026-10-09T02:14:41.693694+00:00"", ""EUR_USD"": ""2026-10-09T02:14:41.370775+00:00""}"
2026-10-09,7,415.235,"{""XAU_USD"": ""2026-10-09T01:40:56.506898+00:00"", ""GBP_USD"": ""2026-10-09T02:14:41.693694+00:00"", ""EUR_USD"": ""2026-10-09T02:14:41.370775+00:00""}"
2026-10-09,7,415.235,"{""XAU_USD"": ""2026-10-09T01:40:56.506898+00:00"", ""GBP_USD"": ""2026-10-09T02:14:41.693694+00:00"", ""EUR_USD"": ""2026-10-09T02:14:41.370775+00:00""}"
2026-10-09,7,415.235,"{""XAU_USD"": ""2026-10-09T01:40:56.506898+00:00"", ""GBP_USD"": ""2026-10-09T02:14:41.693694+00:00"", ""EUR_USD"": ""2026-10-09T02:14:41.370775+00:00""}"
2026-10-09,7,415.235,"{""XAU_USD"": ""2026-10-09T01:40:56.506898+00:00"", ""GBP_USD"": ""2026-10-09T02:14:41.693694+00:00"", ""EUR_USD"": ""2026-10-09T02:14:41.370775+00:00""}"
2026-10-09,7,415.235,"{""XAU_USD"": ""2026-10-09T01:40:56.506898+00:00"", ""GBP_USD"": ""2026-10-09T02:14:41.693694+00:00"", ""EUR_USD"": ""2026-10-09T02:14:41.370775+00:00""}"
2026-10-09,7,415.235,"{""XAU_USD"": ""2026-10-09T01:40:56.506898+00:00"", ""GBP_USD"": ""2026-10-09T02:14:41.693694+00:00"", ""EUR_USD"": ""2026-10-09T02:14:41.370775+00:00""}"
2026-10-09,8,415.235,"{""XAU_USD"": ""2026-10-09T01:40:56.506898+00:00"", ""GBP_USD"": ""2026-10-09T02:14:41.693694+00:00"", ""EUR_USD"": ""2026-10-09T05:51:46.175623+00:00""}"
2026-10-09,10,415.235,"{""XAU_USD"": ""2026-10-09T06:05:01.962812+00:00"", ""GBP_USD"": ""2026-10-09T02:14:41.693694+00:00"", ""EUR_USD"": ""2026-10-09T06:05:02.392653+00:00""}"
2026-10-09,12,415.235,"{""XAU_USD"": ""2026-10-09T06:05:01.962812+00:00"", ""GBP_USD"": ""2026-10-09T06:31:10.539059+00:00"", ""EUR_USD"": ""2026-10-09T06:31:09.993613+00:00""}"
2026-10-09,12,415.235,"{""XAU_USD"": ""2026-10-09T06:05:01.962812+00:00"", ""GBP_USD"": ""2026-10-09T06:31:10.539059+00:00"", ""EUR_USD"": ""2026-10-09T06:31:09.993613+00:00""}"
2026-10-09,13,415.235,"{""XAU_USD"": ""2026-10-09T06:05:01.962812+00:00"", ""GBP_USD"": ""2026-10-09T07:15:54.477120+00:00"", ""EUR_USD"": ""2026-10-09T06:31:09.993613+00:00""}"
2026-10-09,13,415.235,"{""XAU_USD"": ""2026-10-09T06:05:01.962812+00:00"", ""GBP_USD"": ""2026-10-09T07:15:54.477120+00:00"", ""EUR_USD"": ""2026-10-09T06:31:09.993613+00:00""}"
2026-10-09,13,415.235,"{""XAU_USD"": ""2026-10-09T06:05:01.962812+00:00"", ""GBP_USD"": ""2026-10-09T07:15:54.477120+00:00"", ""EUR_USD"": ""2026-10-09T06:31:09.993613+00:00""}"
2026-10-09,13,415.235,"{""XAU_USD"": ""2026-10-09T06:05:01.962812+00:00"", ""GBP_USD"": ""2026-10-09T07:15:54.477120+00:00"", ""EUR_USD"": ""2026-10-09T06:31:09.993613+00:00""}"
2026-10-09,13,415.235,"{""XAU_USD"": ""2026-10-09T06:05:01.962812+00:00"", ""GBP_USD"": ""2026-10-09T07:15:54.477120+00:00"", ""EUR_USD"": ""2026-10-09T06:31:09.993613+00:00""}"
2026-10-09,13,415.235,"{""XAU_USD"": ""2026-10-09T06:05:01.962812+00:00"", ""GBP_USD"": ""2026-10-09T07:15:54.477120+00:00"", ""EUR_USD"": ""2026-10-09T06:31:09.993613+00:00""}"
2026-10-09,14,415.235,"{""XAU_USD"": ""2026-10-09T06:05:01.962812+00:00"", ""GBP_USD"": ""2026-10-09T07:15:54.477120+00:00"", ""EUR_USD"": ""2026-10-09T09:08:38.058920+00:00""}"
2026-10-09,14,415.235,"{""XAU_USD"": ""2026-10-09T06:05:01.962812+00:00"", ""GBP_USD"": ""2026-10-09T07:15:54.477120+00:00"", ""EUR_USD"": ""2026-10-09T09:08:38.058920+00:00""}"
2026-10-09,14,415.235,"{""XAU_USD"": ""2026-10-09T06:05:01.962812+00:00"", ""GBP_USD"": ""2026-10-09T07:15:54.477120+00:00"", ""EUR_USD"": ""2026-10-09T09:08:38.058920+00:00""}"
2026-10-09,15,415.235,"{""XAU_USD"": ""2026-10-09T06:05:01.962812+00:00"", ""GBP_USD"": ""2026-10-09T10:03:42.687703+00:00"", ""EUR_USD"": ""2026-10-09T09:08:38.058920+00:00""}"
2026-10-09,15,415.235,"{""XAU_USD"": ""2026-10-09T06:05:01.962812+00:00"", ""GBP_USD"": ""2026-10-09T10:03:42.687703+00:00"", ""EUR_USD"": ""2026-10-09T09:08:38.058920+00:00""}"
2026-10-09,15,415.235,"{""XAU_USD"": ""2026-10-09T06:05:01.962812+00:00"", ""GBP_USD"": ""2026-10-09T10:03:42.687703+00:00"", ""EUR_USD"": ""2026-10-09T09:08:38.058920+00:00""}"
2026-10-09,15,415.235,"{""XAU_USD"": ""2026-10-09T06:05:01.962812+00:00"", ""GBP_USD"": ""2026-10-09T10:03:42.687703+00:00"", ""EUR_USD"": ""2026-10-09T09:08:38.058920+00:00""}"
2026-10-09,15,415.235,"{""XAU_USD"": ""2026-10-09T06:05:01.962812+00:00"", ""GBP_USD"": ""2026-10-09T10:03:42.687703+00:00"", ""EUR_USD"": ""2026-10-09T09:08:38.058920+00:00""}"
2026-10-09,15,415.235,"{""XAU_USD"": ""2026-10-09T06:05:01.962812+00:00"", ""GBP_USD"": ""2026-10-09T10:03:42.687703+00:00"", ""EUR_USD"": ""2026-10-09T09:08:38.058920+00:00""}"
2026-10-09,15,415.235,"{""XAU_USD"": ""2026-10-09T06:05:01.962812+00:00"", ""GBP_USD"": ""2026-10-09T10:03:42.687703+00:00"", ""EUR_USD"": ""2026-10-09T09:08:38.058920+00:00""}"
2026-10-09,15,415.235,"{""XAU_USD"": ""2026-10-09T06:05:01.962812+00:00"", ""GBP_USD"": ""2026-10-09T10:03:42.687703+00:00"", ""EUR_USD"": ""2026-10-09T09:08:38.058920+00:00""}"
2026-10-09,17,415.235,"{""XAU_USD"": ""2026-10-09T12:30:30.992232+00:00"", ""GBP_USD"": ""2026-10-09T12:30:36.978491+00:00"", ""EUR_USD"": ""2026-10-09T09:08:38.058920+00:00""}"
2026-10-09,19,415.235,"{""XAU_USD"": ""2026-10-09T12:55:07.800235+00:00"", ""GBP_USD"": ""2026-10-09T12:30:36.978491+00:00"", ""EUR_USD"": ""2026-10-09T12:55:08.271154+00:00""}"
2026-10-09,19,415.235,"{""XAU_USD"": ""2026-10-09T12:55:07.800235+00:00"", ""GBP_USD"": ""2026-10-09T12:30:36.978491+00:00"", ""EUR_USD"": ""2026-10-09T12:55:08.271154+00:00""}"
2026-10-09,19,415.235,"{""XAU_USD"": ""2026-10-09T12:55:07.800235+00:00"", ""GBP_USD"": ""2026-10-09T12:30:36.978491+00:00"", ""EUR_USD"": ""2026-10-09T12:55:08.271154+00:00""}"
2026-10-09,19,415.235,"{""XAU_USD"": ""2026-10-09T12:55:07.800235+00:00"", ""GBP_USD"": ""2026-10-09T12:30:36.978491+00:00"", ""EUR_USD"": ""2026-10-09T12:55:08.271154+00:00""}"
2026-10-09,21,415.235,"{""XAU_USD"": ""2026-10-09T14:36:44.116076+00:00"", ""GBP_USD"": ""2026-10-09T14:36:45.600986+00:00"", ""EUR_USD"": ""2026-10-09T12:55:08.271154+00:00""}"
2026-10-09,21,415.235,"{""XAU_USD"": ""2026-10-09T14:36:44.116076+00:00"", ""GBP_USD"": ""2026-10-09T14:36:45.600986+00:00"", ""EUR_USD"": ""2026-10-09T12:55:08.271154+00:00""}"
2026-10-09,21,415.235,"{""XAU_USD"": ""2026-10-09T14:36:44.116076+00:00"", ""GBP_USD"": ""2026-10-09T14:36:45.600986+00:00"", ""EUR_USD"": ""2026-10-09T12:55:08.271154+00:00""}"
2026-10-09,21,415.235,"{""XAU_USD"": ""2026-10-09T14:36:44.116076+00:00"", ""GBP_USD"": ""2026-10-09T14:36:45.600986+00:00"", ""EUR_USD"": ""2026-10-09T12:55:08.271154+00:00""}"
2026-10-09,21,415.235,"{""XAU_USD"": ""2026-10-09T14:36:44.116076+00:00"", ""GBP_USD"": ""2026-10-09T14:36:45.600986+00:00"", ""EUR_USD"": ""2026-10-09T12:55:08.271154+00:00""}"
2026-10-09,21,415.235,"{""XAU_USD"": ""2026-10-09T14:36:44.116076+00:00"", ""GBP_USD"": ""2026-10-09T14:36:45.600986+00:00"", ""EUR_USD"": ""2026-10-09T12:55:08.271154+00:00""}"
2026-10-09,21,415.235,"{""XAU_USD"": ""2026-10-09T14:36:44.116076+00:00"", ""GBP_USD"": ""2026-10-09T14:36:45.600986+00:00"", ""EUR_USD"": ""2026-10-09T12:55:08.271154+00:00""}"
2026-10-09,21,415.235,"{""XAU_USD"": ""2026-10-09T14:36:44.116076+00:00"", ""GBP_USD"": ""2026-10-09T14:36:45.600986+00:00"", ""EUR_USD"": ""2026-10-09T12:55:08.271154+00:00""}"
2026-10-09,21,415.235,"{""XAU_USD"": ""2026-10-09T14:36:44.116076+00:00"", ""GBP_USD"": ""2026-10-09T14:36:45.600986+00:00"", ""EUR_USD"": ""2026-10-09T12:55:08.271154+00:00""}"
2026-10-09,21,415.235,"{""XAU_USD"": ""2026-10-09T14:36:44.116076+00:00"", ""GBP_USD"": ""2026-10-09T14:36:45.600986+00:00"", ""EUR_USD"": ""2026-10-09T12:55:08.271154+00:00""}"
2026-10-09,21,415.235,"{""XAU_USD"": ""2026-10-09T14:36:44.116076+00:00"", ""GBP_USD"": ""2026-10-09T14:36:45.600986+00:00"", ""EUR_USD"": ""2026-10-09T12:55:08.271154+00:00""}"
2026-10-09,21,415.235,"{""XAU_USD"": ""2026-10-09T14:36:44.116076+00:00"", ""GBP_USD"": ""2026-10-09T14:36:45.600986+00:00"", ""EUR_USD"": ""2026-10-09T12:55:08.271154+00:00""}"
2026-10-09,21,415.235,"{""XAU_USD"": ""2026-10-09T14:36:44.116076+00:00"", ""GBP_USD"": ""2026-10-09T14:36:45.600986+00:00"", ""EUR_USD"": ""2026-10-09T12:55:08.271154+00:00""}"
2026-10-09,21,415.235,"{""XAU_USD"": ""2026-10-09T14:36:44.116076+00:00"", ""GBP_USD"": ""2026-10-09T14:36:45.600986+00:00"", ""EUR_USD"": ""2026-10-09T12:55:08.271154+00:00""}"
2026-10-09,22,415.235,"{""XAU_USD"": ""2026-10-09T14:36:44.116076+00:00"", ""GBP_USD"": ""2026-10-09T18:52:08.296143+00:00"", ""EUR_USD"": ""2026-10-09T12:55:08.271154+00:00""}"
2026-10-09,22,415.235,"{""XAU_USD"": ""2026-10-09T14:36:44.116076+00:00"", ""GBP_USD"": ""2026-10-09T18:52:08.296143+00:00"", ""EUR_USD"": ""2026-10-09T12:55:08.271154+00:00""}"
2026-10-09,23,415.235,"{""XAU_USD"": ""2026-10-09T14:36:44.116076+00:00"", ""GBP_USD"": ""2026-10-09T18:52:08.296143+00:00"", ""EUR_USD"": ""2026-10-09T19:22:36.248194+00:00""}"
2026-10-09,24,415.235,"{""XAU_USD"": ""2026-10-09T14:36:44.116076+00:00"", ""GBP_USD"": ""2026-10-09T18:52:08.296143+00:00"", ""EUR_USD"": ""2026-10-09T19:39:31.464481+00:00""}"
2026-10-09,25,415.235,"{""XAU_USD"": ""2026-10-09T14:36:44.116076+00:00"", ""GBP_USD"": ""2026-10-09T18:52:08.296143+00:00"", ""EUR_USD"": ""2026-10-09T19:53:27.927558+00:00""}"
2026-10-09,25,415.235,"{""XAU_USD"": ""2026-10-09T14:36:44.116076+00:00"", ""GBP_USD"": ""2026-10-09T18:52:08.296143+00:00"", ""EUR_USD"": ""2026-10-09T19:53:27.927558+00:00""}"
2026-10-09,25,415.235,"{""XAU_USD"": ""2026-10-09T14:36:44.116076+00:00"", ""GBP_USD"": ""2026-10-09T18:52:08.296143+00:00"", ""EUR_USD"": ""2026-10-09T19:53:27.927558+00:00""}"
2026-10-09,25,415.235,"{""XAU_USD"": ""2026-10-09T14:36:44.116076+00:00"", ""GBP_USD"": ""2026-10-09T18:52:08.296143+00:00"", ""EUR_USD"": ""2026-10-09T19:53:27.927558+00:00""}"
2026-10-09,25,415.235,"{""XAU_USD"": ""2026-10-09T14:36:44.116076+00:00"", ""GBP_USD"": ""2026-10-09T18:52:08.296143+00:00"", ""EUR_USD"": ""2026-10-09T19:53:27.927558+00:00""}"
2026-10-09,25,415.235,"{""XAU_USD"": ""2026-10-09T14:36:44.116076+00:00"", ""GBP_USD"": ""2026-10-09T18:52:08.296143+00:00"", ""EUR_USD"": ""2026-10-09T19:53:27.927558+00:00""}"
2026-10-09,25,415.235,"{""XAU_USD"": ""2026-10-09T14:36:44.116076+00:00"", ""GBP_USD"": ""2026-10-09T18:52:08.296143+00:00"", ""EUR_USD"": ""2026-10-09T19:53:27.927558+00:00""}"
2026-10-09,25,415.235,"{""XAU_USD"": ""2026-10-09T14:36:44.116076+00:00"", ""GBP_USD"": ""2026-10-09T18:52:08.296143+00:00"", ""EUR_USD"": ""2026-10-09T19:53:27.927558+00:00""}"
2026-10-09,25,415.235,"{""XAU_USD"": ""2026-10-09T14:36:44.116076+00:00"", ""GBP_USD"": ""2026-10-09T18:52:08.296143+00:00"", ""EUR_USD"": ""2026-10-09T19:53:27.927558+00:00""}"
2026-10-09,25,415.235,"{""XAU_USD"": ""2026-10-09T14:36:44.116076+00:00"", ""GBP_USD"": ""2026-10-09T18:52:08.296143+00:00"", ""EUR_USD"": ""2026-10-09T19:53:27.927558+00:00""}"
2026-10-10,0,410.3648,{}
2026-10-10,0,410.3648,{}
2026-10-10,0,410.3648,{}
2026-10-10,0,410.3648,{}
2026-10-10,0,410.3648,{}
2026-10-10,0,410.3648,{}
2026-10-10,0,410.3648,{}
2026-10-10,0,410.3648,{}
2026-10-10,0,410.3648,{}
2026-10-10,0,410.3648,{}
2026-10-10,0,410.3648,{}
2026-10-10,0,410.3648,{}
2026-10-10,0,410.3648,{}
2026-10-10,0,410.3648,{}
2026-10-10,0,410.3648,{}
2026-10-10,0,410.3648,{}
2026-10-10,0,410.3648,{}
2026-10-10,0,410.3648,{}
2026-10-10,0,410.3648,{}
2026-10-10,0,410.3648,{}
2026-10-10,0,410.3648,{}
2026-10-10,0,410.3648,{}
2026-10-10,0,410.3648,{}
2026-10-10,0,410.3648,{}
2026-10-10,0,410.3648,{}
2026-10-10,0,410.3648,{}
2026-10-10,0,410.3648,{}
2026-10-10,0,410.3648,{}
2026-10-10,0,410.3648,{}
2026-10-10,0,410.3648,{}
2026-10-10,0,410.3648,{}
2026-10-10,0,410.3648,{}
2026-10-10,0,410.3648,{}
2026-10-10,0,410.3648,{}
2026-10-10,0,410.3648,{}
2026-10-10,0,410.3648,{}
2026-10-10,0,410.3648,{}
2026-10-10,0,410.3648,{}
2026-10-10,0,410.3648,{}
2026-10-10,0,410.3648,{}
